title,price,shop,link,image,page
3件|蕉内银皮301P男士平角内裤莫代尔纯棉透气裆冰丝四角短裤男生,89.00,9年老店Bananain蕉内旗舰店,https://detail.tmall.com/item.htm?id=546670945516,https://gw.alicdn.com/imgextra/O1CN01K9aJs41Y2VjqxtTHs_!!3035493001-0-yinheaigc.jpg,1
3件|蕉内凉皮311CA男士冰丝内裤莫代尔纯棉透气裆四角短裤男生,198.00,9年老店Bananain蕉内旗舰店,https://detail.tmall.com/item.htm?id=644189215978,https://gw.alicdn.com/imgextra/O1CN01xCd9861Y2VjpP5d4H_!!3035493001.jpg,1
蕉内凉皮3系男士直筒长裤冰丝速干裤运动裤休闲裤夏季防晒薄裤子,199.00,9年老店Bananain蕉内旗舰店,https://detail.tmall.com/item.htm?id=1020289840560,https://g-search3.alicdn.com/img/bao/uploaded/i4/i3/3035493001/O1CN01SrSyBe1Y2VjoLD7rp_!!3035493001.jpg,1
冰丝透气|蕉内凉皮302Cool男士短袜吸汗运动防臭船袜夏季薄款袜子,59.00,9年老店Bananain蕉内旗舰店,https://detail.tmall.com/item.htm?id=698040494054,https://g-search2.alicdn.com/img/bao/uploaded/i4/i3/3035493001/O1CN012ZgJHx1Y2Vjol7VEl_!!3035493001.jpg,1
10A抗菌|蕉内银皮301S袜子男中筒袜吸汗防臭运动短袜春夏船袜棉袜,69.00,9年老店Bananain蕉内旗舰店,https://detail.tmall.com/item.htm?id=685087127547,https://g-search2.alicdn.com/img/bao/uploaded/i4/i1/3035493001/O1CN017qOWUb1Y2VjpOrjS6_!!3035493001.jpg,1
蕉内棉棉506Sleep家居服套装男士莫代尔冰丝女款夏季新款深睡睡衣,299.00,9年老店Bananain蕉内旗舰店,https://detail.tmall.com/item.htm?id=638015547996,https://g-search3.alicdn.com/img/bao/uploaded/i4/i2/3035493001/O1CN01g2T3VK1Y2VjpaLtiL_!!3035493001.jpg,1
蕉内棉棉305Home男士家居裤短裤长裤女款夏季情侣2026新款睡裤,129.00,9年老店Bananain蕉内旗舰店,https://detail.tmall.com/item.htm?id=696772454110,https://gw.alicdn.com/imgextra/O1CN01EZDoh81Y2VjpW8fec_!!3035493001-0-yinheaigc.jpg,1
蕉内棉棉300Sleep女士睡衣带杯莫代尔吊带新款带胸垫睡裙女款夏,199.00,9年老店Bananain蕉内旗舰店,https://detail.tmall.com/item.htm?id=638075107463,https://gw.alicdn.com/imgextra/O1CN01SjjKqA1Y2VjpAdXHR_!!3035493001.jpg,1
蕉内舒服蕾303A美背性感内衣女薄款蕾丝文胸法式三角杯细肩带胸罩,99.00,9年老店Bananain蕉内旗舰店,https://detail.tmall.com/item.htm?id=773163989648,https://g-search3.alicdn.com/img/bao/uploaded/i4/i4/3035493001/O1CN01752f2n1Y2VjpUZNZ8_!!3035493001.jpg,1
蕉内凉皮303Cool男士速干裤冰丝锥形休闲长裤运动裤夏季直筒裤子,199.00,9年老店Bananain蕉内旗舰店,https://detail.tmall.com/item.htm?id=886857696504,https://g-search2.alicdn.com/img/bao/uploaded/i4/i2/3035493001/O1CN01BlzX551Y2VjpFYAXI_!!3035493001.jpg,1
3件|蕉内银皮300S女士内裤纯棉透气裆莫代尔短裤低腰高级三角裤女,69.00,9年老店Bananain蕉内旗舰店,https://detail.tmall.com/item.htm?id=637741706744,https://g-search2.alicdn.com/img/bao/uploaded/i4/i4/3035493001/O1CN01PRAdGh1Y2VjpT98Tl_!!3035493001.jpg,1
蕉内凉皮502Cool男士速干透气短袖机能POLO衫凉感防晒T恤上衣新款,259.00,9年老店Bananain蕉内旗舰店,https://detail.tmall.com/item.htm?id=1026273678951,https://g-search1.alicdn.com/img/bao/uploaded/i4/i4/3035493001/O1CN01dxpX521Y2VjpFX1qP_!!3035493001.jpg,1
3件|蕉内银皮508A女士内裤纯棉透气裆无痕隐形健身瑜伽三角裤新款,139.00,9年老店Bananain蕉内旗舰店,https://detail.tmall.com/item.htm?id=637744410905,https://g-search3.alicdn.com/img/bao/uploaded/i4/i3/3035493001/O1CN01Ly0tfU1Y2VjqxpRjj_!!3035493001.jpg,1
3件|蕉内银皮511S男士内裤条纹款纯棉透气裆平角四角短裤高档男生,139.00,9年老店Bananain蕉内旗舰店,https://detail.tmall.com/item.htm?id=979699789561,https://g-search2.alicdn.com/img/bao/uploaded/i4/i1/3035493001/O1CN01cQW5vR1Y2VjpT90Dn_!!3035493001.jpg,1
3件|蕉内银皮300S平角内裤男士纯棉透气裆裤衩四角短裤男生,79.00,9年老店Bananain蕉内旗舰店,https://detail.tmall.com/item.htm?id=846173909467,https://g-search1.alicdn.com/img/bao/uploaded/i4/i3/3035493001/O1CN01Mim9go1Y2VjpGAbMn_!!3035493001.jpg,1
蕉内舒服蕾303A文胸蕾丝美背内衣女薄款法式性感透气细肩带文胸,99.00,9年老店Bananain蕉内旗舰店,https://detail.tmall.com/item.htm?id=618254451054,https://gw.alicdn.com/imgextra/O1CN016z2FrU1Y2Vjpc4B22_!!3035493001.jpg,1
蕉内丝丝505Home男士透气格纹家居长裤情侣款冰丝2026新款女睡裤,159.00,9年老店Bananain蕉内旗舰店,https://detail.tmall.com/item.htm?id=1028075736309,https://g-search3.alicdn.com/img/bao/uploaded/i4/i2/3035493001/O1CN01DuMbEG1Y2Vjpbbe9f_!!3035493001.jpg,1
抗菌防臭|蕉内银皮500E男士袜子透气浅口隐形防滑不掉跟船袜夏薄,69.00,9年老店Bananain蕉内旗舰店,https://detail.tmall.com/item.htm?id=637415689431,https://g-search1.alicdn.com/img/bao/uploaded/i4/i1/3035493001/O1CN01OxdV7u1Y2VjpAA8Du_!!3035493001.jpg,1
【李佳琦直播间618超级尾款日】蕉内银皮500E男女士莫代尔内裤,119.00,9年老店Bananain蕉内旗舰店,https://detail.tmall.com/item.htm?id=886486639958,https://g-search3.alicdn.com/img/bao/uploaded/i4/i4/3035493001/O1CN01u1BCph1Y2VjmvP6f8_!!4611686018427384457-0-item_pic.jpg,1
蕉内凉皮501Cool中长款罗纹无袖连衣裙高弹修身显瘦凉感U领,259.00,9年老店Bananain蕉内旗舰店,https://detail.tmall.com/item.htm?id=769734869680,https://g-search2.alicdn.com/img/bao/uploaded/i4/i2/3035493001/O1CN01gggdIh1Y2VjpA9Byf_!!3035493001.jpg,1
蕉内凉皮501C凉感冰丝薄款被子A类毯子春夏季可机洗空调被夏凉被,399.00,9年老店Bananain蕉内旗舰店,https://detail.tmall.com/item.htm?id=777560637232,https://g-search1.alicdn.com/img/bao/uploaded/i4/i2/3035493001/O1CN01jOB4ev1Y2Vjpc4FBw_!!3035493001.jpg,1
3件|蕉内银皮500E女士内裤无痕透气莫代尔高腰三角裤大码收腹女,119.00,9年老店Bananain蕉内旗舰店,https://detail.tmall.com/item.htm?id=567584866056,https://gw.alicdn.com/imgextra/O1CN01dkb5ke1Y2VjpSjHwf_!!3035493001-0-yinheaigc.jpg,1
蕉内棉棉301Home家居服男士无缝背心纯色上衣老头衫大码纯棉睡衣,69.00,9年老店Bananain蕉内旗舰店,https://detail.tmall.com/item.htm?id=877932710745,https://g-search1.alicdn.com/img/bao/uploaded/i4/i2/3035493001/O1CN01uzYaVv1Y2VjpaKpDb_!!3035493001.jpg,1
3件|蕉内银皮301Pro男士莫代尔三角内裤薄大码冰丝纯棉透气裆短裤,89.00,9年老店Bananain蕉内旗舰店,https://detail.tmall.com/item.htm?id=557552371631,https://g-search3.alicdn.com/img/bao/uploaded/i4/i2/3035493001/O1CN01hghv391Y2VjpAaNtO_!!3035493001.jpg,1
蕉内511S美背内衣女小胸聚拢收副乳防下垂无痕性感透气文胸胸罩,169.00,9年老店Bananain蕉内旗舰店,https://detail.tmall.com/item.htm?id=698014770995,https://gw.alicdn.com/imgextra/O1CN01ust06r1Y2VjpUB9qQ_!!3035493001.jpg,1
【李佳琦直播间618时尚节】蕉内5系深睡系列男女士家居服,219.00,9年老店Bananain蕉内旗舰店,https://detail.tmall.com/item.htm?id=1018903762376,https://g-search1.alicdn.com/img/bao/uploaded/i4/i4/3035493001/O1CN01RFpe1r1Y2VjkRzAs6_!!4611686018427384457-0-item_pic.jpg,1
蕉内氧气501A舒服蕾内衣女花瓣杯文胸小胸聚拢性感透气蕾丝胸罩,169.00,9年老店Bananain蕉内旗舰店,https://detail.tmall.com/item.htm?id=1019914327589,https://gw.alicdn.com/imgextra/O1CN01WO2K7V1Y2VjpT7f6D_!!3035493001.jpg,1
蕉内银皮500Air男士阿罗裤莫代尔宽松纯棉透气裆冰丝睡裤短裤内裤,79.00,9年老店Bananain蕉内旗舰店,https://detail.tmall.com/item.htm?id=703990168598,https://g-search2.alicdn.com/img/bao/uploaded/i4/i2/3035493001/O1CN010U1mnQ1Y2VjpFi8XY_!!3035493001.jpg,1
抗菌速干|蕉内凉皮502CoolAir男隐形船袜吸汗防臭防滑不掉跟袜子,69.00,9年老店Bananain蕉内旗舰店,https://detail.tmall.com/item.htm?id=702711572732,https://g-search3.alicdn.com/img/bao/uploaded/i4/i1/3035493001/O1CN01DWBPkC1Y2VjpirpS6_!!3035493001.jpg,1
10A抗菌|蕉内凉皮301CoolAir女中筒袜冰丝防臭堆堆袜夏季薄袜子,69.00,9年老店Bananain蕉内旗舰店,https://detail.tmall.com/item.htm?id=889388402378,https://g-search2.alicdn.com/img/bao/uploaded/i4/i1/3035493001/O1CN01Xk2RA21Y2VjpAQRj1_!!3035493001.jpg,1
商务棉袜|蕉内银皮3系男士中筒袜吸汗防臭透气袜子西装袜黑色长袜,95.00,9年老店Bananain蕉内旗舰店,https://detail.tmall.com/item.htm?id=832155753788,https://g-search3.alicdn.com/img/bao/uploaded/i4/i3/3035493001/O1CN016xWksn1Y2VjkrS3rn_!!3035493001.jpg,1
礼盒|蕉内红色计划5系莫代尔纯棉男士内裤女士袜子本命年结婚礼物,139.00,9年老店Bananain蕉内旗舰店,https://detail.tmall.com/item.htm?id=626514144026,https://g-search2.alicdn.com/img/bao/uploaded/i4/i4/3035493001/O1CN01L7yHgD1Y2VjpAc3q9_!!3035493001.jpg,1
蕉内凉皮501Cool男士速干透气珠地插肩修身短袖机能POLO凉感t恤,259.00,9年老店Bananain蕉内旗舰店,https://detail.tmall.com/item.htm?id=1028208923542,https://g-search2.alicdn.com/img/bao/uploaded/i4/i1/3035493001/O1CN01rD3mF91Y2VjpbPjLF_!!3035493001.jpg,2
蕉内凉皮3系冰袖女冰丝透气男士户外开车骑行手套夏新款防晒袖套,39.00,9年老店Bananain蕉内旗舰店,https://detail.tmall.com/item.htm?id=701464632806,https://g-search3.alicdn.com/img/bao/uploaded/i4/i1/3035493001/O1CN01zCPom01Y2VjpP3gZ4_!!3035493001.jpg,2
蕉内凉皮505CoolAir男士速干机能伞兵裤户外运动裤健身骑行休闲裤,359.00,9年老店Bananain蕉内旗舰店,https://detail.tmall.com/item.htm?id=895907592970,https://g-search2.alicdn.com/img/bao/uploaded/i4/i3/3035493001/O1CN012zPgjL1Y2VjpE88nj_!!3035493001.jpg,2
【李佳琦直播间618玩乐一夏】蕉内3系粉底液无尺码/聚拢文胸,99.00,9年老店Bananain蕉内旗舰店,https://detail.tmall.com/item.htm?id=1030672624111,https://g-search2.alicdn.com/img/bao/uploaded/i4/i4/3035493001/O1CN01ywLKaX1Y2VjknDtKA_!!4611686018427384457-0-item_pic.jpg,2
蕉内丝丝515Home家居服冰丝长袖天丝男士2026新款情侣睡衣女款夏,359.00,9年老店Bananain蕉内旗舰店,https://detail.tmall.com/item.htm?id=876883939265,https://gw.alicdn.com/imgextra/O1CN01gwgA311Y2VjpAbSRW_!!3035493001.jpg,3
蕉内凉皮505Cool Pro女士工装短裙半身裙休闲凉感裙子女,259.00,9年老店Bananain蕉内旗舰店,https://detail.tmall.com/item.htm?id=897491673389,https://g-search1.alicdn.com/img/bao/uploaded/i4/i3/3035493001/O1CN01k0p2bj1Y2Vjpyv4ad_!!3035493001.jpg,3
冰丝透气|蕉内凉皮502Cool中筒袜男士吸汗防臭网眼运动薄袜子夏季,69.00,9年老店Bananain蕉内旗舰店,https://detail.tmall.com/item.htm?id=698066450866,https://g-search3.alicdn.com/img/bao/uploaded/i4/i3/3035493001/O1CN018qCWx21Y2Vjomwd2C_!!3035493001.jpg,3
Gemini 3pro ultra香蕉2nano banana 会员套餐国内直登直连不限速,1.60,回头客1万叮当站旗舰店,https://detail.tmall.com/item.htm?id=1052400315906,https://g-search3.alicdn.com/img/bao/uploaded/i4/i3/2219899877342/O1CN01tGjsLX246h3d7IgiM_!!4611686018427385822-0-item_pic.jpg,4
蕉内丝丝520Home男士家居服套装冰丝长袖凉感男款2026新款睡衣夏,329.00,9年老店Bananain蕉内旗舰店,https://detail.tmall.com/item.htm?id=697668805900,https://g-search2.alicdn.com/img/bao/uploaded/i4/i3/3035493001/O1CN01ZK9BDj1Y2Vjpc4ZzU_!!3035493001.jpg,4
蕉内氧气505Proof男士三防阔腿机能裤伞兵裤户外运动工装裤休闲裤,359.00,9年老店Bananain蕉内旗舰店,https://detail.tmall.com/item.htm?id=982157557542,https://g-search3.alicdn.com/img/bao/uploaded/i4/i1/3035493001/O1CN01fG5m5z1Y2VjpVsKlX_!!3035493001.jpg,4
蕉内棉棉305Home男士家居裤短裤长裤女款夏季情侣2026新款睡裤,129.00,9年老店Bananain蕉内旗舰店,https://detail.tmall.com/item.htm?id=1053606566437,https://g-search2.alicdn.com/img/bao/uploaded/i4/i2/3035493001/O1CN01Jo5AIh1Y2VjpAaqyS_!!3035493001.jpg,4
蕉内棉棉301Home女款家居服大码男士纯棉情侣带胸垫睡衣新款夏季,229.00,9年老店Bananain蕉内旗舰店,https://detail.tmall.com/item.htm?id=678416024052,https://g-search3.alicdn.com/img/bao/uploaded/i4/i3/3035493001/O1CN01TqVZHI1Y2VjpbcPsc_!!3035493001.jpg,4
蕉内氧气300A无尺码无痕粉底液内衣女舒适隐形运动背心文胸胸罩新,99.00,9年老店Bananain蕉内旗舰店,https://detail.tmall.com/item.htm?id=654565083505,https://gw.alicdn.com/imgextra/O1CN011QhuUM1Y2VjpbaTKP_!!3035493001.jpg,4
【达人专享】蕉内凉皮302UV Pro女士防晒衣护手背修身速干防晒服,259.00,9年老店Bananain蕉内旗舰店,https://detail.tmall.com/item.htm?id=1056623700041,https://g-search3.alicdn.com/img/bao/uploaded/i4/i4/3035493001/O1CN01npBLBb1Y2VjmdzhDE_!!4611686018427384457-2-item_pic.png,4
蕉内蕉蕉杯5系文胸抹胸美背无肩带内衣女聚拢性感裹胸粉底液胸罩,169.00,9年老店Bananain蕉内旗舰店,https://detail.tmall.com/item.htm?id=703194906177,https://g-search3.alicdn.com/img/bao/uploaded/i4/i1/3035493001/O1CN01whh6e51Y2VjpDmrYT_!!3035493001.jpg,4
蕉内丝丝520Home女款带杯家居服短袖长袖男士冰丝情侣睡衣新款夏,279.00,9年老店Bananain蕉内旗舰店,https://detail.tmall.com/item.htm?id=782082784157,https://g-search2.alicdn.com/img/bao/uploaded/i4/i2/3035493001/O1CN01QDyOMH1Y2Vjqxr3Yp_!!3035493001.jpg,5
蕉内凉皮302cool男士休闲裤冰丝长裤运动速干防晒裤子新款束脚裤,199.00,9年老店Bananain蕉内旗舰店,https://detail.tmall.com/item.htm?id=765083000779,https://g-search2.alicdn.com/img/bao/uploaded/i4/i2/3035493001/O1CN017j2VUn1Y2Vjpa7CGH_!!3035493001.jpg,5
蕉内凉皮501Cool Pro女士长款带杯修身收腰吊带连衣裙26春夏新款,299.00,9年老店Bananain蕉内旗舰店,https://detail.tmall.com/item.htm?id=769731925691,https://g-search2.alicdn.com/img/bao/uploaded/i4/i3/3035493001/O1CN01jBxpkl1Y2VjpzDs5O_!!3035493001.jpg,5
蕉内基础301Home家居室内浴室女士防滑防臭凉拖男士情侣软底拖鞋,49.00,9年老店Bananain蕉内旗舰店,https://detail.tmall.com/item.htm?id=642451516148,https://gw.alicdn.com/imgextra/O1CN01hl6yKU1Y2VjpOb1E2_!!3035493001.jpg,5
3件|蕉内银皮311CA女士内裤冰丝无痕隐形纯棉透气裆三角裤女薄款纯色中腰锦纶¥89.00浙江杭州退货宝包邮9年老店Bananain蕉内旗舰店,3,9年老店Bananain蕉内旗舰店,,https://img.alicdn.com/imgextra/i4/3035493001/O1CN01dAI9Nh1Y2Vj1EcEos_!!3035493001-0-alimamacc.jpg,6
3件|蕉内银皮308P女士内裤无痕隐形不夹臀纯棉透气裆三角裤新款女纯色中腰锦纶¥89.00浙江杭州退货宝包邮9年老店Bananain蕉内旗舰店,3,9年老店Bananain蕉内旗舰店,,http://img.alicdn.com/img/O1CN01cnSUxX1Y2VjpUYROS_!!3035493001.jpg,6
蕉内银皮301C可爱印花三角内裤透气学生少女纯棉内裤女生抗菌内裤入选职业通勤内搭店铺榜¥89.00浙江杭州退货宝包邮回头客6万Bananain蕉内奥莱店,3,9年老店Bananain蕉内旗舰店,,http://img.alicdn.com/img/O1CN01t6jWQl1o2XcA5NFM6_!!1054195167.jpg,6
蕉内银皮300S男士内裤纯棉透气裆抗菌亲肤平角四角短裤衩大码男生入选简约质感内搭店铺榜¥79.00浙江杭州退货宝包邮回头客6万Bananain蕉内奥莱店,3,9年老店Bananain蕉内旗舰店,,http://img.alicdn.com/img/O1CN01LeBmxV1o2XZHMkamu_!!1054195167.jpg,6
蕉内银皮301S女士内裤纯棉透气裆美式运动高颜值性感三角入选天猫超市内裤热销榜¥79.00上海包邮14年老店天猫超市,3,9年老店Bananain蕉内旗舰店,,http://img.alicdn.com/img/O1CN01gMxOgz28vJI0WAOG2_!!725677994.jpg,6
蕉内银皮300S纯棉平角内裤10A抗菌透气棉舒爽不卷边入选天猫超市男士内裤好评榜¥79.00上海包邮14年老店天猫超市,3,9年老店Bananain蕉内旗舰店,,http://img.alicdn.com/img/O1CN01UDdo4L1UJg6b3DdkY_!!6000000002497-0-at.jpg,6
蕉内凉皮311CA莫代尔冰丝内裤透气里裆吸湿速干10A抗菌凉皮内裤男士纯色莫代尔¥159.00上海包邮14年老店天猫超市,3,9年老店Bananain蕉内旗舰店,,https://img.alicdn.com/bao/uploaded/i4/725677994/O1CN01lgxLwV28vJHenub0J_!!725677994.jpg,6
蕉内【周冬雨同款】空气杯308Air文胸软支撑无痕内衣女薄款胸罩夏季无痕薄¥86.00广东汕头退货宝包邮品牌生活店,3,9年老店Bananain蕉内旗舰店,,https://img.alicdn.com/bao/uploaded/i4/2215631616619/O1CN01rHQK7B1ylYc5maeo8_!!2215631616619.jpg,6
蕉内凉皮3系男士内裤冰丝莫代尔夏薄款透气抗菌新款四角短裤男生入选职业通勤内搭店铺榜¥99.00浙江杭州退货宝包邮回头客6万Bananain蕉内奥莱店,3,9年老店Bananain蕉内旗舰店,https://item.taobao.com/item.htm?id=769684648464,https://g-search3.alicdn.com/img/bao/uploaded/i4/i3/1054195167/O1CN01Flgo1z1o2XcG6Xye4-1054195167.jpg,6
3件|蕉内银皮511S男士三角内裤纯棉透气裆吸汗四角短裤条纹款男生青年男抗菌¥139.00浙江杭州退货宝包邮9年老店Bananain蕉内旗舰店,3,9年老店Bananain蕉内旗舰店,https://detail.tmall.com/item.htm?id=1012824502559,https://g-search3.alicdn.com/img/bao/uploaded/i4/i2/3035493001/O1CN014MCYiQ1Y2VjpVw9oE_!!3035493001.jpg,6
蕉内氧气505Proof男士三防阔腿机能裤伞兵裤户外运动工装裤休闲裤入选防风运动休闲裤热卖榜¥359.00浙江杭州退货宝包邮9年老店Bananain蕉内旗舰店,3,9年老店Bananain蕉内旗舰店,https://detail.tmall.com/item.htm?id=949067887386,https://g-search2.alicdn.com/img/bao/uploaded/i4/i1/3035493001/O1CN01ziJBbU1Y2VjpU45vb_!!3035493001.jpg,6
蕉内氧气517P外扩内衣女小胸聚拢收副乳胸罩显大性感无痕透气文胸外扩文胸热卖榜·第4名¥169.00浙江杭州退货宝包邮9年老店Bananain蕉内旗舰店,3,9年老店Bananain蕉内旗舰店,https://detail.tmall.com/item.htm?id=719028678301,https://g-search3.alicdn.com/img/bao/uploaded/i4/i3/3035493001/O1CN01zu0IQZ1Y2VjkrftJa_!!3035493001.jpg,6
3件|蕉内凉皮501Cool冰丝男士内裤平角透气四角短裤莫代尔男生莫代尔内裤热卖榜·第3名¥159.00浙江杭州退货宝包邮9年老店Bananain蕉内旗舰店,3,9年老店Bananain蕉内旗舰店,https://detail.tmall.com/item.htm?id=704273733724&skuId=5596853332898,https://g-search1.alicdn.com/img/bao/uploaded/i4/i2/3035493001/O1CN013FHfFq1Y2VjpT8w1C_!!3035493001.jpg,300
蕉内凉皮301Cool男士速干短裤凉感透气防晒运动跑步休闲裤五分裤入选88VIP甄选速干裤回购榜¥159.00浙江杭州已补24元新品退货宝9年老店Bananain蕉内旗舰店,3,9年老店Bananain蕉内旗舰店,https://detail.tmall.com/item.htm?id=899613231650&skuId=6222191842478,https://g-search3.alicdn.com/img/bao/uploaded/i4/i4/3035493001/O1CN015S3WHI1Y2Vjpa4VuC_!!3035493001.jpg,300
3件|蕉内银皮508A女士内裤高腰收腹大码无痕隐形透气瑜伽三角裤女纯色高腰锦纶¥139.00浙江杭州已补5元退货宝包邮9年老店Bananain蕉内旗舰店,3,9年老店Bananain蕉内旗舰店,https://detail.tmall.com/item.htm?id=617748701290&skuId=6046715716118,https://g-search3.alicdn.com/img/bao/uploaded/i4/i1/3035493001/O1CN012H4fzS1Y2VjpSeWYO_!!3035493001.jpg,300
蕉内凉皮703CoolPro男士休闲裤速干裤锥形裤子机能夏季直筒长裤防晒中腰休闲¥499.00浙江杭州退货宝包邮9年老店Bananain蕉内旗舰店,3,9年老店Bananain蕉内旗舰店,https://detail.tmall.com/item.htm?id=1027856787403&skuId=6040696068263,https://g-search2.alicdn.com/img/bao/uploaded/i4/i3/3035493001/O1CN01nDCkTG1Y2VjqxfAqO_!!3035493001.jpg,300
蕉内棉棉300Sleep睡裙莫代尔女夏带胸垫冰丝短袖带杯深睡睡衣裙夏季棉布简约¥109.00浙江杭州退货宝包邮9年老店Bananain蕉内旗舰店,3,9年老店Bananain蕉内旗舰店,https://detail.tmall.com/item.htm?id=922072271007&skuId=5965869242687,https://g-search2.alicdn.com/img/bao/uploaded/i4/i2/3035493001/O1CN010MnnnC1Y2VjpaMZKW_!!3035493001.jpg,300
蕉内棉棉506Sleep家居服套装莫代尔凉感男士冰丝夏季新款深睡睡衣情侣圆领套头¥219.00浙江杭州退货宝包邮9年老店Bananain蕉内旗舰店,3,9年老店Bananain蕉内旗舰店,https://detail.tmall.com/item.htm?id=1045691989852&skuId=6068616652551,https://g-search3.alicdn.com/img/bao/uploaded/i4/i3/3035493001/O1CN01h4eGZD1Y2VjpG9vpQ_!!3035493001.jpg,300
3件|蕉内银皮500E莫代尔男士内裤四季无痕冰丝透气三角短裤裤衩青年男莫代尔¥159.00浙江杭州退货宝包邮9年老店Bananain蕉内旗舰店,3,9年老店Bananain蕉内旗舰店,https://detail.tmall.com/item.htm?id=765250295284&skuId=6179713670962,https://g-search1.alicdn.com/img/bao/uploaded/i4/i1/3035493001/O1CN01MTwFK51Y2Vjpc2yDw_!!3035493001.jpg,300
3件|蕉内银皮301Color女士内裤可爱莫代尔少女纯棉透气裆三角裤女印花中腰莫代尔¥89.00浙江杭州退货宝包邮9年老店Bananain蕉内旗舰店,3,9年老店Bananain蕉内旗舰店,https://detail.tmall.com/item.htm?id=703196450211,https://g-search2.alicdn.com/img/bao/uploaded/i4/i3/3035493001/O1CN01Pt0GdW1Y2Vjpj5Bal_!!3035493001.jpg,300
蕉内301P男士内裤抗菌莫代尔平角裤衩大码纯棉透气裆四角短裤男生入选职业通勤内搭店铺榜¥119.00浙江杭州退货宝包邮回头客6万Bananain蕉内奥莱店,3,9年老店Bananain蕉内旗舰店,https://item.taobao.com/item.htm?id=703974362203,https://g-search3.alicdn.com/img/bao/uploaded/i4/i2/1054195167/O1CN01BK3oXw1o2XagDF60n_!!1054195167.jpg,300
超值5系蕉内银皮500E女士内裤抗菌透气无痕莫代尔防夹臀三角裤纯色中腰莫代尔¥119.00浙江杭州退货宝包邮回头客6万Bananain蕉内奥莱店,3,9年老店Bananain蕉内旗舰店,https://item.taobao.com/item.htm?id=769758639235,https://g-search2.alicdn.com/img/bao/uploaded/i4/i1/1054195167/O1CN01BYg7901o2XOpNAI2s-1054195167.jpg,300
3件|蕉内银皮301S男士三角内裤纯棉透气裆青少年大码三角撞色短裤青年男棉¥99.00浙江杭州退货宝包邮9年老店Bananain蕉内旗舰店,3,9年老店Bananain蕉内旗舰店,https://detail.tmall.com/item.htm?id=574100647659,https://gw.alicdn.com/imgextra/O1CN01vJHjSa1Y2VjpFkBTN_!!3035493001-0-yinheaigc.jpg,300
3件|蕉内银皮311S男士平角内裤纯棉透气裆青少年四角短裤新款男生吸湿速干少年棉质面料¥89.00浙江杭州退货宝包邮9年老店Bananain蕉内旗舰店,3,9年老店Bananain蕉内旗舰店,https://detail.tmall.com/item.htm?id=612422875693,https://g-search2.alicdn.com/img/bao/uploaded/i4/i4/3035493001/O1CN01fKKZfD1Y2VjpaKHxX_!!3035493001.jpg,300
【李佳琦直播间618时尚节】蕉内银皮308P女士粉底液无痕内裤无痕内裤热卖榜·第3名¥89.00浙江杭州退货宝包邮9年老店Bananain蕉内旗舰店,3,9年老店Bananain蕉内旗舰店,https://detail.tmall.com/item.htm?id=1051115293491,https://g-search2.alicdn.com/img/bao/uploaded/i4/i2/3035493001/O1CN01LJCXK41Y2Vjl8r4F3_!!4611686018427384457-0-item_pic.jpg,300
3件|蕉内银皮500E男士平角内裤莫代尔大码冰丝透气四角短裤男生无痕内裤热卖榜·第7名¥159.00浙江杭州退货宝包邮9年老店Bananain蕉内旗舰店,3,9年老店Bananain蕉内旗舰店,https://detail.tmall.com/item.htm?id=560474460284,https://g-search2.alicdn.com/img/bao/uploaded/i4/i1/3035493001/O1CN01egCeJq1Y2Vjpbao87_!!3035493001.jpg,300
3件|蕉内银皮301Pro男士平角内裤莫代尔冰丝青少年纯棉透气裆短裤青年莫代尔面料纯色¥89.00浙江杭州退货宝包邮9年老店Bananain蕉内旗舰店,3,9年老店Bananain蕉内旗舰店,https://detail.tmall.com/item.htm?id=683626750107,https://g-search1.alicdn.com/img/bao/uploaded/i4/i3/3035493001/O1CN01v1vCrf1Y2VjpbboUg_!!3035493001.jpg,300
蕉内银皮301P莫代尔男士内裤三角裤大码透气抗菌防夹臀纯棉裆3件青年男提臀¥99.00浙江杭州退货宝包邮回头客6万Bananain蕉内奥莱店,3,9年老店Bananain蕉内旗舰店,https://item.taobao.com/item.htm?id=769753186136,https://g-search1.alicdn.com/img/bao/uploaded/i4/i3/1054195167/O1CN01yX7lZO1o2XcGICBCU-1054195167.jpg,300
3件|蕉内银皮500E女士内裤无痕透气亲肤抗菌莫代尔三角裤大码女纯色莫代尔透气¥119.00浙江杭州退货宝包邮9年老店Bananain蕉内旗舰店,3,9年老店Bananain蕉内旗舰店,https://detail.tmall.com/item.htm?id=542662791263,https://g-search1.alicdn.com/img/bao/uploaded/i4/i2/3035493001/O1CN01c1KQ2W1Y2VjkrgE4A_!!3035493001.jpg,300
3件|蕉内银皮301S男士运动内裤纯棉透气裆新款青少年四角短裤男生青年棉质面料纯色¥99.00浙江杭州退货宝包邮9年老店Bananain蕉内旗舰店,3,9年老店Bananain蕉内旗舰店,https://detail.tmall.com/item.htm?id=542204646768,https://g-search3.alicdn.com/img/bao/uploaded/i4/i3/3035493001/O1CN015dT4KK1Y2VjpEJgiw_!!3035493001.jpg,300
3件|蕉内凉皮3系冰丝内裤青少年男士平角莫代尔发育期纯棉透气裆入选蕉内儿童内裤热卖榜¥99.00浙江杭州退货宝包邮9年老店Bananain蕉内旗舰店,3,9年老店Bananain蕉内旗舰店,https://detail.tmall.com/item.htm?id=960101754340,https://g-search3.alicdn.com/img/bao/uploaded/i4/i2/3035493001/O1CN01swfJ9o1Y2VjpA9nRm_!!3035493001.jpg,300
3件|蕉内银皮311S女士内裤收腹纯棉透气裆不夹大码短裤女三角裤纯色高腰纯棉¥79.00浙江杭州退货宝包邮9年老店Bananain蕉内旗舰店,3,9年老店Bananain蕉内旗舰店,https://detail.tmall.com/item.htm?id=644693634368,https://g-search3.alicdn.com/img/bao/uploaded/i4/i1/3035493001/O1CN014Mxuvz1Y2VjpaJHbf_!!3035493001.jpg,300
3件|蕉内银皮311CA女士内裤冰丝无痕隐形纯棉透气裆三角裤女薄款纯色中腰锦纶¥89.00浙江杭州退货宝包邮9年老店Bananain蕉内旗舰店,3,9年老店Bananain蕉内旗舰店,https://detail.tmall.com/item.htm?id=704506886173,https://g-search3.alicdn.com/img/bao/uploaded/i4/i1/3035493001/O1CN01fjF2ns1Y2VjpSfbEr_!!3035493001.jpg,300
3件|蕉内银皮508S女士内裤莫代尔梨形大码纯棉透气裆无痕三角裤女纯色中腰莫代尔¥119.00浙江杭州退货宝包邮9年老店Bananain蕉内旗舰店,3,9年老店Bananain蕉内旗舰店,https://detail.tmall.com/item.htm?id=702968493688,https://gw.alicdn.com/imgextra/O1CN01ZJw7Yl1Y2VjpOd64w_!!3035493001-0-yinheaigc.jpg,300
3件|蕉内银皮508S男士莫代尔平角内裤冰丝纯棉透气裆新款四角短裤青年棉质面料纯色¥139.00浙江杭州退货宝包邮9年老店Bananain蕉内旗舰店,3,9年老店Bananain蕉内旗舰店,https://detail.tmall.com/item.htm?id=712247910267,https://gw.alicdn.com/imgextra/O1CN01bJNZK21Y2VjpHY8MK_!!3035493001-0-yinheaigc.jpg,300
蕉内银皮301P天丝莫代尔平角内裤男透气里裆冰丝凉感速干内裤天猫超市内裤热销榜·第10名¥89.00上海包邮14年老店天猫超市,3,9年老店Bananain蕉内旗舰店,https://detail.tmall.com/item.htm?id=967357821659,https://g-search3.alicdn.com/img/bao/uploaded/i4/i1/6000000003525/O1CN01O31Oll1buVHCY3QTI_!!6000000003525-0-sm.jpg,300
蕉内银皮300S男士内裤纯棉透气裆抗菌亲肤平角四角短裤衩大码男生入选简约质感内搭店铺榜¥79.00浙江杭州退货宝包邮回头客6万Bananain蕉内奥莱店,3,9年老店Bananain蕉内旗舰店,https://item.taobao.com/item.htm?id=905032816530,https://g-search3.alicdn.com/img/bao/uploaded/i4/i2/1054195167/O1CN01LeBmxV1o2XZHMkamu_!!1054195167.jpg,300
蕉内棉棉305Home女士家居服纯棉短袖长袖夏季新款可外穿睡衣女款情侣圆领套头¥219.00浙江杭州退货宝包邮9年老店Bananain蕉内旗舰店,520,9年老店Bananain蕉内旗舰店,https://detail.tmall.com/item.htm?id=637746830138,https://g-search3.alicdn.com/img/bao/uploaded/i4/i2/3035493001/O1CN01s03KQr1Y2VjpzPDUA_!!3035493001.jpg,300
蕉内棉棉305Home男士家居服套装大码纯棉夏季可外穿男款新款睡衣青年圆领套头¥219.00浙江杭州退货宝包邮9年老店Bananain蕉内旗舰店,520,9年老店Bananain蕉内旗舰店,https://detail.tmall.com/item.htm?id=1016920502744,https://g-search3.alicdn.com/img/bao/uploaded/i4/i4/3035493001/O1CN011kRj5P1Y2VjkrhAIA_!!3035493001.jpg,300
【王一博同款】蕉内棉棉305Home男士家居服纯棉情侣睡衣女款夏季纯棉家居服套装热卖榜·第4名¥219.00浙江杭州退货宝包邮9年老店Bananain蕉内旗舰店,520,9年老店Bananain蕉内旗舰店,https://detail.tmall.com/item.htm?id=638076031608,https://gw.alicdn.com/imgextra/O1CN01qZhTAq1Y2Vjpj2hm9_!!3035493001.jpg,300
【王一博同款】蕉内氮气505Dry家居服吸汗短袖男士睡衣女款新款夏圆领睡衣套装热卖榜·第8名¥239.00浙江杭州退货宝包邮9年老店Bananain蕉内旗舰店,520,9年老店Bananain蕉内旗舰店,https://detail.tmall.com/item.htm?id=879517974537,https://g-search3.alicdn.com/img/bao/uploaded/i4/i2/3035493001/O1CN01YM98kN1Y2VjpzPYKe_!!3035493001.jpg,300
【达人专享】蕉内丝丝520H Pets冰丝女士带胸垫家居服情侣短袖四季通用¥359.00浙江杭州退货宝包邮9年老店Bananain蕉内旗舰店,520,9年老店Bananain蕉内旗舰店,https://detail.tmall.com/item.htm?id=1025293934159,https://g-search3.alicdn.com/img/bao/uploaded/i4/i2/3035493001/O1CN01N9SzP01Y2VjiizFdf_!!4611686018427384457-2-item_pic.png,300
蕉内凉皮501Cool男士速干冰丝网眼短袖短裤家居服2026新款男睡衣圆领短袖夏季¥259.00浙江杭州退货宝包邮9年老店Bananain蕉内旗舰店,520,9年老店Bananain蕉内旗舰店,https://detail.tmall.com/item.htm?id=1028300380849,https://g-search1.alicdn.com/img/bao/uploaded/i4/i2/3035493001/O1CN01lZQsLM1Y2VjpA5ZN3_!!3035493001.jpg,300
蕉内氮气505Dry家居服套装轻运动瑜伽服短袖睡衣女款新款2026夏季入选百亿补贴睡衣套装热销榜¥299.00浙江杭州退货宝包邮9年老店Bananain蕉内旗舰店,520,9年老店Bananain蕉内旗舰店,https://detail.tmall.com/item.htm?id=769701422776,https://g-search2.alicdn.com/img/bao/uploaded/i4/i3/3035493001/O1CN01Ei9srL1Y2Vjpc3yZY_!!3035493001.jpg,300
蕉内棉棉305Home男士家居服纯棉可外穿短袖女款睡衣2026新款夏季圆领短袖夏季¥219.00浙江杭州退货宝包邮9年老店Bananain蕉内旗舰店,520,9年老店Bananain蕉内旗舰店,https://detail.tmall.com/item.htm?id=1036131791171,https://g-search1.alicdn.com/img/bao/uploaded/i4/i4/3035493001/O1CN01YVdpT21Y2VjpUAxOM_!!3035493001.jpg,300
【王一博同款】蕉内丝丝520HPets冰丝家居服情侣女款睡衣男新款夏睡衣上装热卖榜·第7名¥329.00浙江杭州退货宝包邮9年老店Bananain蕉内旗舰店,520,9年老店Bananain蕉内旗舰店,https://detail.tmall.com/item.htm?id=769708923790,https://gw.alicdn.com/imgextra/O1CN01FOcsVe1Y2VjpEHCur_!!3035493001.jpg,300
【李佳琦超级618（24点付尾款）】蕉内丝丝5系男女缎面印花家居服入选分体式家居服套装热销榜¥299.00浙江杭州退货宝包邮9年老店Bananain蕉内旗舰店,520,9年老店Bananain蕉内旗舰店,https://detail.tmall.com/item.htm?id=1029855713507,https://g-search3.alicdn.com/img/bao/uploaded/i4/i4/3035493001/O1CN0108zl7S1Y2VjiLyi4f_!!4611686018427384457-0-item_pic.jpg,300
蕉内丝丝508Sleep男士居家短袖T恤莫代尔睡衣舒适打底衫家居服四季通用纯色莫代尔¥129.00浙江杭州退货宝包邮9年老店Bananain蕉内旗舰店,520,9年老店Bananain蕉内旗舰店,https://detail.tmall.com/item.htm?id=760294831220,https://g-search3.alicdn.com/img/bao/uploaded/i4/i4/3035493001/O1CN012v0hFd1Y2VjpVvtCZ_!!3035493001.jpg,300
蕉内棉棉301Home男士T恤无缝短袖家居服纯棉打底衫男款上装四季青年标准短袖¥99.00浙江杭州退货宝包邮9年老店Bananain蕉内旗舰店,520,9年老店Bananain蕉内旗舰店,https://detail.tmall.com/item.htm?id=967382361960,https://g-search3.alicdn.com/img/bao/uploaded/i4/i2/3035493001/O1CN01qEZq101Y2VjpA8em3_!!3035493001.jpg,300
蕉内棉棉506Sleep男士家居服莫代尔丝光凉感圆领春夏家居套装圆领套头短袖¥239.00上海包邮14年老店天猫超市,520,9年老店Bananain蕉内旗舰店,https://detail.tmall.com/item.htm?id=1026696038638,https://g-search3.alicdn.com/img/bao/uploaded/i4/i1/6000000001604/O1CN01yKSCmj1NigQyqxOCy_!!6000000001604-0-sm.jpg,300
【所有女生的衣橱直播间】蕉内棉棉520Sleep男女士棉莫印花家居服圆领套头短袖¥258.00浙江杭州退货宝包邮9年老店Bananain蕉内旗舰店,520,9年老店Bananain蕉内旗舰店,https://detail.tmall.com/item.htm?id=1045702974191,https://g-search3.alicdn.com/img/bao/uploaded/i4/i1/3035493001/O1CN01evq1Pf1Y2VjighKUc_!!4611686018427384457-0-item_pic.jpg,300
蕉内棉棉509Home男士家居服短袖长袖男款可外穿夏季新款睡衣2026青年圆领长袖¥359.00浙江杭州退货宝包邮9年老店Bananain蕉内旗舰店,520,9年老店Bananain蕉内旗舰店,https://detail.tmall.com/item.htm?id=1014871229672,https://g-search1.alicdn.com/img/bao/uploaded/i4/i2/3035493001/O1CN01PHjxQj1Y2VjpaKDpF_!!3035493001.jpg,300
蕉内棉棉301Home男士家居服纯棉情侣带胸垫女款睡衣2026新款夏季圆领睡衣套装回购榜·第5名¥229.00浙江杭州退货宝包邮9年老店Bananain蕉内旗舰店,520,9年老店Bananain蕉内旗舰店,https://detail.tmall.com/item.htm?id=768716633073,https://g-search3.alicdn.com/img/bao/uploaded/i4/i2/3035493001/O1CN01HKYcfw1Y2VjkrfUMH_!!3035493001.jpg,300
【刘浩存同款】蕉内棉棉520Home泡泡纱家居服少女睡衣女款夏季分体式家居服套装热卖榜·第7名¥299.00浙江杭州退货宝包邮9年老店Bananain蕉内旗舰店,520,9年老店Bananain蕉内旗舰店,https://detail.tmall.com/item.htm?id=1020109645021,https://gw.alicdn.com/imgextra/O1CN016kZv0T1Y2VjpP3t2V_!!3035493001.jpg,300
【达人专享】蕉内丝丝520Home男女士冰丝新款满印超级市场家居服翻领长袖冬季¥279.00浙江杭州退货宝包邮9年老店Bananain蕉内旗舰店,520,9年老店Bananain蕉内旗舰店,https://detail.tmall.com/item.htm?id=1044110980939,https://g-search3.alicdn.com/img/bao/uploaded/i4/i3/3035493001/O1CN01fzZWF61Y2VjiX12dW_!!4611686018427384457-2-item_pic.png,300
蕉内丝丝515Home家居服女款带胸垫情侣冰丝2026新款女士睡衣夏季情侣长袖睡眠¥359.00浙江杭州新品退货宝包邮9年老店Bananain蕉内旗舰店,520,9年老店Bananain蕉内旗舰店,https://detail.tmall.com/item.htm?id=890120359587,https://g-search1.alicdn.com/img/bao/uploaded/i4/i1/3035493001/O1CN01nGkdA21Y2Vjpbao8q_!!3035493001.jpg,300
【刘浩存同款】蕉内丝丝520HPets冰丝带胸垫家居服睡衣女款新款夏短袖四季通用2026年春季¥329.00浙江杭州退货宝包邮9年老店Bananain蕉内旗舰店,520,9年老店Bananain蕉内旗舰店,https://detail.tmall.com/item.htm?id=1019018007232,https://g-search3.alicdn.com/img/bao/uploaded/i4/i1/3035493001/O1CN015SUE7T1Y2VjpWNotI_!!3035493001.jpg,300
蕉内棉棉301Home女士家居服夏季大码带胸垫短袖长袖纯棉睡衣女款青年圆领套头¥229.00浙江杭州退货宝包邮9年老店Bananain蕉内旗舰店,520,9年老店Bananain蕉内旗舰店,https://detail.tmall.com/item.htm?id=1034348377122,https://g-search2.alicdn.com/img/bao/uploaded/i4/i4/3035493001/O1CN01lUxRRM1Y2VjpFhhae_!!3035493001.jpg,300
【刘浩存同款】蕉内深睡512Sleep女士恒温家居服女款睡衣2026新款圆领套头长袖¥259.00浙江杭州退货宝包邮9年老店Bananain蕉内旗舰店,520,9年老店Bananain蕉内旗舰店,https://detail.tmall.com/item.htm?id=1019225974411,https://gw.alicdn.com/imgextra/O1CN01CpgKtD1Y2VjpP4QJj_!!3035493001.jpg,300
【所有女生直播间】蕉内棉棉520H女士泡泡纱家居服青年翻领对襟¥289.00浙江杭州退货宝包邮9年老店Bananain蕉内旗舰店,520,9年老店Bananain蕉内旗舰店,https://detail.tmall.com/item.htm?id=1019786985566,https://g-search3.alicdn.com/img/bao/uploaded/i4/i4/3035493001/O1CN01ssX2Tm1Y2VjjeAti0_!!4611686018427384457-0-item_pic.jpg,300
蕉内棉棉305Home纯棉男士家居服全棉纯色圆领条纹可外穿短袖夏天猫超市睡衣套装好评榜·第5名¥219.00上海包邮14年老店天猫超市,520,9年老店Bananain蕉内旗舰店,https://detail.tmall.com/item.htm?id=1039829443057,https://g-search1.alicdn.com/img/bao/uploaded/i4/i4/6000000003246/O1CN01jEAZ1y1Zqim44iZ5e_!!6000000003246-0-sm.jpg,300
蕉内棉棉520Home男士速干短袖家居服短袖情侣睡衣女款2026新款圆领套头短袖¥259.00浙江杭州退货宝包邮9年老店Bananain蕉内旗舰店,520,9年老店Bananain蕉内旗舰店,https://detail.tmall.com/item.htm?id=1020110993443,https://g-search3.alicdn.com/img/bao/uploaded/i4/i2/3035493001/O1CN01jISh0s1Y2Vjpc42jK_!!3035493001.jpg,300
蕉内棉棉301Home男士家居服大码纯棉情侣带女带杯睡衣2026新款夏短袖男女通用夏季¥229.00上海包邮14年老店天猫超市,520,9年老店Bananain蕉内旗舰店,https://detail.tmall.com/item.htm?id=1026050327153,https://g-search3.alicdn.com/img/bao/uploaded/i4/i3/6000000002854/O1CN01NmFTTX1WxBW4gSpqd_!!6000000002854-0-sm.jpg,300
蕉内丝丝520Home女士冰丝家居服套装凉感夏季可外穿短袖睡衣女款圆领套头长袖¥279.00浙江杭州退货宝包邮9年老店Bananain蕉内旗舰店,520,9年老店Bananain蕉内旗舰店,https://detail.tmall.com/item.htm?id=1020884772911,https://g-search3.alicdn.com/img/bao/uploaded/i4/i1/3035493001/O1CN01It7xfF1Y2VjpzOobX_!!3035493001.jpg,300
蕉内棉棉301Home家居服套装男纯棉睡衣女新款春季长袖长裤可外穿青年圆领对襟¥229.00浙江杭州退货宝包邮回头客6万Bananain蕉内奥莱店,520,9年老店Bananain蕉内旗舰店,https://item.taobao.com/item.htm?id=734374871520,https://g-search3.alicdn.com/img/bao/uploaded/i4/i1/1054195167/O1CN01qqxK3U1o2XcFwYxKA-1054195167.jpg,300
蕉内氮气520Dry男士速干球衣运动吸汗下短袖短裤家居服男款睡衣圆领短袖夏季¥299.00浙江杭州退货宝包邮9年老店Bananain蕉内旗舰店,520,9年老店Bananain蕉内旗舰店,https://detail.tmall.com/item.htm?id=1036626648129,https://g-search3.alicdn.com/img/bao/uploaded/i4/i1/3035493001/O1CN01xVwFyx1Y2Vjpbb6ml_!!3035493001.jpg,300
蕉内凉皮502UV女士防晒遮脸防护面罩冰丝帽檐脸基尼骑行防晒口罩入选防晒面罩热卖榜¥99.00浙江杭州退货宝包邮9年老店Bananain蕉内旗舰店,502,9年老店Bananain蕉内旗舰店,https://detail.tmall.com/item.htm?id=885702408449&skuId=6198098190791,https://g-search3.alicdn.com/img/bao/uploaded/i4/i1/3035493001/O1CN01oarfsC1Y2VjpzPPzc_!!3035493001.jpg,300
蕉内凉皮503UV Air女士透气宽松衬衫轻量防晒衣衬衣防紫外线春夏超薄2026年春季中长款¥359.00浙江杭州已补36元退货宝包邮9年老店Bananain蕉内旗舰店,502,9年老店Bananain蕉内旗舰店,https://detail.tmall.com/item.htm?id=1024560778808&skuId=6200503182490,https://g-search2.alicdn.com/img/bao/uploaded/i4/i1/3035493001/O1CN01NUuT4b1Y2VjpFXtuF_!!3035493001.jpg,300
蕉内凉皮303UV Pro女士防晒衣斗篷抗菌户外upf100+防紫外线防晒服入选夏日防晒女郎店铺榜¥239.00浙江杭州已补20元退货宝包邮9年老店Bananain蕉内旗舰店,502,9年老店Bananain蕉内旗舰店,https://detail.tmall.com/item.htm?id=667751571275&skuId=6042690005011,https://g-search2.alicdn.com/img/bao/uploaded/i4/i2/3035493001/O1CN01Fm749h1Y2VjqxeuAX_!!3035493001.jpg,300
【达人专享】蕉内凉皮5系女士防晒衣中长款外套透气速干防晒服25-29周岁外套连帽¥399.00浙江杭州退货宝包邮9年老店Bananain蕉内旗舰店,502,9年老店Bananain蕉内旗舰店,https://detail.tmall.com/item.htm?id=1049159599541&skuId=6080855092265,https://g-search1.alicdn.com/img/bao/uploaded/i4/i3/3035493001/O1CN01PSyKNy1Y2VjiWbRRk_!!4611686018427384457-2-item_pic.png,300
蕉内凉皮503UVPro女士工装防晒衣速干凉感防晒外套透气防晒服女100+收腰型女¥399.00浙江杭州全网低价已补30元退货宝9年老店Bananain蕉内旗舰店,502,9年老店Bananain蕉内旗舰店,https://detail.tmall.com/item.htm?id=887334240111&skuId=5896506642155,https://g-search2.alicdn.com/img/bao/uploaded/i4/i4/3035493001/O1CN015LJtQP1Y2VjpWBGXX_!!3035493001.jpg,300
蕉内凉皮301UVAir防晒口罩女轻薄透气夏新款男士遮阳骑行冰丝面罩入选海滩防晒脖套回购榜¥59.00浙江杭州已补5元退货宝包邮9年老店Bananain蕉内旗舰店,502,9年老店Bananain蕉内旗舰店,https://detail.tmall.com/item.htm?id=718953798957&skuId=6198014706289,https://g-search1.alicdn.com/img/bao/uploaded/i4/i4/3035493001/O1CN01ATBNve1Y2Vjpj2yP9_!!3035493001.jpg,300
【王一博同款】蕉内凉皮502UV男女同款防晒衣凉感外套户外防晒服入选夏日防晒必买榜¥379.00浙江杭州已补23元退货宝包邮9年老店Bananain蕉内旗舰店,502,9年老店Bananain蕉内旗舰店,https://detail.tmall.com/item.htm?id=764328772348&skuId=6197865822440,https://g-search1.alicdn.com/img/bao/uploaded/i4/i2/3035493001/O1CN019rHBsg1Y2VjoOg3Bh_!!3035493001.jpg,300
蕉内凉皮303UV渔夫帽女遮阳帽户外双面防晒帽夏季新款帽子女款女通勤渔夫帽¥179.00浙江杭州已补10元退货宝包邮9年老店Bananain蕉内旗舰店,502,9年老店Bananain蕉内旗舰店,https://detail.tmall.com/item.htm?id=697660577695&skuId=6198127298148,https://g-search3.alicdn.com/img/bao/uploaded/i4/i1/3035493001/O1CN01pyO5L71Y2VjpZmzWI_!!3035493001.jpg,300
蕉内凉皮503UV女士防晒凉感宽松冰袖冰丝骑行防晒手套夏新款袖套防晒袖套新品榜·第5名¥99.00浙江杭州已补10元退货宝包邮9年老店Bananain蕉内旗舰店,502,9年老店Bananain蕉内旗舰店,https://detail.tmall.com/item.htm?id=1029851701595&skuId=6041215696904,https://g-search2.alicdn.com/img/bao/uploaded/i4/i4/3035493001/O1CN012RKhzf1Y2VjpTfjy0_!!3035493001.jpg,300
蕉内凉皮503UV女士防泼水收腰显瘦防晒衣女款修身防晒服防紫外线外套连帽2026年春季¥359.00浙江杭州退货宝包邮9年老店Bananain蕉内旗舰店,502,9年老店Bananain蕉内旗舰店,https://detail.tmall.com/item.htm?id=1021815097128&skuId=6033054289951,https://g-search2.alicdn.com/img/bao/uploaded/i4/i3/3035493001/O1CN01yIIwTv1Y2VjpFzajw_!!3035493001.jpg,300
蕉内凉皮302UV Pro女士防晒衣透气修身速干防晒服修身防晒衣热卖榜·第1名¥279.00浙江杭州全网低价已补25元退货宝9年老店Bananain蕉内旗舰店,502,9年老店Bananain蕉内旗舰店,https://detail.tmall.com/item.htm?id=718570335038&skuId=6034674148871,https://g-search3.alicdn.com/img/bao/uploaded/i4/i1/3035493001/O1CN016lwYPE1Y2VjpASBrD_!!3035493001.jpg,300
蕉内凉皮303UV Pro女士吸湿速干宽松防晒衣凉感皮肤衣收腰外套女外套连帽2026年春季¥279.00浙江杭州已补48元退货宝包邮9年老店Bananain蕉内旗舰店,502,9年老店Bananain蕉内旗舰店,https://detail.tmall.com/item.htm?id=1042427509658&skuId=6063250745987,https://g-search2.alicdn.com/img/bao/uploaded/i4/i1/3035493001/O1CN01BrkN6m1Y2VjpTzH7U_!!3035493001.jpg,300
蕉内凉皮702UV Pro女士修身防晒衣收腰外套防紫外线透气防晒服薄款2024年春季短款¥599.00浙江杭州已补160元退货宝包邮9年老店Bananain蕉内旗舰店,502,9年老店Bananain蕉内旗舰店,https://detail.tmall.com/item.htm?id=785451497672&skuId=5440865821507,https://g-search3.alicdn.com/img/bao/uploaded/i4/i1/3035493001/O1CN01e2YVd91Y2VjpZo3zI_!!3035493001.jpg,300
蕉内凉皮301UV Pro女士防晒衣吸湿速干修身防晒服防紫外线外套女入选防晒衣好价榜¥239.00浙江杭州已补20元退货宝包邮9年老店Bananain蕉内旗舰店,502,9年老店Bananain蕉内旗舰店,https://detail.tmall.com/item.htm?id=762139551265&skuId=6200287790714,https://g-search2.alicdn.com/img/bao/uploaded/i4/i3/3035493001/O1CN01D4R8Y41Y2VjpOrjau_!!3035493001.jpg,300
蕉内凉皮502UV男士防晒手套女士防紫外线骑车开车户外夏新款手套连指手套Bananain/蕉内锦纶¥79.00浙江杭州退货宝包邮9年老店Bananain蕉内旗舰店,502,9年老店Bananain蕉内旗舰店,https://detail.tmall.com/item.htm?id=1019009855273&skuId=6196096263589,https://g-search2.alicdn.com/img/bao/uploaded/i4/i2/3035493001/O1CN01MuVR4B1Y2VjpywgTW_!!3035493001.jpg,300
蕉内凉皮502UV防晒冰袖男士防紫外线防晒手套女冰丝骑行袖套新款弹性袖套热卖榜·第3名¥69.00浙江杭州已补8元退货宝包邮9年老店Bananain蕉内旗舰店,502,9年老店Bananain蕉内旗舰店,https://detail.tmall.com/item.htm?id=669829085277&skuId=5275311765582,https://g-search2.alicdn.com/img/bao/uploaded/i4/i1/3035493001/O1CN01KtPex21Y2VjpWljJq_!!4611686018427384457-0-item_pic.jpg,300
蕉内凉皮302UV男士防晒衣防晒紫外线运动透气3A抗菌男款防晒服100+男女通用锦纶¥259.00浙江杭州全网低价已补41元退货宝9年老店Bananain蕉内旗舰店,502,9年老店Bananain蕉内旗舰店,https://detail.tmall.com/item.htm?id=697792241741&skuId=5574480885061,https://g-search2.alicdn.com/img/bao/uploaded/i4/i3/3035493001/O1CN01JZnAlS1Y2VjpDmOQa_!!3035493001.jpg,300
蕉内凉皮3系冰袖女冰丝透气手套男士骑行开车防晒袖套夏季新款冰丝袖套热卖榜·第6名¥39.00浙江杭州退货宝包邮9年老店Bananain蕉内旗舰店,502,9年老店Bananain蕉内旗舰店,https://detail.tmall.com/item.htm?id=1033372389306&skuId=6046807436509,https://g-search1.alicdn.com/img/bao/uploaded/i4/i1/3035493001/O1CN01SF1QbL1Y2VjpyyxtP_!!3035493001.jpg,300
蕉内凉皮303UVPro女士吸湿速干轻薄透气防晒衣凉感宽松防晒服女款薄款连帽2026年春季¥279.00浙江杭州已补48元退货宝包邮9年老店Bananain蕉内旗舰店,502,9年老店Bananain蕉内旗舰店,https://detail.tmall.com/item.htm?id=1019868093786&skuId=6030203749228,https://g-search3.alicdn.com/img/bao/uploaded/i4/i2/3035493001/O1CN01RivT091Y2VjpTz0Sn_!!3035493001.jpg,300
【达人专享】蕉内凉皮3系女士防晒衣吸湿速干修身防紫外线外套外套连帽2026年春季¥239.00浙江杭州退货宝包邮9年老店Bananain蕉内旗舰店,502,9年老店Bananain蕉内旗舰店,https://detail.tmall.com/item.htm?id=1047340202797&skuId=6240033830111,https://g-search1.alicdn.com/img/bao/uploaded/i4/i4/3035493001/O1CN01EePJag1Y2Vje7zkH7_!!4611686018427384457-0-item_pic.jpg,300
蕉内凉皮502UVPro防晒全防护面罩空顶帽女遮阳帽防晒帽夏新款帽子女通勤空顶帽¥239.00浙江杭州已补24元退货宝包邮9年老店Bananain蕉内旗舰店,502,9年老店Bananain蕉内旗舰店,https://detail.tmall.com/item.htm?id=1018060812597&skuId=6189958942272,https://g-search1.alicdn.com/img/bao/uploaded/i4/i4/3035493001/O1CN01aYjqan1Y2VjpFhCDk_!!3035493001.jpg,300
蕉内凉皮305Cool Air女士防晒速干山本裤运动休闲裤阔腿裤夏新款入选女士运动休闲裤热卖榜¥199.00浙江杭州退货宝包邮9年老店Bananain蕉内旗舰店,502,9年老店Bananain蕉内旗舰店,https://detail.tmall.com/item.htm?id=1018322899042&skuId=6029166620138,https://g-search3.alicdn.com/img/bao/uploaded/i4/i4/3035493001/O1CN01WCRq2Q1Y2VjpFxyvG_!!3035493001.jpg,300
蕉内凉皮501UV Pro女士截短防晒衣防紫外线防晒服显瘦透气外套女25-29周岁薄款外套¥359.00浙江杭州已补72元退货宝包邮9年老店Bananain蕉内旗舰店,502,9年老店Bananain蕉内旗舰店,https://detail.tmall.com/item.htm?id=764843991037&skuId=5580698606872,https://g-search1.alicdn.com/img/bao/uploaded/i4/i2/3035493001/O1CN012cRFkO1Y2VjpFGRbz_!!3035493001.jpg,300
蕉内凉皮503UVPro男防晒渔夫帽女护颈遮阳帽防晒口罩面罩一体帽子入选海滩防晒脖套热卖榜¥239.00浙江杭州已补10元退货宝包邮9年老店Bananain蕉内旗舰店,502,9年老店Bananain蕉内旗舰店,https://detail.tmall.com/item.htm?id=1020826660012&skuId=6029486700768,https://g-search2.alicdn.com/img/bao/uploaded/i4/i1/3035493001/O1CN01Mz82kt1Y2VjpFHFVI_!!3035493001.jpg,300
蕉内凉皮302UV Air男士透气立领夹克轻量防晒衣透气速干防晒服入选立领运动夹克热卖榜¥259.00浙江杭州退货宝包邮9年老店Bananain蕉内旗舰店,502,9年老店Bananain蕉内旗舰店,https://detail.tmall.com/item.htm?id=1025405048661&skuId=6035315353034,https://g-search3.alicdn.com/img/bao/uploaded/i4/i4/3035493001/O1CN01d18pbI1Y2Vjpa7X0S_!!3035493001.jpg,300
蕉内凉皮303UV Pro女士吸湿速干宽松防晒衣凉感皮肤衣收腰防晒服外套连帽2026年冬季¥279.00浙江杭州已补48元退货宝包邮9年老店Bananain蕉内旗舰店,502,9年老店Bananain蕉内旗舰店,https://detail.tmall.com/item.htm?id=1018269719977&skuId=6194508370568,https://g-search2.alicdn.com/img/bao/uploaded/i4/i1/3035493001/O1CN01ELJGsl1Y2VjpbRXWl_!!3035493001.jpg,300
蕉内凉皮5系女士防晒衣中长款外套透气速干防晒服防紫外线外套女入选夏日防晒女郎店铺榜¥399.00浙江杭州已补120元退货宝包邮9年老店Bananain蕉内旗舰店,502,9年老店Bananain蕉内旗舰店,https://detail.tmall.com/item.htm?id=697480204946&skuId=5923327832941,https://g-search1.alicdn.com/img/bao/uploaded/i4/i3/3035493001/O1CN01aEEK1a1Y2VjqxMyiV_!!3035493001.jpg,300
【特惠专区防晒衣任选】蕉内男士女士防晒衣凉感外套户外防晒服100+男女通用Bananain/蕉内¥99.00浙江杭州新品退货宝包邮9年老店Bananain蕉内旗舰店,502,9年老店Bananain蕉内旗舰店,https://detail.tmall.com/item.htm?id=894098692276&skuId=6236920987424,https://g-search3.alicdn.com/img/bao/uploaded/i4/i3/3035493001/O1CN01qBatjV1Y2VjIiSmIC_!!4611686018427384457-0-item_pic.jpg,300
蕉内凉皮502UVPro男士防晒宽松可调节冰袖女骑行手套防晒春夏新款可调节袖套热卖榜·第2名¥99.00浙江杭州已补5元新品退货宝9年老店Bananain蕉内旗舰店,502,9年老店Bananain蕉内旗舰店,https://detail.tmall.com/item.htm?id=888694975908&skuId=5741373937252,https://g-search2.alicdn.com/img/bao/uploaded/i4/i1/3035493001/O1CN01yXAmcn1Y2VjpU3lIA_!!3035493001.jpg,300
蕉内凉皮302UV Pro女士吸湿速干背部透气硬核防晒衣修身防晒服女薄款外套连帽¥279.00浙江杭州已补25元退货宝包邮9年老店Bananain蕉内旗舰店,502,9年老店Bananain蕉内旗舰店,https://detail.tmall.com/item.htm?id=1025459961290&skuId=6035116676991,https://g-search3.alicdn.com/img/bao/uploaded/i4/i2/3035493001/O1CN01KstcRz1Y2VjpSwqqC_!!3035493001.jpg,300
【达人专享】蕉内凉皮502UV凉感手套男女士透气防滑骑行冰丝防晒入选户外手套热卖榜¥79.00浙江杭州退货宝包邮9年老店Bananain蕉内旗舰店,502,9年老店Bananain蕉内旗舰店,https://detail.tmall.com/item.htm?id=1019825553321&skuId=6094706928228,https://g-search3.alicdn.com/img/bao/uploaded/i4/i2/3035493001/O1CN01KhVfVf1Y2VjlF7mdQ_!!4611686018427384457-0-item_pic.jpg,300
【李佳琦直播间618时尚节】蕉内凉皮502UV男女同款均衡防晒衣薄款外套连帽¥379.00浙江杭州退货宝包邮9年老店Bananain蕉内旗舰店,502,9年老店Bananain蕉内旗舰店,https://detail.tmall.com/item.htm?id=1019559673246&skuId=6245395823167,https://g-search2.alicdn.com/img/bao/uploaded/i4/i1/3035493001/O1CN01ymF88v1Y2VjkadzLF_!!4611686018427384457-0-item_pic.jpg,300
【达人专享】蕉内凉皮5系女士防晒全防护面罩空顶帽遮阳帽檐面罩头戴式防晒面罩热卖榜·第9名¥119.00浙江杭州退货宝包邮9年老店Bananain蕉内旗舰店,502,9年老店Bananain蕉内旗舰店,https://detail.tmall.com/item.htm?id=1041928453370&skuId=6062505121222,https://g-search3.alicdn.com/img/bao/uploaded/i4/i1/3035493001/O1CN01AF1FdV1Y2VjiPyq7r_!!4611686018427384457-2-item_pic.png,300
蕉内凉皮503UV Air女士透气宽松衬衫轻量防晒衣衬衣防紫外线春夏扣子中长款长袖¥359.00浙江杭州已补36元退货宝包邮9年老店Bananain蕉内旗舰店,502,9年老店Bananain蕉内旗舰店,https://detail.tmall.com/item.htm?id=1023907311656&skuId=6036133489911,https://g-search1.alicdn.com/img/bao/uploaded/i4/i1/3035493001/O1CN019LGM5f1Y2Vjqxg2sA_!!3035493001.jpg,300
蕉内银皮301S纯棉隐形船袜男防滑防臭浅口不易松垮夏四季通用抗菌简约¥59.00上海包邮14年老店天猫超市,10,9年老店Bananain蕉内旗舰店,https://detail.tmall.com/item.htm?id=971467231867,https://g-search2.alicdn.com/img/bao/uploaded/i4/i3/6000000005304/O1CN019l5pSf1p3HsSrCNHJ_!!6000000005304-0-sm.jpg,300
蕉内301S男士袜子抗菌运动短袜商务薄款中筒吸汗防臭船袜棉5双夏四季通用抗菌简约¥59.00浙江杭州退货宝回头客6万Bananain蕉内奥莱店,10,9年老店Bananain蕉内旗舰店,https://item.taobao.com/item.htm?id=727923649065,https://g-search3.alicdn.com/img/bao/uploaded/i4/i1/1054195167/O1CN01MgFiz01o2XZxATkWo_!!1054195167.jpg,300
10A抗菌|蕉内银皮301S袜子女中筒袜防臭运动透气短袜春夏船袜棉袜女士船袜热卖榜·第3名¥69.00浙江杭州退货宝包邮9年老店Bananain蕉内旗舰店,10,9年老店Bananain蕉内旗舰店,https://detail.tmall.com/item.htm?id=684144088763,https://g-search3.alicdn.com/img/bao/uploaded/i4/i4/3035493001/O1CN01vcEdUg1Y2VjkrT027_!!3035493001.jpg,300
防臭吸汗|蕉内氮气311Dry男士袜子女中筒袜青少年运动条纹棉袜四季通用抗菌简约¥69.00浙江杭州退货宝包邮9年老店Bananain蕉内旗舰店,10,9年老店Bananain蕉内旗舰店,https://detail.tmall.com/item.htm?id=729486607578,https://g-search2.alicdn.com/img/bao/uploaded/i4/i3/3035493001/O1CN01smpwZH1Y2VjpFjmSJ_!!3035493001.jpg,300
10A抗菌|蕉内银皮501S男士纯棉袜子春夏中筒袜吸汗防臭运动袜黑色百亿补贴男防臭袜热销榜·第5名¥69.00浙江杭州退货宝包邮9年老店Bananain蕉内旗舰店,10,9年老店Bananain蕉内旗舰店,https://detail.tmall.com/item.htm?id=672839530776,https://gw.alicdn.com/imgextra/O1CN01AKtatl1Y2VjpaMIrQ_!!3035493001-0-yinheaigc.jpg,300
蕉内银皮301S纯棉中筒袜吸汗防臭商务休闲短袜春夏全棉袜男天猫超市男士袜子好评榜·第4名¥69.00上海全网低价包邮14年老店天猫超市,10,9年老店Bananain蕉内旗舰店,https://detail.tmall.com/item.htm?id=988907535530,https://g-search1.alicdn.com/img/bao/uploaded/i4/i2/6000000007706/O1CN01bSDALv26nPEAL28OT_!!6000000007706-0-sm.jpg,300
冰丝透气|蕉内凉皮502Cool男士袜子短袜中筒袜防臭运动薄船袜夏季男士运动袜热卖榜·第8名¥59.00浙江杭州退货宝包邮9年老店Bananain蕉内旗舰店,10,9年老店Bananain蕉内旗舰店,https://detail.tmall.com/item.htm?id=697824901654,https://g-search1.alicdn.com/img/bao/uploaded/i4/i4/3035493001/O1CN01B0oL981Y2Vjp9DCgn_!!3035493001.jpg,300
10A抗菌|蕉内银皮555Color男女情侣船袜浅口防滑棉袜隐形防臭袜子入选抗菌船袜热卖榜¥59.00浙江杭州退货宝包邮9年老店Bananain蕉内旗舰店,10,9年老店Bananain蕉内旗舰店,https://detail.tmall.com/item.htm?id=698692748002,https://g-search2.alicdn.com/img/bao/uploaded/i4/i4/3035493001/O1CN01fBR22i1Y2VjpU4lfj_!!3035493001.jpg,300
【所有女生直播间】蕉内银皮500E男女士隐形袜4双装女2025年春季夏季¥69.00浙江杭州退货宝包邮9年老店Bananain蕉内旗舰店,10,9年老店Bananain蕉内旗舰店,https://detail.tmall.com/item.htm?id=1026714476287,https://g-search1.alicdn.com/img/bao/uploaded/i4/i1/3035493001/O1CN01mavrrT1Y2Vji7UZVx_!!4611686018427384457-0-item_pic.jpg,300
蕉内银皮301S精梳棉中短筒袜吸汗防臭运动男士商务休闲袜天猫超市男士短袜好评榜·第6名¥69.00上海包邮14年老店天猫超市,10,9年老店Bananain蕉内旗舰店,https://detail.tmall.com/item.htm?id=1025622699995,https://g-search3.alicdn.com/img/bao/uploaded/i4/i1/6000000003203/O1CN015pCjwj1ZX1k90x7CX_!!6000000003203-0-sm.jpg,300
抗菌防臭|蕉内银皮500E女士船袜男防滑不掉跟浅口隐形袜子夏薄款百亿补贴棉袜热销榜·第8名¥69.00浙江杭州退货宝包邮9年老店Bananain蕉内旗舰店,10,9年老店Bananain蕉内旗舰店,https://detail.tmall.com/item.htm?id=567487475000,https://g-search2.alicdn.com/img/bao/uploaded/i4/i1/3035493001/O1CN01QcymkI1Y2VjpU3lIt_!!3035493001.jpg,300
抗菌防臭|蕉内银皮500E隐形船袜女士不掉跟防滑浅口单鞋袜子夏薄纯色薄款情侣¥69.00浙江杭州退货宝包邮9年老店Bananain蕉内旗舰店,10,9年老店Bananain蕉内旗舰店,https://detail.tmall.com/item.htm?id=671393357542,https://g-search3.alicdn.com/img/bao/uploaded/i4/i4/3035493001/O1CN01Pc0tmD1Y2VjpbcaM2_!!3035493001.jpg,300
蕉内氮气501Dry运动袜男士吸汗防臭透气跑步袜毛巾底短袜夏季3双四季通用男简约¥69.00浙江杭州退货宝回头客6万Bananain蕉内奥莱店,10,9年老店Bananain蕉内旗舰店,https://item.taobao.com/item.htm?id=821168972024,https://g-search3.alicdn.com/img/bao/uploaded/i4/i2/1054195167/O1CN01KdOxV51o2XcFwZ1Tx-1054195167.jpg,300
【所有女生的衣橱直播间】蕉内凉皮302Cool男/女士袜子船袜四季通用男短筒¥59.00浙江杭州退货宝包邮9年老店Bananain蕉内旗舰店,10,9年老店Bananain蕉内旗舰店,https://detail.tmall.com/item.htm?id=1045496102376,https://g-search3.alicdn.com/img/bao/uploaded/i4/i4/3035493001/O1CN013NYOol1Y2Vjkmj7gb_!!4611686018427384457-0-item_pic.jpg,300
防臭吸汗|蕉内氮气311Dry男士短袜运动透气中筒袜青少年条纹袜子四季通用男短筒¥69.00浙江杭州退货宝包邮9年老店Bananain蕉内旗舰店,10,9年老店Bananain蕉内旗舰店,https://detail.tmall.com/item.htm?id=877635356977,https://g-search1.alicdn.com/img/bao/uploaded/i4/i1/3035493001/O1CN01gNrv6P1Y2VjpEJYQc_!!3035493001.jpg,300
蕉内凉皮502Cool短袜女网眼运动中筒袜防臭不掉跟船袜冰丝袜夏3双入选职业通勤内搭店铺榜¥59.00浙江杭州退货宝回头客6万Bananain蕉内奥莱店,10,9年老店Bananain蕉内旗舰店,https://item.taobao.com/item.htm?id=785793523225,https://g-search1.alicdn.com/img/bao/uploaded/i4/i1/1054195167/O1CN01poMQVZ1o2XcGIBuZF-1054195167.jpg,300
7A抗菌|蕉内银皮311S男士袜子女中筒袜运动防臭大码罗纹棉袜舒适入选品质棉袜店铺榜¥69.00浙江杭州退货宝包邮9年老店Bananain蕉内旗舰店,10,9年老店Bananain蕉内旗舰店,https://detail.tmall.com/item.htm?id=600583964263,https://gw.alicdn.com/imgextra/O1CN01FeW2WM1Y2VjpTwBkz_!!3035493001-0-yinheaigc.jpg,300
蕉内凉皮302Cool纯棉男袜透气大网眼短袜运动吸汗防臭棉袜薄船袜天猫超市男士短袜好评榜·第2名¥59.00上海包邮14年老店天猫超市,10,9年老店Bananain蕉内旗舰店,https://detail.tmall.com/item.htm?id=1026801014380,https://g-search1.alicdn.com/img/bao/uploaded/i4/i1/6000000000660/O1CN01fPdX2H1GkKXy59LeU_!!6000000000660-0-sm.jpg,300
商务棉袜|蕉内银皮509S男士长袜正装袜防臭黑色皮鞋袜子西装袜四季通用抗菌简约¥79.00浙江杭州退货宝包邮9年老店Bananain蕉内旗舰店,10,9年老店Bananain蕉内旗舰店,https://detail.tmall.com/item.htm?id=729324430366,https://g-search2.alicdn.com/img/bao/uploaded/i4/i1/3035493001/O1CN017K57Hc1Y2VjpyxQAz_!!3035493001.jpg,300
防臭吸汗|蕉内氮气311Dry男士短袜女中筒袜青少年运动条纹袜子四季通用男短筒¥69.00浙江杭州新品退货宝包邮9年老店Bananain蕉内旗舰店,10,9年老店Bananain蕉内旗舰店,https://detail.tmall.com/item.htm?id=890842446863,https://g-search1.alicdn.com/img/bao/uploaded/i4/i3/3035493001/O1CN01tdUY4o1Y2VjpUBh6C_!!3035493001.jpg,300
蕉内袜子男银皮301S男士中筒棉袜7A抗菌吸汗防臭运动短袜春夏船袜四季通用抗菌简约¥66.60浙江杭州新品包邮6年老店官芳正品严选店,10,9年老店Bananain蕉内旗舰店,https://item.taobao.com/item.htm?id=890597548419,https://g-search3.alicdn.com/img/bao/uploaded/i4/i2/3237756720/O1CN01dkZKHs1zVohECNZBq_!!3237756720.jpg,300
防臭吸汗|蕉内氮气520Dry男士抗菌透气10号球员主题袜子运动短袜四季通用男短筒¥29.00浙江杭州退货宝9年老店Bananain蕉内旗舰店,10,9年老店Bananain蕉内旗舰店,https://detail.tmall.com/item.htm?id=1031282727989,https://g-search3.alicdn.com/img/bao/uploaded/i4/i2/3035493001/O1CN01VlJFza1Y2VjpicBd1_!!3035493001.jpg,300
蕉内凉皮502Cool网眼袜短筒袜运动中筒袜防臭防滑船袜薄夏天猫超市男士短袜好评榜·第5名¥59.00上海包邮14年老店天猫超市,10,9年老店Bananain蕉内旗舰店,https://detail.tmall.com/item.htm?id=1031152444220,https://g-search1.alicdn.com/img/bao/uploaded/i4/i1/6000000004374/O1CN01Ni86Bt1iBLXLC60cG_!!6000000004374-0-sm.jpg,300
7A抗菌|蕉内银皮311S男士中筒袜防臭运动袜子商务罗纹厚棉袜黑色四季通用抗菌简约¥69.00浙江杭州退货宝包邮9年老店Bananain蕉内旗舰店,10,9年老店Bananain蕉内旗舰店,https://detail.tmall.com/item.htm?id=674769188966,https://g-search3.alicdn.com/img/bao/uploaded/i4/i2/3035493001/O1CN010gYpkm1Y2VjpzDGWR_!!3035493001.jpg,300
冰丝透气|蕉内凉皮302Cool女士短袜运动防臭棉袜子浅口船袜夏薄款女士船袜热卖榜·第5名¥59.00浙江杭州退货宝包邮9年老店Bananain蕉内旗舰店,10,9年老店Bananain蕉内旗舰店,https://detail.tmall.com/item.htm?id=698040286959,https://g-search2.alicdn.com/img/bao/uploaded/i4/i3/3035493001/O1CN01jCKOZd1Y2VjpXkCkq_!!3035493001.jpg,300
防臭吸汗|蕉内氮气311Dry男士中筒袜青少年运动健身条纹短袜入选天猫超市运动袜热销榜¥59.00上海包邮14年老店天猫超市,10,9年老店Bananain蕉内旗舰店,https://detail.tmall.com/item.htm?id=981652256394,https://g-search3.alicdn.com/img/bao/uploaded/i4/i4/6000000000226/O1CN01Jw6T0e1DXYehQkXAm_!!6000000000226-0-sm.jpg,300
4双蕉内501S中筒袜男10A抗菌袜子吸汗防臭防滑运动袜夏季纯棉短袜四季通用吸湿排汗简约¥69.00浙江杭州退货宝回头客6万Bananain蕉内奥莱店,10,9年老店Bananain蕉内旗舰店,https://item.taobao.com/item.htm?id=769757721994,https://g-search1.alicdn.com/img/bao/uploaded/i4/i3/1054195167/O1CN01X4q7lH1o2XcFwbRBF-1054195167.jpg,300
【特惠捡漏12.9元任选】蕉内男女士袜子吸汗透气防臭春夏薄款棉袜四季通用抗菌简约¥39.00浙江杭州退货宝回头客6万Bananain蕉内奥莱店,10,9年老店Bananain蕉内旗舰店,https://item.taobao.com/item.htm?id=1056218148397,https://g-search1.alicdn.com/img/bao/uploaded/i4/i3/1054195167/O1CN01OA9yBJ1o2XcG4uo1x_!!1054195167.jpg,300
防臭吸汗|蕉内氮气501Dry男短袜跑步运动长袜毛巾袜健身袜子棉袜入选百亿补贴男防臭袜热销榜¥79.00浙江杭州退货宝包邮9年老店Bananain蕉内旗舰店,10,9年老店Bananain蕉内旗舰店,https://detail.tmall.com/item.htm?id=820642836230,https://g-search3.alicdn.com/img/bao/uploaded/i4/i1/3035493001/O1CN01mlrGGk1Y2VjqxqebW_!!3035493001.jpg,300
【达人专享】蕉内银皮301S袜子男女士情侣中筒袜短袜春船袜棉袜四季通用抗菌简约¥69.00浙江杭州退货宝包邮9年老店Bananain蕉内旗舰店,10,9年老店Bananain蕉内旗舰店,https://detail.tmall.com/item.htm?id=1009463620170,https://g-search3.alicdn.com/img/bao/uploaded/i4/i3/3035493001/O1CN01aiphzY1Y2VjiShHKC_!!4611686018427384457-2-item_pic.png,300
【所有女生的衣橱直播间】蕉内凉皮5系女士机能风裙裤/工装裙裤工装裤百搭自然腰¥259.00浙江杭州退货宝包邮9年老店Bananain蕉内旗舰店,3,9年老店Bananain蕉内旗舰店,https://detail.tmall.com/item.htm?id=1046465621501,https://g-search3.alicdn.com/img/bao/uploaded/i4/i1/3035493001/O1CN01NW5dUw1Y2VjkrbfXp_!!4611686018427384457-0-item_pic.jpg,300
蕉内非常502Regular男女情侣三防轻薄棉感透气休闲短袖白色t恤休闲风抗污耐脏青年¥159.00浙江杭州退货宝包邮9年老店Bananain蕉内旗舰店,3,9年老店Bananain蕉内旗舰店,https://detail.tmall.com/item.htm?id=764842070041,https://g-search2.alicdn.com/img/bao/uploaded/i4/i1/3035493001/O1CN01AZLCcN1Y2VjpUOEbw_!!3035493001.jpg,300
防臭吸汗|蕉内氮气502DryPro男士袜子抗菌小腿袜骑行袜运动长袜女四季通用运动男女通用¥59.00浙江杭州退货宝9年老店Bananain蕉内旗舰店,3,9年老店Bananain蕉内旗舰店,https://detail.tmall.com/item.htm?id=1025611271601,https://gw.alicdn.com/imgextra/O1CN01bFA2q91Y2VjnRBqrt_!!3035493001-0-picasso.jpg,300
蕉内氧气502Proof男士三防工装裤束脚裤机能户外宽松透气新款裤子透气青春活力风青年¥399.00浙江杭州退货宝包邮9年老店Bananain蕉内旗舰店,3,9年老店Bananain蕉内旗舰店,https://detail.tmall.com/item.htm?id=951811671549,https://g-search1.alicdn.com/img/bao/uploaded/i4/i4/3035493001/O1CN01xcMrB61Y2VjpTerkG_!!3035493001.jpg,300
蕉内凉皮501Cool女u领短袖t恤女上衣白色内搭修身打底衫新款夏季女士打底衫热卖榜·第7名¥119.00浙江杭州退货宝包邮9年老店Bananain蕉内旗舰店,501,9年老店Bananain蕉内旗舰店,https://detail.tmall.com/item.htm?id=885684319353,https://g-search3.alicdn.com/img/bao/uploaded/i4/i3/3035493001/O1CN01c3k1ff1Y2VjoOgizi_!!3035493001.jpg,1
【刘浩存同款】蕉内凉皮501Cool方领带胸垫短袖t恤女上衣夏季新款春季方领短袖¥119.00浙江杭州退货宝包邮9年老店Bananain蕉内旗舰店,501,9年老店Bananain蕉内旗舰店,https://detail.tmall.com/item.htm?id=764836546215,https://g-search3.alicdn.com/img/bao/uploaded/i4/i4/3035493001/O1CN01edPXdJ1Y2Vjoep1oh_!!3035493001.jpg,1
蕉内非常303Relax男女情侣速干轻薄棉感宽松休闲短袖t恤白色上衣休闲风透气宽松型¥119.00浙江杭州退货宝包邮9年老店Bananain蕉内旗舰店,501,9年老店Bananain蕉内旗舰店,https://detail.tmall.com/item.htm?id=1018041531148,https://g-search3.alicdn.com/img/bao/uploaded/i4/i1/3035493001/O1CN01e8GLR81Y2Vjpicr7R_!!3035493001.jpg,1
[王一博同款]蕉内凉皮502Cool男女款棉柔抗皱男士白色短袖t恤半袖入选88VIP甄选男士T恤好评榜¥159.00浙江杭州退货宝包邮9年老店Bananain蕉内旗舰店,501,9年老店Bananain蕉内旗舰店,https://detail.tmall.com/item.htm?id=878399789329,https://g-search3.alicdn.com/img/bao/uploaded/i4/i3/3035493001/O1CN019LNm2P1Y2Vjq8Cbyo_!!3035493001.jpg,1
蕉内凉皮501Cool男士速干透气珠地插肩修身短袖机能POLO凉感t恤休闲风凉感修身型¥259.00浙江杭州退货宝包邮9年老店Bananain蕉内旗舰店,501,9年老店Bananain蕉内旗舰店,https://detail.tmall.com/item.htm?id=1053130951791,https://g-search2.alicdn.com/img/bao/uploaded/i4/i4/3035493001/O1CN013HnnET1Y2VjpVtfsl_!!3035493001.jpg,1
蕉内凉皮501Cool圆领抽褶短袖t恤女内搭上衣打底衫拼色新款夏季春季飞飞袖圆领¥119.00浙江杭州退货宝包邮9年老店Bananain蕉内旗舰店,501,9年老店Bananain蕉内旗舰店,https://detail.tmall.com/item.htm?id=1044396863442,https://g-search2.alicdn.com/img/bao/uploaded/i4/i2/3035493001/O1CN01U9kFie1Y2VjpAPEwI_!!3035493001.jpg,1
蕉内非常302Regular男女同款轻薄速干棉圆领男士短袖t恤上衣新款休闲风速干国内知名品牌¥119.00浙江杭州退货宝包邮9年老店Bananain蕉内旗舰店,501,9年老店Bananain蕉内旗舰店,https://detail.tmall.com/item.htm?id=1015807499141,https://g-search1.alicdn.com/img/bao/uploaded/i4/i3/3035493001/O1CN01bqcGLZ1Y2VjpVwtZl_!!3035493001.jpg,1
[王一博同款]蕉内凉皮502CoolAir男士速干衣透气短袖t恤健身上衣男士T恤热卖榜·第4名¥199.00浙江杭州退货宝包邮9年老店Bananain蕉内旗舰店,501,9年老店Bananain蕉内旗舰店,https://detail.tmall.com/item.htm?id=1019949623056,https://g-search3.alicdn.com/img/bao/uploaded/i4/i2/3035493001/O1CN01zpWUf91Y2VjoeocuY_!!3035493001.jpg,1
蕉内基础301Go插肩拼色T恤高弹凉感软糯舒适修身显瘦亲肤短袖夏季插肩袖短袖休闲风¥129.00浙江杭州退货宝包邮回头客6万Bananain蕉内奥莱店,501,9年老店Bananain蕉内旗舰店,https://item.taobao.com/item.htm?id=769752874601,https://g-search3.alicdn.com/img/bao/uploaded/i4/i1/1054195167/O1CN01cuWv1J1o2XOpNEO3J-1054195167.jpg,1
【刘浩存同款】蕉内凉皮501Cool短袖t恤女内搭上衣打底衫新款夏季女士打底衫热卖榜·第4名¥119.00浙江杭州新品退货宝包邮9年老店Bananain蕉内旗舰店,501,9年老店Bananain蕉内旗舰店,https://detail.tmall.com/item.htm?id=889167135919,https://g-search2.alicdn.com/img/bao/uploaded/i4/i2/3035493001/O1CN01h0nVps1Y2Vjp9Aefi_!!3035493001.png,1
蕉内非常502Regular男士速干棉感亨利领休闲运动商务短袖t恤衣服休闲风透气标准¥159.00浙江杭州退货宝包邮9年老店Bananain蕉内旗舰店,501,9年老店Bananain蕉内旗舰店,https://detail.tmall.com/item.htm?id=1018040563550,https://g-search3.alicdn.com/img/bao/uploaded/i4/i2/3035493001/O1CN01zIKu7X1Y2VjpTys6a_!!3035493001.jpg,1
蕉内凉皮502Cool速干短袖圆领t恤女上衣打底衫内搭防晒春夏26新款春季圆领短袖¥159.00浙江杭州退货宝包邮9年老店Bananain蕉内旗舰店,501,9年老店Bananain蕉内旗舰店,https://detail.tmall.com/item.htm?id=1027920476308,https://g-search1.alicdn.com/img/bao/uploaded/i4/i2/3035493001/O1CN01yBXTyz1Y2VjpTxvsY_!!3035493001.jpg,1
蕉内凉皮501Cool女u领短袖t恤女上衣白色内搭修身打底衫新款夏季直筒裤简约自然腰¥119.00浙江杭州退货宝包邮9年老店Bananain蕉内旗舰店,501,9年老店Bananain蕉内旗舰店,https://detail.tmall.com/item.htm?id=1047337504754,https://g-search1.alicdn.com/img/bao/uploaded/i4/i3/3035493001/O1CN01XJbWTx1Y2VjqxeEZ8_!!3035493001.jpg,1
蕉内凉皮502Cool男士速干透气短袖机能POLO衫凉感防晒T恤上衣男装休闲风防紫外线标准¥259.00浙江杭州退货宝包邮9年老店Bananain蕉内旗舰店,501,9年老店Bananain蕉内旗舰店,https://detail.tmall.com/item.htm?id=1054882861809,https://g-search1.alicdn.com/img/bao/uploaded/i4/i1/3035493001/O1CN01BNb0Tx1Y2VjpDnfMS_!!3035493001.jpg,1
蕉内棉棉301Home家居服T恤情侣女士家居短袖四季新款男士纯棉睡衣奥莱清仓睡衣上装热卖榜·第1名¥99.00浙江杭州退货宝包邮9年老店Bananain蕉内旗舰店,501,9年老店Bananain蕉内旗舰店,https://detail.tmall.com/item.htm?id=697026991421,https://g-search3.alicdn.com/img/bao/uploaded/i4/i2/3035493001/O1CN011BpCMq1Y2VjpbdFvf_!!3035493001.jpg,1
蕉内凉皮501Cool女士斜肩修身短袖t恤早春上衣内搭打底衫新款夏季春季短袖斜领¥119.00浙江杭州退货宝包邮9年老店Bananain蕉内旗舰店,501,9年老店Bananain蕉内旗舰店,https://detail.tmall.com/item.htm?id=1021506709704,https://g-search1.alicdn.com/img/bao/uploaded/i4/i2/3035493001/O1CN01isDElZ1Y2VjpbspZn_!!3035493001.jpg,1
【刘浩存同款】蕉内凉皮501Cool圆领短袖t恤女内搭上衣打底衫夏季春季飞飞袖圆领¥119.00浙江杭州退货宝包邮9年老店Bananain蕉内旗舰店,501,9年老店Bananain蕉内旗舰店,https://detail.tmall.com/item.htm?id=885536991256,https://g-search3.alicdn.com/img/bao/uploaded/i4/i1/3035493001/O1CN01bX2q7M1Y2VjogR2t1_!!3035493001.jpg,1
蕉内非常520Color男女棉感刺绣超级市场宽松休闲短袖t恤情侣新款休闲风透气标准¥159.00浙江杭州退货宝包邮9年老店Bananain蕉内旗舰店,501,9年老店Bananain蕉内旗舰店,https://detail.tmall.com/item.htm?id=1018672534790,https://g-search3.alicdn.com/img/bao/uploaded/i4/i2/3035493001/O1CN019ZhLXQ1Y2VjpU3h51_!!3035493001.jpg,1
蕉内棉棉301Home男士无痕短袖T恤四季款上衣纯色男款睡衣家居服夏季纯色男¥99.00浙江杭州退货宝包邮9年老店Bananain蕉内旗舰店,501,9年老店Bananain蕉内旗舰店,https://detail.tmall.com/item.htm?id=876723518934,https://g-search3.alicdn.com/img/bao/uploaded/i4/i4/3035493001/O1CN01DOMx6m1Y2VjpFGVqI_!!3035493001.jpg,1
蕉内非常302Regular男童短袖T恤女童棉感卡通上衣运动吸湿速干潮休闲风速干标准¥99.00浙江杭州退货宝包邮9年老店Bananain蕉内旗舰店,501,9年老店Bananain蕉内旗舰店,https://detail.tmall.com/item.htm?id=1042737987027,https://g-search2.alicdn.com/img/bao/uploaded/i4/i1/3035493001/O1CN01pETyix1Y2VjpibJVe_!!3035493001.jpg,1
【达人专享】蕉内凉皮502Cool女士速干透气圆领短袖机能T恤休闲风透气国内知名品牌¥159.00浙江杭州退货宝包邮9年老店Bananain蕉内旗舰店,501,9年老店Bananain蕉内旗舰店,https://detail.tmall.com/item.htm?id=1044113780737,https://g-search3.alicdn.com/img/bao/uploaded/i4/i1/3035493001/O1CN01RFJGAQ1Y2Vjkwh2KB_!!4611686018427384457-0-item_pic.jpg,1
蕉内凉皮502Cool男士速干透气圆领机能背心t恤凉感运动排汗上衣标准汗背心圆领¥159.00浙江杭州退货宝包邮9年老店Bananain蕉内旗舰店,501,9年老店Bananain蕉内旗舰店,https://detail.tmall.com/item.htm?id=1033689492122,https://g-search3.alicdn.com/img/bao/uploaded/i4/i1/3035493001/O1CN01836AU51Y2VjpzBvRV_!!3035493001.jpg,1
[王一博同款]蕉内非常503Relax男女同款速干水洗棉短袖t恤新款夏休闲风透气标准¥159.00浙江杭州退货宝包邮9年老店Bananain蕉内旗舰店,501,9年老店Bananain蕉内旗舰店,https://detail.tmall.com/item.htm?id=1018147984627,https://g-search2.alicdn.com/img/bao/uploaded/i4/i4/3035493001/O1CN01IF7oke1Y2VjpULouf_!!3035493001.jpg,1
蕉内凉皮501Cool女士v领修身短袖t恤早春上衣内搭打底衫新款夏季春季短袖V领¥119.00浙江杭州退货宝包邮9年老店Bananain蕉内旗舰店,501,9年老店Bananain蕉内旗舰店,https://detail.tmall.com/item.htm?id=1020614194026,https://g-search3.alicdn.com/img/bao/uploaded/i4/i4/3035493001/O1CN01MAQhl71Y2VjpzDjgl_!!3035493001.jpg,1
【所有女生的衣橱直播间】蕉内凉皮501C女士肌底衣（方领/U领）春季方领短袖¥119.00浙江杭州退货宝包邮9年老店Bananain蕉内旗舰店,501,9年老店Bananain蕉内旗舰店,https://detail.tmall.com/item.htm?id=1036741109630,https://g-search3.alicdn.com/img/bao/uploaded/i4/i3/3035493001/O1CN01btnThC1Y2VjmPc2hA_!!4611686018427384457-0-item_pic.jpg,1
蕉内棉棉301Home男女士居家短袖T恤春夏款情侣纯棉纯色睡衣家居服短袖圆领夏季¥99.00浙江杭州退货宝包邮回头客6万Bananain蕉内奥莱店,501,9年老店Bananain蕉内旗舰店,https://item.taobao.com/item.htm?id=893294140412,https://gw.alicdn.com/imgextra/O1CN01d1Gexq1o2XcGBXaxM_!!1054195167-0-yinheaigc.jpg,1
蕉内凉皮503Cool Pro男士速干梭织机能短袖t恤凉感防晒运动上衣机能风凉感标准¥259.00浙江杭州退货宝包邮9年老店Bananain蕉内旗舰店,501,9年老店Bananain蕉内旗舰店,https://detail.tmall.com/item.htm?id=1022267956994,https://gw.alicdn.com/imgextra/i4/O1CN01Yj7zr21OZLys1Ss8M_!!6000000001719-2-tps-279-42.png,1
蕉内凉皮502Cool Air一字领宽松长袖t恤白色罩衫上衣女新款夏季春季一字领长袖¥159.00浙江杭州退货宝包邮9年老店Bananain蕉内旗舰店,501,9年老店Bananain蕉内旗舰店,https://detail.tmall.com/item.htm?id=1020486384140,https://gw.alicdn.com/imgextra/i4/O1CN01Yj7zr21OZLys1Ss8M_!!6000000001719-2-tps-279-42.png,1
蕉内凉皮501Cool短袖t恤女短款正肩早春上衣打底衫辣妹修身内搭夏夏季短款圆领¥129.00浙江杭州退货宝包邮9年老店Bananain蕉内旗舰店,501,9年老店Bananain蕉内旗舰店,https://detail.tmall.com/item.htm?id=764808233064,https://gw.alicdn.com/imgextra/i4/O1CN01Yj7zr21OZLys1Ss8M_!!6000000001719-2-tps-279-42.png,1
蕉内凉皮502Cool Air男女速干透气机能短袖t恤宽松上衣2026新款夏休闲风标准¥199.00浙江杭州退货宝包邮9年老店Bananain蕉内旗舰店,501,9年老店Bananain蕉内旗舰店,https://detail.tmall.com/item.htm?id=1020598018924,https://gw.alicdn.com/imgextra/i4/O1CN01Yj7zr21OZLys1Ss8M_!!6000000001719-2-tps-279-42.png,1
蕉内棉棉301Home男士无痕短袖T恤纯棉纯色男款睡衣家居服新款短袖圆领四季通用¥99.00浙江杭州退货宝包邮9年老店Bananain蕉内旗舰店,501,9年老店Bananain蕉内旗舰店,https://detail.tmall.com/item.htm?id=887524053384,https://gw.alicdn.com/imgextra/i4/O1CN01Yj7zr21OZLys1Ss8M_!!6000000001719-2-tps-279-42.png,1
【搭配】蕉内凉皮503Cool Pro男士速干梭织短袖t恤凉感防晒上衣凉感休闲男士¥259.00浙江杭州退货宝包邮9年老店Bananain蕉内旗舰店,501,9年老店Bananain蕉内旗舰店,https://detail.tmall.com/item.htm?id=1038634844148,https://gw.alicdn.com/imgextra/i4/O1CN01Yj7zr21OZLys1Ss8M_!!6000000001719-2-tps-279-42.png,1
蕉内丝丝508Sleep短袖T恤莫代尔四季大码短袖打底衫睡衣男士背心男士背心热卖榜·第6名¥129.00浙江杭州退货宝包邮9年老店Bananain蕉内旗舰店,501,9年老店Bananain蕉内旗舰店,https://detail.tmall.com/item.htm?id=598745425672,https://g-search1.alicdn.com/img/bao/uploaded/i4/i4/3035493001/O1CN01Stdc661Y2VjpAcb5u_!!3035493001.jpg,1
蕉内棉棉301Home男女士居家短袖T恤情侣纯棉纯色睡衣新款夏季圆领短袖¥99.00浙江杭州退货宝包邮9年老店Bananain蕉内旗舰店,501,9年老店Bananain蕉内旗舰店,https://detail.tmall.com/item.htm?id=914259335963,https://g-search1.alicdn.com/img/bao/uploaded/i4/i2/3035493001/O1CN01sSQ9O71Y2VjkrDtUA_!!3035493001.jpg,1
蕉内丝丝508S莫代尔睡衣男夏季短袖T恤大码冰丝凉感打底衫家居服四季通用纯色莫代尔¥129.00浙江杭州退货宝包邮回头客6万Bananain蕉内奥莱店,501,9年老店Bananain蕉内旗舰店,https://item.taobao.com/item.htm?id=765741846591,https://gw.alicdn.com/imgextra/i4/O1CN01dPvgAJ1Zwfv79ayOL_!!6000000003259-2-tps-191-42.png,1
[王一博同款]蕉内凉皮503CoolPro男士吸湿速干衣短袖t恤凉感防晒入选跑步T恤热卖榜¥259.00浙江杭州新品退货宝包邮9年老店Bananain蕉内旗舰店,501,9年老店Bananain蕉内旗舰店,https://detail.tmall.com/item.htm?id=892993184849,https://gw.alicdn.com/imgextra/i4/O1CN01Yj7zr21OZLys1Ss8M_!!6000000001719-2-tps-279-42.png,1
蕉内凉皮502Cool男士速干机能长袖t恤白色打底衫内搭上衣开春新款机能风速干国内知名品牌¥199.00浙江杭州退货宝包邮9年老店Bananain蕉内旗舰店,515,9年老店Bananain蕉内旗舰店,https://detail.tmall.com/item.htm?id=1017373229358&skuId=6190696079588,https://g-search3.alicdn.com/img/bao/uploaded/i4/i3/3035493001/O1CN011zRkru1Y2VjpULgbE_!!3035493001.jpg,1
蕉内凉皮302Cool女士速干防晒长袖亨利领t恤罩衫白色上衣夏季新款春季圆领长袖¥159.00浙江杭州退货宝包邮9年老店Bananain蕉内旗舰店,515,9年老店Bananain蕉内旗舰店,https://detail.tmall.com/item.htm?id=1015897423070&skuId=6097535757983,https://g-search1.alicdn.com/img/bao/uploaded/i4/i1/3035493001/O1CN011VNY971Y2VjpE6GMK_!!3035493001.jpg,1
蕉内非常520Color女士棉感主题长袖拼色休闲t恤女插肩辣妹春夏秋季圆领长袖¥199.00浙江杭州已补30元退货宝包邮9年老店Bananain蕉内旗舰店,515,9年老店Bananain蕉内旗舰店,https://detail.tmall.com/item.htm?id=816101426424&skuId=5874652273105,https://g-search3.alicdn.com/img/bao/uploaded/i4/i4/3035493001/O1CN01SRMCcf1Y2VjpDosI4_!!3035493001.jpg,1
蕉内凉皮503Cool Air亨利领宽松长袖t恤女罩衫早春上衣26新款夏季春季亨利衫领长袖¥159.00浙江杭州已补6元退货宝包邮9年老店Bananain蕉内旗舰店,515,9年老店Bananain蕉内旗舰店,https://detail.tmall.com/item.htm?id=1018182939559&skuId=6194344530314,https://g-search1.alicdn.com/img/bao/uploaded/i4/i1/3035493001/O1CN01JEEVnL1Y2VjpFYdbk_!!3035493001.jpg,1
【所有女生的衣橱直播间】蕉内凉皮5系女士莫代尔长袖罩衫/吊带春季中长款V领¥159.00浙江杭州退货宝包邮9年老店Bananain蕉内旗舰店,515,9年老店Bananain蕉内旗舰店,https://detail.tmall.com/item.htm?id=1054299528640&skuId=6254740042040,https://g-search3.alicdn.com/img/bao/uploaded/i4/i4/3035493001/O1CN01pXcj5f1Y2VjmceJbT_!!4611686018427384457-0-item_pic.jpg,1
蕉内热皮5系肌底衣女黑色打底衫保暖内衣内搭秋衣肌底衣热卖榜·第10名¥179.00浙江杭州退货宝包邮9年老店Bananain蕉内旗舰店,515,9年老店Bananain蕉内旗舰店,https://detail.tmall.com/item.htm?id=680886580113&skuId=5952339233721,https://g-search2.alicdn.com/img/bao/uploaded/i4/i3/3035493001/O1CN01SgdsTS1Y2Vjkrg9uW_!!3035493001.jpg,1
【刘浩存同款】蕉内凉皮5系CoolAir长袖t恤白色罩衫女上衣新款夏春季V领长袖¥159.00浙江杭州已补6元退货宝包邮9年老店Bananain蕉内旗舰店,515,9年老店Bananain蕉内旗舰店,https://detail.tmall.com/item.htm?id=1018830834850&skuId=6028929376487,https://g-search3.alicdn.com/img/bao/uploaded/i4/i2/3035493001/O1CN01fYruND1Y2VjpbrpEw_!!3035493001.jpg,1
蕉内热皮701+吸湿排汗羊毛长袖t恤上衣肌底衣女保暖打底衫秋衣入选88VIP甄选肌底衣热销榜¥299.00浙江杭州退货宝包邮9年老店Bananain蕉内旗舰店,515,9年老店Bananain蕉内旗舰店,https://detail.tmall.com/item.htm?id=826421747852&skuId=5834951961074,https://g-search1.alicdn.com/img/bao/uploaded/i4/i2/3035493001/O1CN019DXFzV1Y2VjpZnnMY_!!3035493001.jpg,1
【所有女生的衣橱直播间】蕉内棉棉300S女士棉莫短/长袖睡裙入选女士睡裙新品榜¥109.00浙江杭州退货宝包邮9年老店Bananain蕉内旗舰店,515,9年老店Bananain蕉内旗舰店,https://detail.tmall.com/item.htm?id=1020552752752&skuId=6030071365182,https://g-search3.alicdn.com/img/bao/uploaded/i4/i2/3035493001/O1CN01nEoOKd1Y2VjilB11u_!!4611686018427384457-0-item_pic.jpg,1
蕉内棉棉506Sleep男女士睡衣5A抗菌莫棉情侣款长袖女款家居服套装情侣长袖冬季¥299.00浙江杭州退货宝包邮9年老店Bananain蕉内旗舰店,515,9年老店Bananain蕉内旗舰店,https://detail.tmall.com/item.htm?id=950241148570&skuId=5861162380728,https://g-search3.alicdn.com/img/bao/uploaded/i4/i2/3035493001/O1CN01Mdqf6V1Y2VjpbbVln_!!3035493001.jpg,1
蕉内棉棉301Sleep男女士睡衣5A抗菌棉莫圆领长袖T恤新款家居服秋季纯色男女通用¥119.00浙江杭州退货宝包邮9年老店Bananain蕉内旗舰店,515,9年老店Bananain蕉内旗舰店,https://detail.tmall.com/item.htm?id=950695516362&skuId=6028841478774,https://g-search3.alicdn.com/img/bao/uploaded/i4/i3/3035493001/O1CN01a3nhuZ1Y2Vjpiayfa_!!3035493001.jpg,1
蕉内热皮5系男女士保暖套装肌底衣发热打底衫加厚秋衣秋裤棉毛衫发热保暖套装热卖榜·第1名¥259.00浙江杭州退货宝包邮9年老店Bananain蕉内旗舰店,515,9年老店Bananain蕉内旗舰店,https://detail.tmall.com/item.htm?id=653394612048&skuId=5765959246522,https://g-search2.alicdn.com/img/bao/uploaded/i4/i1/3035493001/O1CN01tvIqHO1Y2VjpAcWuz_!!3035493001.jpg,1
蕉内春夏男装女装t恤背心吊带防晒衣裤子卫衣盲盒（随机发一件）春季圆领长袖¥99.00浙江杭州新品退货宝包邮9年老店Bananain蕉内旗舰店,515,9年老店Bananain蕉内旗舰店,https://detail.tmall.com/item.htm?id=891201006401&skuId=5739165321144,https://g-search1.alicdn.com/img/bao/uploaded/i4/i2/3035493001/O1CN013Ey7ay1Y2VjMSrot4_!!4611686018427384457-0-item_pic.jpg,1
【王一博同款】蕉内凉皮302UV Air男士防晒衣速干透气立领夹克男入选夏日防晒女郎店铺榜¥259.00浙江杭州退货宝包邮9年老店Bananain蕉内旗舰店,515,9年老店Bananain蕉内旗舰店,https://detail.tmall.com/item.htm?id=1023698926960&skuId=6034307012135,https://g-search1.alicdn.com/img/bao/uploaded/i4/i4/3035493001/O1CN01dvy0tZ1Y2VjpWDPZ2_!!3035493001.jpg,1
【所有女生的衣橱直播间】蕉内凉皮303UV Pro女士硬核防晒衣外套连帽2026年春季¥279.00浙江杭州退货宝包邮9年老店Bananain蕉内旗舰店,515,9年老店Bananain蕉内旗舰店,https://detail.tmall.com/item.htm?id=1018928858226&skuId=6033505969612,https://g-search1.alicdn.com/img/bao/uploaded/i4/i3/3035493001/O1CN01yr05HS1Y2VjpdxG4o_!!4611686018427384457-0-item_pic.jpg,1
蕉内棉棉300Sleep女士睡裙带胸垫棉可外穿带杯长袖家居服吊带裙长袖春季圆领¥109.00浙江杭州退货宝包邮回头客6万Bananain蕉内奥莱店,515,9年老店Bananain蕉内旗舰店,https://item.taobao.com/item.htm?id=892239739581&skuId=6046210724413,https://g-search3.alicdn.com/img/bao/uploaded/i4/i1/1054195167/O1CN01nQer6b1o2XcFwc2Zj-1054195167.jpg,1
蕉内绒绒520Home女款大码家居服带胸垫法兰绒女士冬季可外穿睡衣¥329.00浙江杭州退货宝包邮9年老店Bananain蕉内旗舰店,515,9年老店Bananain蕉内旗舰店,https://detail.tmall.com/item.htm?id=1005798128806&skuId=5998210029139,https://g-search3.alicdn.com/img/bao/uploaded/i4/i4/3035493001/O1CN019JUmjD1Y2Vjpj5SFP_!!3035493001.jpg,1
蕉内丝丝520Home女士透气冰丝缎面印花Pets Pets长袖睡裙新款2026长袖四季青年¥299.00浙江杭州退货宝包邮9年老店Bananain蕉内旗舰店,515,9年老店Bananain蕉内旗舰店,https://detail.tmall.com/item.htm?id=1018579539246&skuId=6032457440067,https://g-search2.alicdn.com/img/bao/uploaded/i4/i2/3035493001/O1CN01vXYFqR1Y2VjpFHRzM_!!3035493001.jpg,1
蕉内棉棉305Home睡衣女春夏新款家居服套装男士棉感长袖长裤情侣情侣圆领套头¥179.00浙江杭州退货宝包邮回头客6万Bananain蕉内奥莱店,515,9年老店Bananain蕉内旗舰店,https://item.taobao.com/item.htm?id=883919499961&skuId=6079109572639,https://g-search3.alicdn.com/img/bao/uploaded/i4/i3/1054195167/O1CN01Zq5n5M1o2XcFwXsft-1054195167.jpg,1
蕉内热皮7系羊毛长袖机能t恤肌底衣女士打底衫修身内搭保暖高领女¥199.00浙江杭州退货宝包邮9年老店Bananain蕉内旗舰店,515,9年老店Bananain蕉内旗舰店,https://detail.tmall.com/item.htm?id=824511505545&skuId=6126712186971,https://g-search3.alicdn.com/img/bao/uploaded/i4/i4/3035493001/O1CN01uEB0pX1Y2VjpU9gNO_!!3035493001.jpg,1
蕉内棉棉501Home女款无侧缝双层纱织家居套装纯棉男新款睡衣2026冬季睡衣套装热卖榜·第3名¥329.00浙江杭州退货宝包邮9年老店Bananain蕉内旗舰店,515,9年老店Bananain蕉内旗舰店,https://detail.tmall.com/item.htm?id=1018598997924&skuId=6027797685418,https://g-search3.alicdn.com/img/bao/uploaded/i4/i2/3035493001/O1CN01EZ1Ljh1Y2VjpFihyr_!!3035493001.jpg,1
【刘浩存同款】蕉内热皮301+肌底衣亨利衫长袖打底衫女t恤内搭88VIP甄选肌底衣热销榜·第10名¥129.00浙江杭州退货宝包邮9年老店Bananain蕉内旗舰店,515,9年老店Bananain蕉内旗舰店,https://detail.tmall.com/item.htm?id=959415829516&skuId=6090136450394,https://g-search3.alicdn.com/img/bao/uploaded/i4/i2/3035493001/O1CN01MTg6OE1Y2VjpP6Moh_!!3035493001.jpg,1
蕉内热皮501+肌底衣方领保暖内衣秋衣打底衫女内搭t恤秋季长袖高领¥139.00浙江杭州已补21元退货宝包邮9年老店Bananain蕉内旗舰店,515,9年老店Bananain蕉内旗舰店,https://detail.tmall.com/item.htm?id=959398945432&skuId=6053855514061,https://g-search1.alicdn.com/img/bao/uploaded/i4/i3/3035493001/O1CN01dpYBNC1Y2VjpOcMGF_!!3035493001.jpg,1
蕉内凉皮302Cool女士速干防晒圆领长袖透气舒适显瘦机能T恤26新款长袖圆领长袖¥159.00浙江杭州退货宝包邮回头客6万Bananain蕉内奥莱店,515,9年老店Bananain蕉内旗舰店,https://item.taobao.com/item.htm?id=1016176966314&skuId=6190048519912,https://g-search3.alicdn.com/img/bao/uploaded/i4/i2/1054195167/O1CN01Px6H8P1o2XcFw1XlL-1054195167.jpg,1
蕉内热皮701+男女士保暖套装含羊毛银离子发热上衣打底内衣秋衣裤发热保暖套装热卖榜·第8名¥339.00浙江杭州退货宝包邮9年老店Bananain蕉内旗舰店,515,9年老店Bananain蕉内旗舰店,https://detail.tmall.com/item.htm?id=681019065138&skuId=5715846530675,https://g-search2.alicdn.com/img/bao/uploaded/i4/i2/3035493001/O1CN012HpqvT1Y2VjpTd3Vw_!!3035493001.jpg,1
蕉内绒绒501Home男款家居服套装珊瑚绒加厚情侣女士冬季新款睡衣入选男士保暖套装热卖榜¥359.00浙江杭州退货宝包邮9年老店Bananain蕉内旗舰店,515,9年老店Bananain蕉内旗舰店,https://detail.tmall.com/item.htm?id=653360227015&skuId=5923868105853,https://g-search3.alicdn.com/img/bao/uploaded/i4/i4/3035493001/O1CN01YuviwR1Y2VjpU1c8M_!!3035493001.jpg,1
蕉内绒绒520Home男士保暖家居服套装半边绒冬季男款加厚新款睡衣入选男士保暖套装热卖榜¥359.00浙江杭州退货宝包邮9年老店Bananain蕉内旗舰店,515,9年老店Bananain蕉内旗舰店,https://detail.tmall.com/item.htm?id=971080555405&skuId=5926586088969,https://gw.alicdn.com/imgextra/i4/O1CN01Yj7zr21OZLys1Ss8M_!!6000000001719-2-tps-279-42.png,1
【所有女生的衣橱直播间日】蕉内凉皮502UV男/女同款防泼水防晒衣外套连帽2026年夏季¥379.00浙江杭州退货宝包邮9年老店Bananain蕉内旗舰店,515,9年老店Bananain蕉内旗舰店,https://detail.tmall.com/item.htm?id=1020598692442&skuId=6029124036914,https://gw.alicdn.com/imgextra/i4/O1CN01Yj7zr21OZLys1Ss8M_!!6000000001719-2-tps-279-42.png,1
蕉内丝丝515Home家居服冰丝长袖天丝男士2026新款情侣睡衣女款夏翻领纽扣长袖¥389.90浙江杭州包邮6年老店官芳正品严选店,515,9年老店Bananain蕉内旗舰店,https://item.taobao.com/item.htm?id=1036609597868&skuId=6052093256907,https://gw.alicdn.com/imgextra/i4/O1CN01dPvgAJ1Zwfv79ayOL_!!6000000003259-2-tps-191-42.png,1
蕉内氮气502Dry男士速干透气圆领长袖运动t恤吸湿排汗春秋款排汗标准长袖¥199.00浙江杭州已补20元退货宝包邮9年老店Bananain蕉内旗舰店,515,9年老店Bananain蕉内旗舰店,https://detail.tmall.com/item.htm?id=958065543221&skuId=6053533106150,https://gw.alicdn.com/imgextra/i4/O1CN01Yj7zr21OZLys1Ss8M_!!6000000001719-2-tps-279-42.png,1
蕉内热皮702++羊毛开衫肌底衣女保暖针织打底衫毛衣外搭上衣入选保暖上装品牌榜¥359.00浙江杭州退货宝包邮9年老店Bananain蕉内旗舰店,515,9年老店Bananain蕉内旗舰店,https://detail.tmall.com/item.htm?id=968365648703,https://g-search1.alicdn.com/img/bao/uploaded/i4/i2/3035493001/O1CN01HM340n1Y2Vjpyv8gg_!!3035493001.jpg,2
蕉内凉皮301UV Pro女士防晒衣吸湿速干修身防晒服防紫外线薄外套拉链长袖百搭¥239.00浙江杭州退货宝包邮9年老店Bananain蕉内旗舰店,515,9年老店Bananain蕉内旗舰店,https://detail.tmall.com/item.htm?id=1051792858532,https://g-search3.alicdn.com/img/bao/uploaded/i4/i3/3035493001/O1CN019ZAznl1Y2VjpibNZD_!!3035493001.jpg,2
400G纯棉重磅美式小领口长袖t恤男纯色秋冬内搭女情侣卫衣打底衫基础大众青春流行宽松型¥41.63广东潮州退货宝包邮回头客1万禁止蕉绿Van,515,9年老店Bananain蕉内旗舰店,https://item.taobao.com/item.htm?id=751130648539,https://g-search3.alicdn.com/img/bao/uploaded/i4/i2/2601408702/O1CN01IyFxhl2E9ZSzfQvLY_!!2601408702.jpg,2
蕉内热皮501++女士防风舒格绒连帽修身软壳机能外套女装款插肩袖拉链长袖¥499.00浙江杭州退货宝包邮9年老店Bananain蕉内旗舰店,515,9年老店Bananain蕉内旗舰店,https://detail.tmall.com/item.htm?id=968420808109,https://g-search3.alicdn.com/img/bao/uploaded/i4/i1/3035493001/O1CN010i3mtt1Y2Vjpb5vMU_!!3035493001.jpg,2
蕉内非常503卫衣休闲上衣男女款圆领长袖内搭套头卫衣情侣打底衫中青年套头圆领¥259.00浙江杭州退货宝包邮回头客6万Bananain蕉内奥莱店,301,9年老店Bananain蕉内旗舰店,https://item.taobao.com/item.htm?id=961377896190&skuId=5994567469939,https://g-search1.alicdn.com/img/bao/uploaded/i4/i1/1054195167/O1CN013ESe1M1o2XcGIdbRb-1054195167.jpg,1
【王一博同款】蕉内非常服503Relax男女同款春季外套卫衣夹克上衣入选轻潮户外男装店铺榜¥359.00浙江杭州已补54元退货宝包邮9年老店Bananain蕉内旗舰店,301,9年老店Bananain蕉内旗舰店,https://detail.tmall.com/item.htm?id=828554530286&skuId=5949416317840,https://g-search3.alicdn.com/img/bao/uploaded/i4/i2/3035493001/O1CN01vgwZ731Y2VjpaKYZP_!!3035493001.jpg,1
蕉内非常503Relax男女连帽卫衣连帽拉链新款宽松休闲外套长袖情侣中青年开衫圆领¥359.00浙江杭州已补64元退货宝包邮回头客6万Bananain蕉内奥莱店,301,9年老店Bananain蕉内旗舰店,https://item.taobao.com/item.htm?id=962219785760&skuId=6159282530949,https://g-search1.alicdn.com/img/bao/uploaded/i4/i2/1054195167/O1CN0129ocLi1o2XYIHTY2X_!!1054195167.jpg,1
【刘浩存同款】蕉内非常服503Relax男女同款四季外套卫衣开衫女装连帽卫衣回购榜·第1名¥359.00浙江杭州已补54元退货宝包邮9年老店Bananain蕉内旗舰店,301,9年老店Bananain蕉内旗舰店,https://detail.tmall.com/item.htm?id=814359196765&skuId=6114907527964,https://g-search3.alicdn.com/img/bao/uploaded/i4/i4/3035493001/O1CN019sU9u01Y2VjpiauQh_!!3035493001.jpg,1
【王一博同款】蕉内非常503Relax男女同款圆领四季卫衣空气层新款情侣休闲风套头¥259.00浙江杭州已补31元退货宝包邮9年老店Bananain蕉内旗舰店,301,9年老店Bananain蕉内旗舰店,https://detail.tmall.com/item.htm?id=959826780186&skuId=6053586734352,https://g-search3.alicdn.com/img/bao/uploaded/i4/i3/3035493001/O1CN01rHcOPU1Y2VjpEHsXF_!!3035493001.jpg,1
蕉内非常503Relax男女款弹力针织高领休闲卫衣运动外套上衣春秋款拉链极简风直筒型¥359.00浙江杭州已补54元退货宝包邮9年老店Bananain蕉内旗舰店,301,9年老店Bananain蕉内旗舰店,https://detail.tmall.com/item.htm?id=965641584417&skuId=6072048575942,https://g-search2.alicdn.com/img/bao/uploaded/i4/i1/3035493001/O1CN010i0WaI1Y2VjpiaNCH_!!3035493001.jpg,1
【刘浩存同款】蕉内非常503Relax女士半拉链四季卫衣休闲上衣女长袖刘浩存同款套头¥299.00浙江杭州已补35元退货宝包邮9年老店Bananain蕉内旗舰店,301,9年老店Bananain蕉内旗舰店,https://detail.tmall.com/item.htm?id=827576601793&skuId=5552349580532,https://g-search1.alicdn.com/img/bao/uploaded/i4/i4/3035493001/O1CN01HHScFz1Y2VjpZo40P_!!3035493001.jpg,1
蕉内非常503Relax男女同款连帽四季卫衣情侣外套空气层t恤上装透气青年休闲风¥299.00浙江杭州已补80元退货宝包邮9年老店Bananain蕉内旗舰店,301,9年老店Bananain蕉内旗舰店,https://detail.tmall.com/item.htm?id=968252765111&skuId=5960845996891,https://g-search2.alicdn.com/img/bao/uploaded/i4/i1/3035493001/O1CN01ACoT781Y2VjpP4UR7_!!3035493001.jpg,1
【王一博同款】蕉内星期520Color男士情侣连帽卫衣宽松T恤外套女青年青春流行潮¥299.00浙江杭州已补40.40元退货宝包邮9年老店Bananain蕉内旗舰店,301,9年老店Bananain蕉内旗舰店,https://detail.tmall.com/item.htm?id=730618562016&skuId=6053297639814,https://g-search3.alicdn.com/img/bao/uploaded/i4/i4/3035493001/O1CN01sYqOC41Y2VjpG9KP8_!!3035493001.jpg,1
蕉内男装女装男女同款秋冬衣服卫衣外套羽绒服盲盒（随机发1件）长袖标准¥69.00浙江杭州退货宝包邮9年老店Bananain蕉内旗舰店,301,9年老店Bananain蕉内旗舰店,https://detail.tmall.com/item.htm?id=819519756365&skuId=6234573826445,https://g-search2.alicdn.com/img/bao/uploaded/i4/i2/3035493001/O1CN01zxDc6y1Y2VjLw4EBR_!!4611686018427384457-0-item_pic.jpg,1
蕉内 503Relax非常男女同款连帽加绒卫衣长袖时尚休闲百搭宽松衫长袖套头纯色¥259.00浙江温州包邮芭蕉树下妙享户外,301,9年老店Bananain蕉内旗舰店,https://item.taobao.com/item.htm?id=989418351633&skuId=6124768915455,https://g-search3.alicdn.com/img/bao/uploaded/i4/i1/2218334003387/O1CN01fXmJIa1atIZjSivhd_!!2218334003387.jpg,1
【刘浩存同款】蕉内非常503Relax女士连帽四季卫衣休闲宽松上衣长袖刘浩存同款街头风¥259.00浙江杭州已补60元退货宝包邮9年老店Bananain蕉内旗舰店,301,9年老店Bananain蕉内旗舰店,https://detail.tmall.com/item.htm?id=814550097216&skuId=5835318969618,https://g-search1.alicdn.com/img/bao/uploaded/i4/i2/3035493001/O1CN01GnTVp31Y2VjkrBwq0_!!3035493001.jpg,1
【刘浩存同款】蕉内非常服503Relax男女同款早春外套卫衣开衫女装长袖套头纯色¥359.90浙江杭州包邮6年老店官芳正品严选店,301,9年老店Bananain蕉内旗舰店,https://item.taobao.com/item.htm?id=1037379673970&skuId=6054252197700,https://g-search2.alicdn.com/img/bao/uploaded/i4/i2/3237756720/O1CN01X6Lbh91zVohCnK2Ae_!!3237756720.jpg,1
[王一博同款]蕉内热皮502++男女款圆领长袖机能保暖t恤打底衫卫衣保暖休闲青年¥239.00浙江杭州退货宝包邮9年老店Bananain蕉内旗舰店,301,9年老店Bananain蕉内旗舰店,https://detail.tmall.com/item.htm?id=1002859044429&skuId=5990747993904,https://g-search1.alicdn.com/img/bao/uploaded/i4/i1/3035493001/O1CN01xCtGRi1Y2Vjpb6KMt_!!3035493001.jpg,1
【刘浩存同款】蕉内非常服503R男女加绒连帽卫衣针织外套情侣上衣男童青春流行休闲风¥359.00浙江杭州已补64元退货宝包邮回头客6万Bananain蕉内奥莱店,301,9年老店Bananain蕉内旗舰店,https://item.taobao.com/item.htm?id=828777211694&skuId=6064947593544,https://g-search2.alicdn.com/img/bao/uploaded/i4/i2/1054195167/O1CN01u95wpP1o2XZQNvMYv_!!1054195167.jpg,1
【王一博同款】蕉内非常503Relax男女同款针织卫衣外套情侣夹克保暖休闲基础大众¥359.00浙江杭州已补54元退货宝包邮9年老店Bananain蕉内旗舰店,301,9年老店Bananain蕉内旗舰店,https://detail.tmall.com/item.htm?id=993756875748&skuId=5972659368996,https://g-search1.alicdn.com/img/bao/uploaded/i4/i3/3035493001/O1CN019RYTHP1Y2VjpFi2Np_!!3035493001.jpg,1
蕉内非常503Relax男女同款连帽四季卫衣情侣上衣夹克外套保暖新款青年休闲风套头¥299.00浙江杭州已补80元退货宝包邮9年老店Bananain蕉内旗舰店,301,9年老店Bananain蕉内旗舰店,https://detail.tmall.com/item.htm?id=959264805014&skuId=6053644798440,https://g-search2.alicdn.com/img/bao/uploaded/i4/i3/3035493001/O1CN01daoJ121Y2VjqxrG2a_!!3035493001.jpg,1
【刘浩存同款】蕉内非常503Relax女士连帽四季卫衣宽松休闲上衣刘浩存同款长袖松弛风¥259.00浙江杭州已补60元退货宝包邮9年老店Bananain蕉内旗舰店,301,9年老店Bananain蕉内旗舰店,https://detail.tmall.com/item.htm?id=975704416741&skuId=5926924460143,https://g-search3.alicdn.com/img/bao/uploaded/i4/i1/3035493001/O1CN01TAfeqH1Y2VjpOZPKq_!!3035493001.jpg,1
蕉内星期520Color男女同款连帽卫衣印花长袖外套宽松显瘦透气休闲连帽宽松型¥299.00浙江杭州已补40.40元退货宝包邮9年老店Bananain蕉内旗舰店,301,9年老店Bananain蕉内旗舰店,https://detail.tmall.com/item.htm?id=814408638396&skuId=5679742939320,https://g-search3.alicdn.com/img/bao/uploaded/i4/i3/3035493001/O1CN01hztN2N1Y2VjpiaqNo_!!3035493001.jpg,1
蕉内非常503Relax男女童外套针织连帽休闲儿童卫衣开衫2025新款防风日常长款¥259.00浙江杭州已补10元退货宝包邮9年老店Bananain蕉内旗舰店,301,9年老店Bananain蕉内旗舰店,https://detail.tmall.com/item.htm?id=964263742396&skuId=6071883175966,https://g-search3.alicdn.com/img/bao/uploaded/i4/i2/3035493001/O1CN019kSNEf1Y2VjpVtoGR_!!3035493001.jpg,1
【王一博同款】蕉内非常503Relax男女同款圆领四季卫衣外套t恤休闲情侣宽松¥259.00浙江杭州已补31元退货宝包邮9年老店Bananain蕉内旗舰店,301,9年老店Bananain蕉内旗舰店,https://detail.tmall.com/item.htm?id=996461652097&skuId=5975446973197,https://g-search3.alicdn.com/img/bao/uploaded/i4/i2/3035493001/O1CN01MNDh4n1Y2Vjpbcml5_!!3035493001.jpg,1
蕉内非常502Regular男女童连帽卫衣不起球运动儿童上衣男女通用无帽子秋季¥199.00浙江杭州已补21元退货宝包邮9年老店Bananain蕉内旗舰店,301,9年老店Bananain蕉内旗舰店,https://detail.tmall.com/item.htm?id=815332368141&skuId=5513138081560,https://g-search3.alicdn.com/img/bao/uploaded/i4/i1/3035493001/O1CN019EbzHJ1Y2Vjpib2pC_!!3035493001.jpg,1
王一博同款| 蕉内男士T恤新品热皮702立领半拉链长袖上衣保暖卫衣运动风防风宽松型¥359.00浙江杭州退货宝包邮回头客6万Bananain蕉内奥莱店,301,9年老店Bananain蕉内旗舰店,https://item.taobao.com/item.htm?id=970253473360&skuId=6085142143806,https://g-search3.alicdn.com/img/bao/uploaded/i4/i1/1054195167/O1CN015cLXcv1o2XcBY2thy-1054195167.jpg,1
蕉内非常503Relax男女童外套针织连帽休闲儿童卫衣开衫2025新款男女通用拉链休闲风¥259.00浙江杭州已补10元退货宝包邮9年老店Bananain蕉内旗舰店,301,9年老店Bananain蕉内旗舰店,https://detail.tmall.com/item.htm?id=963961178496&skuId=5903612736600,https://g-search3.alicdn.com/img/bao/uploaded/i4/i2/3035493001/O1CN01cCLTQa1Y2VjpObQ17_!!3035493001.png,1
蕉内非常503Relax男女同款弹力针织高领宽松休闲外套夹克卫衣开衫长袖青年冬季¥359.00浙江杭州已补54元退货宝包邮9年老店Bananain蕉内旗舰店,301,9年老店Bananain蕉内旗舰店,https://detail.tmall.com/item.htm?id=814537569101&skuId=6064372151597,https://g-search3.alicdn.com/img/bao/uploaded/i4/i2/3035493001/O1CN01PV14YG1Y2VjpDmBu8_!!3035493001.jpg,1
【刘浩存同款】非常503Relax男女同款连帽卫衣宽松长袖帽衫外套刘浩存同款长款长袖¥299.00浙江杭州已补45元退货宝包邮9年老店Bananain蕉内旗舰店,301,9年老店Bananain蕉内旗舰店,https://detail.tmall.com/item.htm?id=814646356884&skuId=5934915868600,https://g-search3.alicdn.com/img/bao/uploaded/i4/i1/3035493001/O1CN01hhQlY81Y2Vjpc3VRN_!!3035493001.jpg,1
蕉内 503Relax非常男女同款圆领四季卫衣空气层秋冬保暖内搭卫衣长袖纯色通勤风¥269.00浙江温州包邮芭蕉树下妙享户外,301,9年老店Bananain蕉内旗舰店,https://item.taobao.com/item.htm?id=990120894901&skuId=6124407382229,https://g-search3.alicdn.com/img/bao/uploaded/i4/i1/2218334003387/O1CN01KffzBu1atIZkJXLWr_!!2218334003387.jpg,1
蕉内520Go星期卫衣男女同款连帽oversize情侣卫衣秋季多巴胺穿搭连帽男女通用套头¥189.00北京包邮回头客2千banana蕉in专柜代购,301,9年老店Bananain蕉内旗舰店,https://item.taobao.com/item.htm?id=734588988728&skuId=5253842895537,https://g-search1.alicdn.com/img/bao/uploaded/i4/i1/2211508645733/O1CN01kG9wL91sDldXRhHPz_!!2211508645733.jpg,1
【王一博同款】蕉内非常服503Relax男女同款连帽针织外套开衫卫衣2025年秋季Bananain/蕉内1+¥399.00北京包邮公益宝贝小蕉正品代购,301,9年老店Bananain蕉内旗舰店,https://item.taobao.com/item.htm?id=682401600556&skuId=5777006399200,https://g-search1.alicdn.com/img/bao/uploaded/i4/i3/2075737889/O1CN016rRxz6289DYXkUDzW_!!2075737889.jpg,1
【刘浩存同款】蕉内非常服503Relax男女同款针织卫衣外套女装上衣刘浩存同款阔腿裤自然腰¥359.00浙江杭州已补54元退货宝包邮9年老店Bananain蕉内旗舰店,301,9年老店Bananain蕉内旗舰店,https://detail.tmall.com/item.htm?id=1002823792805&skuId=6155883227196,https://g-search2.alicdn.com/img/bao/uploaded/i4/i2/3035493001/O1CN01JSvPVW1Y2VjpWO9gp_!!3035493001.jpg,1
【王一博同款】蕉内非常503Relax男女同款圆领卫衣春季情侣上衣透气长袖套头¥259.00浙江杭州已补70元退货宝包邮9年老店Bananain蕉内旗舰店,301,9年老店Bananain蕉内旗舰店,https://detail.tmall.com/item.htm?id=990949201212&skuId=5958664120300,https://g-search1.alicdn.com/img/bao/uploaded/i4/i2/3035493001/O1CN01q7WvOl1Y2VjpEH8mI_!!3035493001.jpg,1
[王一博同款]蕉内非常服503Relax男女款针织加绒卫衣外套情侣上衣通用基础大众开衫¥359.00浙江杭州已补54元退货宝包邮9年老店Bananain蕉内旗舰店,301,9年老店Bananain蕉内旗舰店,https://detail.tmall.com/item.htm?id=1001280491505&skuId=5992445289952,https://g-search3.alicdn.com/img/bao/uploaded/i4/i3/3035493001/O1CN018cS9u11Y2VjpEJglx_!!3035493001.jpg,1
蕉内非常503Relax男女童外套针织连帽休闲儿童卫衣开衫2025新款拉链长袖宽松型¥259.00浙江杭州已补10元退货宝包邮9年老店Bananain蕉内旗舰店,301,9年老店Bananain蕉内旗舰店,https://detail.tmall.com/item.htm?id=975704824941&skuId=6093082286365,https://g-search2.alicdn.com/img/bao/uploaded/i4/i3/3035493001/O1CN01wIvWgo1Y2Vjpyw0nj_!!3035493001.jpg,1
蕉内非常服503Relax男女同款圆领套头卫衣情侣款长袖上衣青年青春流行套头¥259.00浙江杭州已补47元退货宝包邮回头客6万Bananain蕉内奥莱店,301,9年老店Bananain蕉内旗舰店,https://item.taobao.com/item.htm?id=836962728049&skuId=6042256625378,https://g-search1.alicdn.com/img/bao/uploaded/i4/i4/1054195167/O1CN01xwy2JL1o2XcGBVVxy-1054195167.jpg,1
蕉内非常服503Relax男女同款圆领卫衣情侣长袖t恤上衣外套青年青春流行休闲风¥259.00浙江杭州已补38.90元退货宝包邮9年老店Bananain蕉内旗舰店,301,9年老店Bananain蕉内旗舰店,https://detail.tmall.com/item.htm?id=814235983474&skuId=5790230283411,https://gw.alicdn.com/imgextra/i4/O1CN01Yj7zr21OZLys1Ss8M_!!6000000001719-2-tps-279-42.png,1
蕉内 503Relax非常服女士卫衣宽松户外休闲长袖百搭时尚纯色帽衫长袖套头纯色¥299.00浙江温州包邮芭蕉树下妙享户外,301,9年老店Bananain蕉内旗舰店,https://item.taobao.com/item.htm?id=886684176568&skuId=6169910479165,https://img.alicdn.com/imgextra/i3/O1CN01LvV0d41fjkGWg6iN6_!!6000000004043-2-tps-480-144.png,1
蕉内 503Relax非常服女士四季连帽卫衣宽松户外休闲长袖百搭时尚长袖套头纯色¥249.00浙江温州包邮芭蕉树下妙享户外,301,9年老店Bananain蕉内旗舰店,https://item.taobao.com/item.htm?id=990130986896&skuId=6124423382521,https://img.alicdn.com/imgextra/i3/O1CN01LvV0d41fjkGWg6iN6_!!6000000004043-2-tps-480-144.png,1
【刘浩存同款】蕉内非常503Relax女士连帽四季卫衣宽松上衣25新款连帽宽松型¥259.00浙江杭州退货宝包邮回头客6万Bananain蕉内奥莱店,301,9年老店Bananain蕉内旗舰店,https://item.taobao.com/item.htm?id=962397684200&skuId=6243316651618,https://gw.alicdn.com/imgextra/i4/O1CN01dPvgAJ1Zwfv79ayOL_!!6000000003259-2-tps-191-42.png,1
一博同款蕉内502++男士卫衣锁温舒适上衣圆领长袖运动T恤秋新款休闲风排汗男童¥199.00北京包邮回头客2千banana蕉in专柜代购,301,9年老店Bananain蕉内旗舰店,https://item.taobao.com/item.htm?id=980250968995&skuId=5936343125907,https://img.alicdn.com/imgextra/i3/O1CN01LvV0d41fjkGWg6iN6_!!6000000004043-2-tps-480-144.png,1
美国直邮刘浩存同非常503Relax男女同连帽卫衣宽松长袖帽衫外套长款标准连帽(不可脱卸)¥299.00北京花熊美国直邮服装店,301,9年老店Bananain蕉内旗舰店,https://item.taobao.com/item.htm?id=990028084718&skuId=6121044107609,https://img.alicdn.com/imgextra/i3/O1CN01LvV0d41fjkGWg6iN6_!!6000000004043-2-tps-480-144.png,1
【刘浩存同款】蕉内非常服503Relax男女款针织卫衣外套女装上衣长袖刘浩存同款连帽¥359.00浙江杭州已补54元退货宝包邮9年老店Bananain蕉内旗舰店,179.00,9年老店Bananain蕉内旗舰店,https://detail.tmall.com/item.htm?id=1002709225609&skuId=6157683883070,https://img.alicdn.com/imgextra/i2/O1CN01KqSpjA1T4jQJdrJ8B_!!6000000002329-2-tps-64-32.png,2
蕉内氮气301Dry男士速干吸湿排汗针织连帽修身运动早春外套夹克速干拉链运动风¥299.00浙江杭州已补20元退货宝包邮9年老店Bananain蕉内旗舰店,502,9年老店Bananain蕉内旗舰店,https://detail.tmall.com/item.htm?id=1013706475099&skuId=6020007416662,https://gw.alicdn.com/imgextra/O1CN014rrKkV1Y2Vjpb6jGu_!!3035493001.jpg,1
蕉内凉皮702UV Air男士防晒衣透气轻量凉感可收纳连帽防晒服男款长袖Bananain/蕉内锦纶¥659.00浙江杭州已补61元退货宝包邮9年老店Bananain蕉内旗舰店,502,9年老店Bananain蕉内旗舰店,https://detail.tmall.com/item.htm?id=1029914905896&skuId=6207128739038,https://g-search3.alicdn.com/img/bao/uploaded/i4/i1/3035493001/O1CN018UZlx01Y2VjpzFLVF_!!3035493001.jpg,1
蕉内氮气302Dry女士速干吸湿排汗连帽短款运动外套女26早春薄外套拉链短款长袖¥299.00浙江杭州已补65元退货宝包邮9年老店Bananain蕉内旗舰店,502,9年老店Bananain蕉内旗舰店,https://detail.tmall.com/item.htm?id=1014304750599&skuId=6020951337683,https://g-search1.alicdn.com/img/bao/uploaded/i4/i3/3035493001/O1CN01U7BD741Y2VjpZpCh7_!!3035493001.jpg,1
【刘浩存同款】蕉内301Dry女款速干修身上衣薄外套26早春运动外套入选吸湿瑜伽外套热销榜¥299.00浙江杭州已补65元退货宝包邮9年老店Bananain蕉内旗舰店,502,9年老店Bananain蕉内旗舰店,https://detail.tmall.com/item.htm?id=1014290986238&skuId=6234517970084,https://g-search2.alicdn.com/img/bao/uploaded/i4/i1/3035493001/O1CN01edc3Hn1Y2VjpSgTBX_!!3035493001.jpg,1
蕉内氧气502ProofAir男款3L轻量硬壳冲锋衣蓝色防风防水登山外套男单冲防水¥699.00浙江杭州全网低价已补70元退货宝9年老店Bananain蕉内旗舰店,502,9年老店Bananain蕉内旗舰店,https://detail.tmall.com/item.htm?id=952130283143&skuId=6039337307262,https://g-search3.alicdn.com/img/bao/uploaded/i4/i1/3035493001/O1CN01uerQxL1Y2VjpOYGZV_!!3035493001.jpg,1
蕉内热皮501++男士防风加绒连帽修身软壳机能外套冲锋保暖衣夹克入选泽西品牌男装店铺榜¥399.00浙江杭州退货宝包邮9年老店Bananain蕉内旗舰店,502,9年老店Bananain蕉内旗舰店,https://detail.tmall.com/item.htm?id=963891919144&skuId=5906377365304,https://g-search1.alicdn.com/img/bao/uploaded/i4/i3/3035493001/O1CN01IK8oDN1Y2VjpyuCU6_!!3035493001.jpg,1
【刘浩存同款】蕉内凉皮503UV女士防泼水立领短款防晒衣防晒服女外套立领2026年春季¥359.00浙江杭州已补20元退货宝包邮9年老店Bananain蕉内旗舰店,502,9年老店Bananain蕉内旗舰店,https://detail.tmall.com/item.htm?id=1022590996363&skuId=6197438566310,https://g-search3.alicdn.com/img/bao/uploaded/i4/i3/3035493001/O1CN0192Hh951Y2VjkrTwPj_!!3035493001.jpg,1
【刘浩存同款】蕉内凉皮502UVAir女士收腰修身防晒衣外套防晒服女修身防晒衣热卖榜·第6名¥359.00浙江杭州已补20元退货宝包邮9年老店Bananain蕉内旗舰店,502,9年老店Bananain蕉内旗舰店,https://detail.tmall.com/item.htm?id=1019889605063&skuId=6029212240678,https://g-search1.alicdn.com/img/bao/uploaded/i4/i1/3035493001/O1CN01vV22Wc1Y2VjpTx3so_!!3035493001.jpg,1
蕉内凉皮702UV Air女士透气可收纳连帽立领轻量防晒衣凉感防晒服外套立领2026年春季¥599.00浙江杭州已补50元退货宝包邮9年老店Bananain蕉内旗舰店,502,9年老店Bananain蕉内旗舰店,https://detail.tmall.com/item.htm?id=1030741592566&skuId=6042285341683,https://g-search2.alicdn.com/img/bao/uploaded/i4/i3/3035493001/O1CN01TBqYPK1Y2VjpWBnrF_!!3035493001.jpg,1
蕉内热皮501++男士防风舒格绒立领修身软壳机能外套夹克上衣入选泽西品牌男装店铺榜¥399.00浙江杭州退货宝包邮9年老店Bananain蕉内旗舰店,502,9年老店Bananain蕉内旗舰店,https://detail.tmall.com/item.htm?id=967471218331&skuId=6085264363572,https://g-search3.alicdn.com/img/bao/uploaded/i4/i4/3035493001/O1CN01ImS0l01Y2VjpbZMfJ_!!3035493001.jpg,1
【王一博同款】蕉内凉皮502UV Air男女同款防晒衣速干防晒服外套入选防晒衣好价榜¥379.00浙江杭州已补23元退货宝包邮9年老店Bananain蕉内旗舰店,502,9年老店Bananain蕉内旗舰店,https://detail.tmall.com/item.htm?id=1021792909188&skuId=6197417174971,https://g-search3.alicdn.com/img/bao/uploaded/i4/i1/3035493001/O1CN0167Dlbx1Y2VjpzBixh_!!3035493001.jpg,1
蕉内凉皮503UVPro女士防晒衣速干透气凉感工装修身防晒外套女款夏外套连帽2026年春季¥399.00浙江杭州已补30元退货宝包邮9年老店Bananain蕉内旗舰店,502,9年老店Bananain蕉内旗舰店,https://detail.tmall.com/item.htm?id=1021805937065&skuId=6197979583318,https://g-search1.alicdn.com/img/bao/uploaded/i4/i1/3035493001/O1CN01gTHPNM1Y2VjpFXAAZ_!!3035493001.jpg,1
蕉内氧气301Proof女士修身单壳冲锋衣防风防水易打理外套户外上衣拉链百搭修身型¥499.00浙江杭州已补200元退货宝包邮9年老店Bananain蕉内旗舰店,502,9年老店Bananain蕉内旗舰店,https://detail.tmall.com/item.htm?id=816819504943&skuId=5517060765291,https://g-search1.alicdn.com/img/bao/uploaded/i4/i4/3035493001/O1CN0104NGbD1Y2VjqxMqOd_!!3035493001.jpg,1
蕉内凉皮701UV Air女士透气可收纳连帽立领修身轻量防晒衣防晒服薄款外套立领¥599.00浙江杭州已补50元退货宝包邮9年老店Bananain蕉内旗舰店,502,9年老店Bananain蕉内旗舰店,https://detail.tmall.com/item.htm?id=1028334855306&skuId=6206627318517,https://gw.alicdn.com/imgextra/i4/O1CN01Yj7zr21OZLys1Ss8M_!!6000000001719-2-tps-279-42.png,1
【王一博同款】蕉内凉皮502UVPro男女同款外套防晒衣户外防晒服夏100+宽松型中性¥399.00浙江杭州已补20元退货宝包邮回头客6万Bananain蕉内奥莱店,502,9年老店Bananain蕉内旗舰店,https://item.taobao.com/item.htm?id=769758599278&skuId=6038406389083,https://gw.alicdn.com/imgextra/i4/O1CN01dPvgAJ1Zwfv79ayOL_!!6000000003259-2-tps-191-42.png,1
蕉内2026春夏凉皮501UV Air女士透气收腰修身轻量防晒衣女连帽2026年春季长袖¥359.00北京全网低价包邮蕉家正品 严选好物,502,9年老店Bananain蕉内旗舰店,https://item.taobao.com/item.htm?id=1040788020473&skuId=6058753301590,https://img.alicdn.com/imgextra/i3/O1CN01LvV0d41fjkGWg6iN6_!!6000000004043-2-tps-480-144.png,1
蕉内氧气302proof Pro男士三合一冲锋衣防风防水爬山保暖外套防风长袖拉链¥699.00浙江杭州退货宝包邮9年老店Bananain蕉内旗舰店,502,9年老店Bananain蕉内旗舰店,https://detail.tmall.com/item.htm?id=822238949814&skuId=5704309655341,https://gw.alicdn.com/imgextra/i4/O1CN01Yj7zr21OZLys1Ss8M_!!6000000001719-2-tps-279-42.png,1
蕉内氧气503Proof Air女士短款轻量3L紫色冲锋衣新款户外三防外套女短款耐磨¥699.00浙江杭州已补70元退货宝包邮9年老店Bananain蕉内旗舰店,502,9年老店Bananain蕉内旗舰店,https://detail.tmall.com/item.htm?id=952295727889&skuId=6039758927109,https://gw.alicdn.com/imgextra/i4/O1CN01Yj7zr21OZLys1Ss8M_!!6000000001719-2-tps-279-42.png,1
蕉内凉皮5系女士防泼水立领短款均衡防晒衣女款防泼水短裤休闲裤外套立领2026年春季¥359.00浙江杭州退货宝包邮9年老店Bananain蕉内旗舰店,502,9年老店Bananain蕉内旗舰店,https://detail.tmall.com/item.htm?id=1026303182536&skuId=6037379824276,https://gw.alicdn.com/imgextra/i4/O1CN01Yj7zr21OZLys1Ss8M_!!6000000001719-2-tps-279-42.png,2
【王一博同款】蕉内凉皮502UV Pro男女同款外套防晒衣户外防晒服速干衣热卖榜·第6名¥399.00浙江杭州已补20元退货宝包邮9年老店Bananain蕉内旗舰店,502,9年老店Bananain蕉内旗舰店,https://detail.tmall.com/item.htm?id=699847467644&skuId=5666483286969,https://gw.alicdn.com/imgextra/i4/O1CN01Yj7zr21OZLys1Ss8M_!!6000000001719-2-tps-279-42.png,2
蕉内凉皮302UV Pro女士吸湿速干背部透气硬核防晒衣修身薄外套女拉链长袖极简风¥279.00浙江杭州已补25元退货宝包邮9年老店Bananain蕉内旗舰店,502,9年老店Bananain蕉内旗舰店,https://detail.tmall.com/item.htm?id=1053676036896&skuId=6089058085225,https://gw.alicdn.com/imgextra/i4/O1CN01Yj7zr21OZLys1Ss8M_!!6000000001719-2-tps-279-42.png,2
蕉内氢气501Air女士立领修身轻薄羽绒服保暖防寒短款收腰外套入选收腰型羽绒夹克热卖榜¥559.00浙江杭州退货宝包邮9年老店Bananain蕉内旗舰店,502,9年老店Bananain蕉内旗舰店,https://detail.tmall.com/item.htm?id=822221442204&skuId=6071127046661,https://gw.alicdn.com/imgextra/i4/O1CN01Yj7zr21OZLys1Ss8M_!!6000000001719-2-tps-279-42.png,2
蕉内凉皮503UV女士防泼水立领短款防晒服防紫外线立领2026年春季长袖¥238.00北京包邮回头客2千banana蕉in专柜代购,502,9年老店Bananain蕉内旗舰店,https://item.taobao.com/item.htm?id=1034685473288&skuId=6049746689494,https://img.alicdn.com/imgextra/i3/O1CN01LvV0d41fjkGWg6iN6_!!6000000004043-2-tps-480-144.png,2
【叶一飞同款】蕉内凉皮702UV Air男士防晒衣透气吸湿速干凉感男100+宽松型男¥659.00浙江杭州已补61元退货宝包邮9年老店Bananain蕉内旗舰店,502,9年老店Bananain蕉内旗舰店,https://detail.tmall.com/item.htm?id=1029905405521&skuId=6042260945232,https://g-search1.alicdn.com/img/bao/uploaded/i4/i4/3035493001/O1CN01305KoP1Y2VjpOrw5x_!!3035493001.jpg,1
【王一博同款】蕉内凉皮302UV Pro男士防晒衣吸湿速干透气防晒服100+男锦纶¥299.00浙江杭州全网低价退货宝包邮9年老店Bananain蕉内旗舰店,502,9年老店Bananain蕉内旗舰店,https://detail.tmall.com/item.htm?id=762146263806&skuId=5872771452742,https://g-search3.alicdn.com/img/bao/uploaded/i4/i4/3035493001/O1CN01EV9Owm1Y2VjpTwWZZ_!!3035493001.jpg,1
蕉内氮气502Proof男士防泼水防晒机能立领轻薄户外运动马甲外套入选男士马甲热卖榜¥359.00浙江杭州已补20元退货宝包邮9年老店Bananain蕉内旗舰店,502,9年老店Bananain蕉内旗舰店,https://detail.tmall.com/item.htm?id=1015935471526&skuId=6024810212023,https://g-search3.alicdn.com/img/bao/uploaded/i4/i4/3035493001/O1CN0106mhtL1Y2VjpZnrWu_!!3035493001.jpg,1
蕉内凉皮502UV Air情侣款透气速干立领夹克轻量防晒衣夹克2026新薄款2026年春季Bananain/蕉内¥269.00北京包邮公益宝贝小蕉正品代购,502,9年老店Bananain蕉内旗舰店,https://item.taobao.com/item.htm?id=677031473353&skuId=6053353704776,https://g-search3.alicdn.com/img/bao/uploaded/i4/i1/2075737889/O1CN01i19EnA289Dh38RYDu_!!2075737889.heic,1
【所有女生的衣橱直播间】蕉内凉皮502UVA男女同款透气轻量防晒衣长袖Bananain/蕉内100+¥379.00浙江杭州退货宝包邮9年老店Bananain蕉内旗舰店,502,9年老店Bananain蕉内旗舰店,https://detail.tmall.com/item.htm?id=1046603125017&skuId=6235531522712,https://g-search3.alicdn.com/img/bao/uploaded/i4/i1/3035493001/O1CN01cWubY01Y2Vjj0UB83_!!4611686018427384457-0-item_pic.jpg,1
【王一博同款】蕉内凉皮502UV男女同款防晒衣机能外套防晒服户外防晒衣好价榜·第9名¥379.00浙江杭州已补35元退货宝包邮9年老店Bananain蕉内旗舰店,502,9年老店Bananain蕉内旗舰店,https://detail.tmall.com/item.htm?id=1019002386850&skuId=6195171855581,https://g-search3.alicdn.com/img/bao/uploaded/i4/i3/3035493001/O1CN01ihfh8j1Y2Vjqxf2WO_!!3035493001.jpg,1
【王一博同款】蕉内凉皮502UV男女同款防晒衣机能轻薄户外外套男入选户外防晒男装店铺榜¥379.00浙江杭州已补35元退货宝包邮9年老店Bananain蕉内旗舰店,502,9年老店Bananain蕉内旗舰店,https://detail.tmall.com/item.htm?id=1019884801596&skuId=6194621038747,https://g-search1.alicdn.com/img/bao/uploaded/i4/i1/3035493001/O1CN015L0CVT1Y2VjpSvVhm_!!3035493001.jpg,1
蕉内氧气503Proof男女同款冲锋衣外套防风防雨水户外夹克登山服入选泽西品牌男装店铺榜¥699.00浙江杭州已补321元退货宝包邮9年老店Bananain蕉内旗舰店,502,9年老店Bananain蕉内旗舰店,https://detail.tmall.com/item.htm?id=828716992189&skuId=5727261723283,https://g-search3.alicdn.com/img/bao/uploaded/i4/i3/3035493001/O1CN01CDII901Y2VjqxNJYd_!!3035493001.jpg,1
蕉内凉皮502UVAir女士透气立领收腰修身显瘦防晒衣凉感外套防晒服100+修身型男女通用¥256.00北京包邮回头客2千banana蕉in专柜代购,502,9年老店Bananain蕉内旗舰店,https://item.taobao.com/item.htm?id=774548111817&skuId=6054623705399,https://g-search2.alicdn.com/img/bao/uploaded/i4/i4/2211508645733/O1CN01mnOvPj1sDlm9IQ6qv_!!2211508645733.jpg,1
【王一博同款】蕉内凉皮502UV男女同款防晒衣防泼水外套防晒服入选时尚防晒服品牌榜¥379.00浙江杭州已补23元退货宝包邮9年老店Bananain蕉内旗舰店,502,9年老店Bananain蕉内旗舰店,https://detail.tmall.com/item.htm?id=1019817745297&skuId=6029119872202,https://g-search3.alicdn.com/img/bao/uploaded/i4/i1/3035493001/O1CN01gI31il1Y2Vjolodx5_!!3035493001.jpg,1
蕉内氢气502Air男女士防风轻薄羽绒服保暖外套内胆上衣休闲风鸭绒90%¥599.00浙江杭州退货宝包邮9年老店Bananain蕉内旗舰店,502,9年老店Bananain蕉内旗舰店,https://detail.tmall.com/item.htm?id=963817559325&skuId=5906203173110,https://g-search1.alicdn.com/img/bao/uploaded/i4/i2/3035493001/O1CN01HPTqSs1Y2VjpZoX0s_!!3035493001.jpg,1
蕉内凉皮502UVAir女士透气立领收腰修身显瘦防晒衣凉感外套防晒服100+收腰型女¥359.00浙江杭州已补20元退货宝包邮9年老店Bananain蕉内旗舰店,502,9年老店Bananain蕉内旗舰店,https://detail.tmall.com/item.htm?id=1020663400061&skuId=6029214496430,https://g-search1.alicdn.com/img/bao/uploaded/i4/i4/3035493001/O1CN01nzs6Ab1Y2VjqxdpeT_!!3035493001.jpg,1
蕉内凉皮702UV Pro三合一防晒衣男款外套防紫外线透气抗菌防晒服100+男锦纶¥699.00浙江杭州退货宝包邮9年老店Bananain蕉内旗舰店,502,9年老店Bananain蕉内旗舰店,https://detail.tmall.com/item.htm?id=765038585518&skuId=5570904384149,https://g-search3.alicdn.com/img/bao/uploaded/i4/i2/3035493001/O1CN01WtOuej1Y2VW5rhbuY_!!0-item_pic.jpg,1
【王一博同款】蕉内凉皮302UV Air男士防晒衣速干透气立领夹克男70+成年Bananain/蕉内¥259.00浙江杭州退货宝包邮回头客6万Bananain蕉内奥莱店,502,9年老店Bananain蕉内旗舰店,https://item.taobao.com/item.htm?id=1039554067416&skuId=6061185601651,https://g-search2.alicdn.com/img/bao/uploaded/i4/i1/1054195167/O1CN01vbDsSF1o2XcGD0fls-1054195167.jpg,1
蕉内凉皮302UV Air男士防晒衣速干透气立领夹克防紫外线防晒服男70+中性Bananain/蕉内¥199.00北京包邮回头客2千banana蕉in专柜代购,502,9年老店Bananain蕉内旗舰店,https://item.taobao.com/item.htm?id=703793711876&skuId=6053618080944,https://g-search3.alicdn.com/img/bao/uploaded/i4/i4/2211508645733/O1CN01WV8IaF1sDlm8uDyyM_!!2211508645733.jpg,1
蕉内氢气502Air男士防风斜纹压胶连帽排骨羽绒服保暖内胆外套上衣插肩袖青春流行休闲风¥659.00浙江杭州退货宝包邮9年老店Bananain蕉内旗舰店,502,9年老店Bananain蕉内旗舰店,https://detail.tmall.com/item.htm?id=964453394808&skuId=5905100276066,https://gw.alicdn.com/imgextra/i4/O1CN01Yj7zr21OZLys1Ss8M_!!6000000001719-2-tps-279-42.png,1
蕉内氧气301Proof女士修身单壳冲锋衣防风防水外套户外徒步登山服女防风修身型¥499.00浙江杭州已补200元退货宝包邮9年老店Bananain蕉内旗舰店,502,9年老店Bananain蕉内旗舰店,https://detail.tmall.com/item.htm?id=794472358225&skuId=5657489271412,https://gw.alicdn.com/imgextra/i4/O1CN01Yj7zr21OZLys1Ss8M_!!6000000001719-2-tps-279-42.png,1
【王一博同款】蕉内凉皮502UV Air男女同款防晒衣透气防晒服外套速干防晒衣热卖榜·第7名¥379.00浙江杭州已补23元退货宝包邮9年老店Bananain蕉内旗舰店,502,9年老店Bananain蕉内旗舰店,https://detail.tmall.com/item.htm?id=698291915894&skuId=6198443275076,https://gw.alicdn.com/imgextra/i4/O1CN01Yj7zr21OZLys1Ss8M_!!6000000001719-2-tps-279-42.png,1
蕉内凉皮302UV Pro硬核防紫外线防晒衣吸湿速干透气凉感防晒服男长袖Bananain/蕉内锦纶¥299.00浙江杭州退货宝包邮9年老店Bananain蕉内旗舰店,502,9年老店Bananain蕉内旗舰店,https://detail.tmall.com/item.htm?id=1025622395818&skuId=6202711306581,https://gw.alicdn.com/imgextra/i4/O1CN01Yj7zr21OZLys1Ss8M_!!6000000001719-2-tps-279-42.png,1
蕉内棉棉300Sleep女士莫代尔带杯深睡睡衣礼物吊带夏新款女款睡裙短袖夏季圆领¥159.00浙江杭州退货宝包邮9年老店Bananain蕉内旗舰店,520,9年老店Bananain蕉内旗舰店,https://detail.tmall.com/item.htm?id=697906994977,https://gw.alicdn.com/imgextra/O1CN01X6wFlC1Y2VjpFiVSb_!!3035493001.jpg,1
【达人专享】蕉内棉棉3系女士莫代尔短袖吊带睡裙长袖四季圆领¥159.00浙江杭州退货宝包邮9年老店Bananain蕉内旗舰店,520,9年老店Bananain蕉内旗舰店,https://detail.tmall.com/item.htm?id=1054456850047,https://g-search3.alicdn.com/img/bao/uploaded/i4/i1/3035493001/O1CN011XhFrZ1Y2VjmRXNb4_!!4611686018427384457-2-item_pic.png,1
【达人专享】蕉内棉棉300Sleep女士莫代尔短袖吊带睡裙莫代尔女士睡裙热卖榜·第1名¥159.00浙江杭州退货宝包邮9年老店Bananain蕉内旗舰店,520,9年老店Bananain蕉内旗舰店,https://detail.tmall.com/item.htm?id=1018722935641,https://g-search3.alicdn.com/img/bao/uploaded/i4/i2/3035493001/O1CN01E352s41Y2VjTUf11e_!!4611686018427384457-2-item_pic.png,1
蕉内丝丝520HPets冰丝家居服情侣女款睡衣新款夏情侣短袖四季通用¥329.00浙江杭州退货宝包邮9年老店Bananain蕉内旗舰店,520,9年老店Bananain蕉内旗舰店,https://detail.tmall.com/item.htm?id=1049100034132,https://g-search2.alicdn.com/img/bao/uploaded/i4/i3/3035493001/O1CN01JVcirO1Y2VjpG9OYh_!!3035493001.jpg,1
蕉内棉棉520Sleep女士薄款纯棉透气短袖连衣裙2026新款睡裙女款夏无袖春季圆领¥159.00江苏苏州退货宝包邮9年老店Bananain蕉内旗舰店,520,9年老店Bananain蕉内旗舰店,https://detail.tmall.com/item.htm?id=1049863686941,https://g-search1.alicdn.com/img/bao/uploaded/i4/i4/3035493001/O1CN01plLE361Y2VjqxqvHM_!!3035493001.jpg,1
蕉内棉棉305Home男士家居服套装大码纯棉夏季可外穿男款新款睡衣青年标准短袖¥219.00浙江杭州退货宝包邮9年老店Bananain蕉内旗舰店,520,9年老店Bananain蕉内旗舰店,https://detail.tmall.com/item.htm?id=1037782193189,https://g-search1.alicdn.com/img/bao/uploaded/i4/i4/3035493001/O1CN01rmbTYZ1Y2Vjqxt8SC_!!3035493001.jpg,1
蕉内棉棉506Sleep男士睡衣莫代尔冰丝短袖凉感夏季薄款家居服套装青年圆领套头¥239.00浙江杭州退货宝包邮回头客6万Bananain蕉内奥莱店,520,9年老店Bananain蕉内旗舰店,https://item.taobao.com/item.htm?id=892493514113,https://gw.alicdn.com/imgextra/O1CN01ioG29R1o2XcGJzBrm_!!1054195167-0-yinheaigc.jpg,1
蕉内棉棉300Sleep女士睡衣带杯莫代尔吊带女款睡裙新款2026夏季莫代尔女士睡裙热卖榜·第7名¥159.00浙江杭州退货宝包邮9年老店Bananain蕉内旗舰店,520,9年老店Bananain蕉内旗舰店,https://detail.tmall.com/item.htm?id=1013931191475,https://g-search2.alicdn.com/img/bao/uploaded/i4/i3/3035493001/O1CN01IgRUjx1Y2VjpFhu5e_!!3035493001.jpg,1
蕉内棉棉300Sleep棉莫睡裙带杯睡衣A类莫代尔透气及膝天猫超市睡裙热销榜·第1名¥199.00上海包邮14年老店天猫超市,520,9年老店Bananain蕉内旗舰店,https://detail.tmall.com/item.htm?id=1014878697838,https://gw.alicdn.com/imgextra/i4/O1CN01Yj7zr21OZLys1Ss8M_!!6000000001719-2-tps-279-42.png,1
蕉内氮气505Dry家居服套装轻运动瑜伽服短袖睡衣女款新款2026夏季圆领长袖四季通用¥279.00浙江杭州退货宝包邮9年老店Bananain蕉内旗舰店,520,9年老店Bananain蕉内旗舰店,https://detail.tmall.com/item.htm?id=1048357755044,https://gw.alicdn.com/imgextra/i4/O1CN01Yj7zr21OZLys1Ss8M_!!6000000001719-2-tps-279-42.png,1
【达人专享】蕉内棉棉3系男女士家居服套装纯棉睡裙情侣圆领套头¥179.00浙江杭州退货宝包邮9年老店Bananain蕉内旗舰店,520,9年老店Bananain蕉内旗舰店,https://detail.tmall.com/item.htm?id=1047328632909,https://gw.alicdn.com/imgextra/i4/O1CN01Yj7zr21OZLys1Ss8M_!!6000000001719-2-tps-279-42.png,1
蕉内棉棉301H睡衣男士春夏季短袖短裤纯棉情侣带胸垫女家居服套装入选职业通勤内搭店铺榜¥199.00浙江杭州退货宝包邮回头客6万Bananain蕉内奥莱店,300,9年老店Bananain蕉内旗舰店,https://item.taobao.com/item.htm?id=769757805561,https://g-search3.alicdn.com/img/bao/uploaded/i4/i4/1054195167/O1CN01Ity21b1o2XcG9lzPG-1054195167.jpg,2
蕉内棉棉301Sleep男生平角内裤居家透气男纯棉短裤宽松睡裤阿罗裤男士家居裤热卖榜·第2名¥79.00浙江杭州退货宝包邮9年老店Bananain蕉内旗舰店,520,9年老店Bananain蕉内旗舰店,https://detail.tmall.com/item.htm?id=879456887790,https://gw.alicdn.com/imgextra/O1CN01qooGVI1Y2VjpP6ALS_!!3035493001.jpg,1
蕉内棉棉505Home男士家居短裤透气格纹纯棉居家宽松可外穿睡裤入选男士家居裤热卖榜¥139.00浙江杭州退货宝包邮9年老店Bananain蕉内旗舰店,520,9年老店Bananain蕉内旗舰店,https://detail.tmall.com/item.htm?id=1018529615378,https://g-search2.alicdn.com/img/bao/uploaded/i4/i3/3035493001/O1CN01GDnfAd1Y2VjpSgKuA_!!3035493001.jpg,1
蕉内棉棉505Home女士透气泡泡纱格纹家居长裤可外穿2026新款睡裤夏季长裤女¥159.00浙江杭州退货宝包邮9年老店Bananain蕉内旗舰店,520,9年老店Bananain蕉内旗舰店,https://detail.tmall.com/item.htm?id=1025704931222,https://g-search1.alicdn.com/img/bao/uploaded/i4/i3/3035493001/O1CN010ZFnaq1Y2Vjpb8wZ5_!!3035493001.jpg,1
蕉内丝丝515Home女款家居长裤情侣夏季大码居家新款可外穿男睡裤入选女士家居裤热卖榜¥159.00浙江杭州退货宝包邮9年老店Bananain蕉内旗舰店,520,9年老店Bananain蕉内旗舰店,https://detail.tmall.com/item.htm?id=876378494706,https://g-search3.alicdn.com/img/bao/uploaded/i4/i4/3035493001/O1CN01SlWlqE1Y2VjpSfKXi_!!3035493001.jpg,1
蕉内棉棉520Home男速干沙滩裤Holiday水族馆家居短裤2026新款睡裤夏季短裤男¥139.00江苏苏州退货宝包邮9年老店Bananain蕉内旗舰店,520,9年老店Bananain蕉内旗舰店,https://detail.tmall.com/item.htm?id=1035589582072,https://g-search3.alicdn.com/img/bao/uploaded/i4/i2/3035493001/O1CN01NxKZ541Y2VjpShwhb_!!3035493001.jpg,1
蕉内氮气305Dry女士速干白色短裤家居裤休闲裤女裤26夏新款裤子夏季短裤女¥179.00浙江杭州退货宝包邮9年老店Bananain蕉内旗舰店,520,9年老店Bananain蕉内旗舰店,https://detail.tmall.com/item.htm?id=1033737904372,https://g-search1.alicdn.com/img/bao/uploaded/i4/i3/3035493001/O1CN017ucstF1Y2VjpiaqLs_!!3035493001.jpg,1
蕉内丝丝505H男士睡裤透气家居裤格子情侣长裤女春季可外穿休闲裤入选品牌奥莱内衣店铺榜¥159.00浙江杭州退货宝包邮回头客6万Bananain蕉内奥莱店,520,9年老店Bananain蕉内旗舰店,https://item.taobao.com/item.htm?id=742423752255,https://g-search1.alicdn.com/img/bao/uploaded/i4/i1/1054195167/O1CN01KHnq471o2XcFw3Yeq-1054195167.jpg,1
蕉内棉棉505Home男士家居短裤透气格纹纯棉居家宽松可外穿睡裤夏夏季男2026年夏季¥139.00浙江杭州退货宝包邮回头客6万Bananain蕉内奥莱店,520,9年老店Bananain蕉内旗舰店,https://item.taobao.com/item.htm?id=1038113248252,https://g-search1.alicdn.com/img/bao/uploaded/i4/i4/1054195167/O1CN01TA0xea1o2XcGBTZJi-1054195167.jpg,1
蕉内银皮500S男士平角内裤长绒棉透气居家四角短裤睡裤宽松阿罗裤棉男平角裤¥99.00浙江杭州退货宝包邮9年老店Bananain蕉内旗舰店,520,9年老店Bananain蕉内旗舰店,https://detail.tmall.com/item.htm?id=879914931271,https://g-search1.alicdn.com/img/bao/uploaded/i4/i4/3035493001/O1CN01YYYWqU1Y2VjpDr1QC_!!3035493001.jpg,1
蕉内家居服女睡裙家居裤T恤吊带盲盒男/随机发1套/1件夏季青年纯色¥99.00浙江杭州退货宝包邮9年老店Bananain蕉内旗舰店,520,9年老店Bananain蕉内旗舰店,https://detail.tmall.com/item.htm?id=726849283001,https://g-search3.alicdn.com/img/bao/uploaded/i4/i2/3035493001/O1CN01wqkfbx1Y2Vem7SttE_!!4611686018427384457-0-item_pic.jpg,1
蕉内凉皮501Cool男士短裤凉感冰丝沙滩裤防晒速干运动裤五分裤直筒裤五分裤自然腰¥169.00北京包邮banana蕉in线下专柜店铺,520,9年老店Bananain蕉内旗舰店,https://item.taobao.com/item.htm?id=790551658407,https://g-search1.alicdn.com/img/bao/uploaded/i4/i3/2215383311537/O1CN01jF2qoI1NDzslEOb9c_!!2215383311537.heic,1
蕉内氮气305Dry男士短裤宽松针织速干裤夏季运动裤新款透气薄裤子夏季男运动家居¥179.00浙江杭州退货宝包邮9年老店Bananain蕉内旗舰店,520,9年老店Bananain蕉内旗舰店,https://detail.tmall.com/item.htm?id=1030707111245,https://g-search1.alicdn.com/img/bao/uploaded/i4/i3/3035493001/O1CN01K4HQyw1Y2VjpbPSh7_!!3035493001.jpg,1
蕉内棉棉305H家居短裤男士睡裤纯棉夏情侣新款女遛弯居家短裤睡衣春季短裤情侣¥89.00浙江杭州退货宝包邮回头客6万Bananain蕉内奥莱店,520,9年老店Bananain蕉内旗舰店,https://item.taobao.com/item.htm?id=765741846674,https://g-search3.alicdn.com/img/bao/uploaded/i4/i2/1054195167/O1CN01A9tgZS1o2XcGD2cTi-1054195167.jpg,1
蕉内棉棉301Sleep男生平角内裤居家透气男纯棉短裤宽松睡裤阿罗裤夏季男2026年春季¥79.00浙江杭州退货宝包邮回头客6万Bananain蕉内奥莱店,520,9年老店Bananain蕉内旗舰店,https://item.taobao.com/item.htm?id=1038425443755,https://gw.alicdn.com/imgextra/i4/O1CN01dPvgAJ1Zwfv79ayOL_!!6000000003259-2-tps-191-42.png,1
蕉内棉棉305Home男士家居服纯棉情侣夏季短袖长袖可外穿睡衣女款中老年圆领套头¥219.00浙江杭州退货宝包邮9年老店Bananain蕉内旗舰店,520,9年老店Bananain蕉内旗舰店,https://detail.tmall.com/item.htm?id=1043825482428,https://gw.alicdn.com/imgextra/i4/O1CN01Yj7zr21OZLys1Ss8M_!!6000000001719-2-tps-279-42.png,1
纯棉短裤男士2026新款红色本命年男式阿罗裤宽松内裤男款睡裤裤头棉男三角裤¥16.80广东汕头退货宝包邮回头客3千尚品内衣优选店,520,9年老店Bananain蕉内旗舰店,https://item.taobao.com/item.htm?id=955385680097,https://img.alicdn.com/imgextra/i3/O1CN01LvV0d41fjkGWg6iN6_!!6000000004043-2-tps-480-144.png,1
蕉内棉棉520Sleep女士睡裙短袖连衣裙女款夏季2026新款居家睡衣百亿补贴睡衣套装好评榜·第10名¥179.00浙江杭州新品退货宝包邮9年老店Bananain蕉内旗舰店,300,9年老店Bananain蕉内旗舰店,https://detail.tmall.com/item.htm?id=889612836020,https://gw.alicdn.com/imgextra/O1CN01PZobfV1Y2VjpAavBH_!!3035493001.jpg,1
蕉内棉棉305Home女士可外穿短袖睡衣吸汗大码2026新款夏女款睡裙长袖四季圆领¥159.00浙江杭州退货宝包邮9年老店Bananain蕉内旗舰店,300,9年老店Bananain蕉内旗舰店,https://detail.tmall.com/item.htm?id=1018580687591,https://gw.alicdn.com/imgextra/O1CN01NoNaVH1Y2VjpAdnyG_!!3035493001.jpg,1
蕉内棉棉520Home女士透气泡泡纱格纹超级市场短袖睡裙短袖夏季圆领¥259.00浙江杭州退货宝包邮9年老店Bananain蕉内旗舰店,300,9年老店Bananain蕉内旗舰店,https://detail.tmall.com/item.htm?id=1034569560316,https://g-search3.alicdn.com/img/bao/uploaded/i4/i4/3035493001/O1CN01t4Ulx21Y2Vjpic38g_!!3035493001.jpg,1
蕉内丝丝520H透气冰丝缎面连衣裙度假新款家居睡衣夏季女士睡裙长袖四季青年¥239.00浙江杭州退货宝包邮9年老店Bananain蕉内旗舰店,300,9年老店Bananain蕉内旗舰店,https://detail.tmall.com/item.htm?id=1034655131582,https://g-search3.alicdn.com/img/bao/uploaded/i4/i4/3035493001/O1CN01gg62gz1Y2Vjpc4RhF_!!3035493001.jpg,1
蕉内深睡512Sleep女士恒温提花吊带女款家居服2026新款睡裙吊带四季2026年春季¥458.00浙江杭州退货宝包邮9年老店Bananain蕉内旗舰店,300,9年老店Bananain蕉内旗舰店,https://detail.tmall.com/item.htm?id=1020112065499,https://g-search3.alicdn.com/img/bao/uploaded/i4/i2/3035493001/O1CN01LbLCjP1Y2VjpGBPGH_!!3035493001.jpg,1
【520礼物】蕉内红色计划303A文胸内衣内裤睡裙蕾丝结婚本命年四季通用无钢圈薄¥299.00浙江杭州退货宝包邮9年老店Bananain蕉内旗舰店,300,9年老店Bananain蕉内旗舰店,https://detail.tmall.com/item.htm?id=738506317738,https://g-search2.alicdn.com/img/bao/uploaded/i4/i2/3035493001/O1CN016lQ84b1Y2Vjpb5adC_!!3035493001.jpg,1
【520礼物】蕉内红色计划303A蕾丝睡裙文胸内裤结婚吊带睡衣女无袖四季V领¥299.00浙江杭州退货宝包邮9年老店Bananain蕉内旗舰店,300,9年老店Bananain蕉内旗舰店,https://detail.tmall.com/item.htm?id=1002264444516,https://g-search1.alicdn.com/img/bao/uploaded/i4/i3/3035493001/O1CN01V7mkeb1Y2VjpZoja0_!!3035493001.jpg,1
蕉内棉棉520Home女童2026春新款吸湿速干高弹力柔滑女孩儿童睡裙休闲夏季¥139.00浙江杭州退货宝包邮9年老店Bananain蕉内旗舰店,300,9年老店Bananain蕉内旗舰店,https://detail.tmall.com/item.htm?id=768556267248,https://g-search3.alicdn.com/img/bao/uploaded/i4/i2/3035493001/O1CN01Sgd8d01Y2VjpA8BdD_!!3035493001.jpg,1
【达人专享】王一博同款蕉内棉棉305Home男女士家居服套装睡裙中老年圆领套头¥179.00浙江杭州退货宝包邮9年老店Bananain蕉内旗舰店,300,9年老店Bananain蕉内旗舰店,https://detail.tmall.com/item.htm?id=1023833559524,https://g-search1.alicdn.com/img/bao/uploaded/i4/i4/3035493001/O1CN01vAWgLU1Y2VjijdjgP_!!4611686018427384457-2-item_pic.png,1
蕉内深睡512Sleep女士恒温提花吊带女款家居服2026新款睡裙吊带夏季V领¥199.00浙江杭州退货宝包邮回头客6万Bananain蕉内奥莱店,300,9年老店Bananain蕉内旗舰店,https://item.taobao.com/item.htm?id=1025958822414,https://g-search2.alicdn.com/img/bao/uploaded/i4/i1/1054195167/O1CN01LnD1Fm1o2XcGI8clC-1054195167.jpg,1
【达人专享】蕉内棉棉3系女士睡衣带杯莫代尔夏长袖短袖睡裙长袖四季圆领¥159.00浙江杭州退货宝包邮9年老店Bananain蕉内旗舰店,300,9年老店Bananain蕉内旗舰店,https://detail.tmall.com/item.htm?id=1019372042443,https://g-search2.alicdn.com/img/bao/uploaded/i4/i2/3035493001/O1CN014HvlWt1Y2Vjlostwu_!!4611686018427384457-2-item_pic.png,1
蕉内绒绒520Home女士睡衣半边绒保暖长袖家居服女款可爱加厚睡裙长袖冬季V领¥299.00浙江杭州退货宝包邮9年老店Bananain蕉内旗舰店,300,9年老店Bananain蕉内旗舰店,https://detail.tmall.com/item.htm?id=963446983235,https://g-search3.alicdn.com/img/bao/uploaded/i4/i2/3035493001/O1CN01PrSG2D1Y2VjpbcqrG_!!3035493001.jpg,1
蕉内绒绒520Home睡裙女半边绒居家长袖可爱动物睡衣裙保暖家居服长袖秋季圆领¥259.00浙江杭州退货宝包邮9年老店Bananain蕉内旗舰店,300,9年老店Bananain蕉内旗舰店,https://detail.tmall.com/item.htm?id=732617912615,https://g-search1.alicdn.com/img/bao/uploaded/i4/i2/3035493001/O1CN01ORhK0y1Y2VjpFfmtu_!!3035493001.jpg,1
蕉内棉棉700Home男女士同款华夫格直襟强吸水吸湿浴袍家居睡袍入选四季通用睡袍热卖榜¥359.00浙江杭州退货宝包邮9年老店Bananain蕉内旗舰店,300,9年老店Bananain蕉内旗舰店,https://detail.tmall.com/item.htm?id=961215759623,https://g-search2.alicdn.com/img/bao/uploaded/i4/i1/3035493001/O1CN01Ae7fv21Y2VjpA8SAX_!!3035493001.jpg,1
蕉内棉棉305Home女士速干短袖睡衣纯棉大码女款睡裙2026新款夏季长袖夏季圆领¥159.00上海包邮14年老店天猫超市,300,9年老店Bananain蕉内旗舰店,https://detail.tmall.com/item.htm?id=1045789777266,https://g-search2.alicdn.com/img/bao/uploaded/i4/i1/6000000004042/O1CN017isdOJ1fjI2hOYJQD_!!6000000004042-0-sm.jpg,1
蕉内绒绒500Home男女士睡袍半边绒加绒保暖睡衣家居服晨冬季浴袍冬季加厚简约¥259.00浙江杭州退货宝包邮9年老店Bananain蕉内旗舰店,300,9年老店Bananain蕉内旗舰店,https://detail.tmall.com/item.htm?id=826684003828,https://g-search3.alicdn.com/img/bao/uploaded/i4/i4/3035493001/O1CN01etw69h1Y2VZlRhoHr_!!0-item_pic.jpg,1
蕉内棉棉520Sleep女5A抑菌棉莫印花Pets Pets凉感不粘毛短袖睡裙无袖春季莫棉¥179.00浙江杭州退货宝包邮回头客6万Bananain蕉内奥莱店,300,9年老店Bananain蕉内旗舰店,https://item.taobao.com/item.htm?id=892493126405,https://g-search2.alicdn.com/img/bao/uploaded/i4/i3/1054195167/O1CN01LrsVr01o2XcGIfoby-1054195167.jpg,1
蕉内棉棉520Home女士透气舒适泡泡纱格纹超级市场短袖睡裙26新款短袖夏季小翻领¥259.00浙江杭州退货宝包邮回头客6万Bananain蕉内奥莱店,300,9年老店Bananain蕉内旗舰店,https://item.taobao.com/item.htm?id=1031791719259,https://g-search3.alicdn.com/img/bao/uploaded/i4/i4/1054195167/O1CN01dSTTaO1o2XcGfmMKG-1054195167.jpg,1
蕉内深睡512Sleep女士吊带恒温棉莫提花打底内衣家居服睡裙天猫超市睡裙热销榜·第2名¥299.00上海包邮14年老店天猫超市,300,9年老店Bananain蕉内旗舰店,https://detail.tmall.com/item.htm?id=1038849470906,https://gw.alicdn.com/imgextra/i4/O1CN01Yj7zr21OZLys1Ss8M_!!6000000001719-2-tps-279-42.png,1
蕉内绒绒520Home睡裙女童秋冬半边绒动物可爱女孩长袖保暖家居服冬季可爱¥199.00浙江杭州退货宝包邮9年老店Bananain蕉内旗舰店,300,9年老店Bananain蕉内旗舰店,https://detail.tmall.com/item.htm?id=964387514512,https://gw.alicdn.com/imgextra/i4/O1CN01Yj7zr21OZLys1Ss8M_!!6000000001719-2-tps-279-42.png,1
蕉内绒绒500Home男女同款保暖半边绒加厚加绒净色直襟冬季睡袍冬季加厚情侣¥259.00浙江杭州退货宝包邮9年老店Bananain蕉内旗舰店,300,9年老店Bananain蕉内旗舰店,https://detail.tmall.com/item.htm?id=968835303457,https://img.alicdn.com/imgextra/i2/O1CN01KqSpjA1T4jQJdrJ8B_!!6000000002329-2-tps-64-32.png,1
JIAOJIAN 眉目含情*性感睡裙纯欲护士cos装角色扮演制服睡衣内衣吊带四季韩版¥79.00广东广州包邮迷迭 Midate,300,9年老店Bananain蕉内旗舰店,https://item.taobao.com/item.htm?id=1046621858857,https://gw.alicdn.com/imgextra/i4/O1CN01dPvgAJ1Zwfv79ayOL_!!6000000003259-2-tps-191-42.png,1
SADO YINER情侣睡衣夏季冰丝女生吊带睡裙高级感男士家居服套装翻领短袖夏季¥539.00福建福州包邮香蕉芭拿拿高端内衣馆,300,9年老店Bananain蕉内旗舰店,https://item.taobao.com/item.htm?id=1055997216093,https://img.alicdn.com/imgextra/i3/O1CN01LvV0d41fjkGWg6iN6_!!6000000004043-2-tps-480-144.png,1
JIAOJIAN 酥软柔情*睡裙法式浪漫夏新款内衣春夏装睡裙性感睡衣黑吊带四季韩版¥79.00广东广州包邮迷迭 Midate,300,9年老店Bananain蕉内旗舰店,https://item.taobao.com/item.htm?id=1045884711694,https://gw.alicdn.com/imgextra/i4/O1CN01dPvgAJ1Zwfv79ayOL_!!6000000003259-2-tps-191-42.png,1
刘浩存同款蕉内氧气301P无痕美背内衣女性感文胸小胸聚拢薄款胸罩性感文胸回购榜·第1名¥119.00浙江杭州已补8元退货宝包邮9年老店Bananain蕉内旗舰店,511,9年老店Bananain蕉内旗舰店,https://detail.tmall.com/item.htm?id=637404109302&skuId=5792230551330,https://gw.alicdn.com/imgextra/O1CN01TNfWHg1Y2VjpWNDSf_!!3035493001.jpg,1
蕉内氧气501S文胸美背内衣女小胸聚拢显大收副乳无钢圈无痕胸罩四季通用透气可调节肩带¥169.00浙江杭州已补16.90元退货宝包邮9年老店Bananain蕉内旗舰店,511,9年老店Bananain蕉内旗舰店,https://detail.tmall.com/item.htm?id=665371964854&skuId=5585833381949,https://g-search3.alicdn.com/img/bao/uploaded/i4/i3/3035493001/O1CN01z24ZOc1Y2VjpP59z1_!!3035493001.jpg,1
刘浩存同款蕉内氧气311S文胸无痕舒适内衣女法式三角杯透气胸罩赵露思同款春季聚拢¥119.00浙江杭州已补8元退货宝包邮9年老店Bananain蕉内旗舰店,511,9年老店Bananain蕉内旗舰店,https://detail.tmall.com/item.htm?id=638062663580&skuId=5895680338678,https://gw.alicdn.com/imgextra/O1CN01fz1yb21Y2Vjpj5WNG_!!3035493001.jpg,1
【所有女生的衣橱直播间】蕉内301Pro软支撑聚拢背钩式文胸四季通用聚拢可调节肩带¥119.00浙江杭州退货宝包邮9年老店Bananain蕉内旗舰店,511,9年老店Bananain蕉内旗舰店,https://detail.tmall.com/item.htm?id=1045098815160&skuId=6070862824593,https://g-search1.alicdn.com/img/bao/uploaded/i4/i4/3035493001/O1CN01VdEWE61Y2VjmNQlKc_!!4611686018427384457-0-item_pic.jpg,1
蕉内氧气511A引力带莫代尔文胸无痕舒适透气内衣女运动背心胸罩纯色中腰透气¥169.00浙江杭州退货宝包邮9年老店Bananain蕉内旗舰店,511,9年老店Bananain蕉内旗舰店,https://detail.tmall.com/item.htm?id=1028876818173&skuId=6206481430085,https://g-search2.alicdn.com/img/bao/uploaded/i4/i2/3035493001/O1CN01yjmKue1Y2VjpEIHUR_!!3035493001.jpg,1
蕉内舒服蕾303A文胸细肩带美背内衣女薄款蕾丝性感无钢圈胸罩夏季透气薄¥99.00浙江杭州退货宝包邮9年老店Bananain蕉内旗舰店,511,9年老店Bananain蕉内旗舰店,https://detail.tmall.com/item.htm?id=768367500787&skuId=5274337549625,https://g-search3.alicdn.com/img/bao/uploaded/i4/i1/3035493001/O1CN01TVBnlf1Y2VjpZnrcL_!!3035493001.jpg,1
蕉内311S无痕美背内衣女薄款大胸显小胸罩法式莫代尔性感少女文胸入选品牌奥莱内衣店铺榜¥119.00浙江杭州退货宝包邮回头客6万Bananain蕉内奥莱店,511,9年老店Bananain蕉内旗舰店,https://item.taobao.com/item.htm?id=769757665253&skuId=6064880985443,https://g-search2.alicdn.com/img/bao/uploaded/i4/i2/1054195167/O1CN01mEmsHV1o2XcG6Y6xf-1054195167.jpg,1
蕉内凉皮511C内衣女夏薄款美背小胸聚拢无痕文胸透气性感胸罩入选百亿补贴聚拢内衣回购榜¥169.00浙江杭州退货宝包邮9年老店Bananain蕉内旗舰店,511,9年老店Bananain蕉内旗舰店,https://detail.tmall.com/item.htm?id=768441342428&skuId=5740462962256,https://g-search3.alicdn.com/img/bao/uploaded/i4/i2/3035493001/O1CN01G6ZLC31Y2VjpAbvY6_!!3035493001.jpg,1
蕉内氧气300A无尺码隐形无痕舒适粉底液内衣女运动背心文胸薄款新四季通用透气可调节肩带¥99.00浙江杭州退货宝包邮9年老店Bananain蕉内旗舰店,511,9年老店Bananain蕉内旗舰店,https://detail.tmall.com/item.htm?id=894894105675&skuId=5912717623869,https://g-search3.alicdn.com/img/bao/uploaded/i4/i3/3035493001/O1CN01l5TLQ31Y2VjpWQ21X_!!3035493001.jpg,1
蕉内氧气301P内衣女小胸聚拢显大无痕文胸性感胸罩四季通用聚拢可调节肩带¥119.00浙江杭州已补8元退货宝包邮9年老店Bananain蕉内旗舰店,511,9年老店Bananain蕉内旗舰店,https://detail.tmall.com/item.htm?id=669346148518&skuId=5933869785528,https://gw.alicdn.com/imgextra/O1CN01l5pxJQ1Y2VjpZojfL_!!3035493001.jpg,1
蕉内氧气501S无痕蕾丝内衣女聚拢小胸收副乳防下垂胸罩美背文胸四季通用聚拢可调节肩带¥169.00浙江杭州退货宝包邮9年老店Bananain蕉内旗舰店,511,9年老店Bananain蕉内旗舰店,https://detail.tmall.com/item.htm?id=1055750984650&skuId=6259500391202,https://g-search1.alicdn.com/img/bao/uploaded/i4/i2/3035493001/O1CN012dKO7t1Y2VjjcMeWO_!!4611686018427384457-0-item_pic.jpg,1
蕉内氧气511A引力带莫代尔文胸无痕聚拢舒适运动背心胸罩内衣女莫代尔瑜伽内衣热卖榜·第1名¥149.00浙江杭州退货宝包邮9年老店Bananain蕉内旗舰店,511,9年老店Bananain蕉内旗舰店,https://detail.tmall.com/item.htm?id=1020529394222&skuId=6032674441177,https://gw.alicdn.com/imgextra/O1CN01zFXkue1Y2VjkrfgrD_!!3035493001.jpg,1
【所有女生的衣橱直播间】蕉内511AirLOGO肩带文胸/罗纹三角内裤四季通用无痕可调节肩带¥149.00浙江杭州退货宝包邮9年老店Bananain蕉内旗舰店,511,9年老店Bananain蕉内旗舰店,https://detail.tmall.com/item.htm?id=1038001878845&skuId=6070805068327,https://g-search3.alicdn.com/img/bao/uploaded/i4/i3/3035493001/O1CN01x6ePJH1Y2VjmcSITv_!!4611686018427384457-0-item_pic.jpg,1
蕉内氮气518Dry运动内衣无痕女薄款背心防震跑步健身瑜伽美背文胸入选轻运动内衣店铺榜¥199.00浙江杭州已补10元退货宝包邮9年老店Bananain蕉内旗舰店,511,9年老店Bananain蕉内旗舰店,https://detail.tmall.com/item.htm?id=766519441090&skuId=5854852016416,https://g-search2.alicdn.com/img/bao/uploaded/i4/i3/3035493001/O1CN01X0cKu41Y2VjpZofRH_!!3035493001.jpg,1
蕉内【周冬雨同款】空气杯308Air文胸软支撑无痕内衣女薄款胸罩夏季无痕薄¥86.00广东汕头退货宝包邮品牌生活店,511,9年老店Bananain蕉内旗舰店,https://item.taobao.com/item.htm?id=921841656842&skuId=5794750720653,https://g-search3.alicdn.com/img/bao/uploaded/i4/i4/2215631616619/O1CN01756ldJ1ylYc7gOqCJ_!!2215631616619.jpg,1
蕉内内衣舒服蕾501Air花瓣杯文胸小胸聚拢收副乳蕾丝胸罩女夏薄款四季通用聚拢薄¥189.90浙江杭州包邮6年老店官芳正品严选店,511,9年老店Bananain蕉内旗舰店,https://item.taobao.com/item.htm?id=1052989220024&skuId=6250000295926,https://g-search1.alicdn.com/img/bao/uploaded/i4/i4/3237756720/O1CN01VA3ZLe1zVohd8rrC6_!!3237756720.jpg,1
蕉内氧气311S内衣女无痕美背法式高级三角杯性感胸罩镂空透气文胸入选零压感内衣店铺榜¥119.00浙江杭州已补8元退货宝包邮9年老店Bananain蕉内旗舰店,511,9年老店Bananain蕉内旗舰店,https://detail.tmall.com/item.htm?id=1020195433108&skuId=6030702569938,https://gw.alicdn.com/imgextra/O1CN01UWpYgp1Y2VjpaMR1X_!!3035493001.jpg,1
蕉内500A舒服蕾内衣女夏薄款蕾丝吊带性感背心无痕美背文胸胸罩透气薄可调节肩带¥149.00浙江杭州退货宝包邮9年老店Bananain蕉内旗舰店,511,9年老店Bananain蕉内旗舰店,https://detail.tmall.com/item.htm?id=1053328727495&skuId=6259950327821,https://g-search2.alicdn.com/img/bao/uploaded/i4/i4/3035493001/O1CN01njUpQS1Y2VjjjTuvN_!!4611686018427384457-0-item_pic.jpg,1
【达人专享】蕉内氧气5系舒服蕾阳台杯三角杯聚拢蕾丝美背文胸入选蕾丝美背文胸品牌榜¥169.00浙江杭州退货宝包邮9年老店Bananain蕉内旗舰店,511,9年老店Bananain蕉内旗舰店,https://detail.tmall.com/item.htm?id=1027655541024&skuId=6063506916340,https://g-search1.alicdn.com/img/bao/uploaded/i4/i3/3035493001/O1CN014iYhEE1Y2VjkpOmFC_!!4611686018427384457-0-item_pic.jpg,1
蕉内空气杯501A超柔舒适撞色无痕美背内衣小胸女聚拢文胸胸罩四季通用聚拢可调节肩带¥169.00浙江杭州退货宝包邮9年老店Bananain蕉内旗舰店,511,9年老店Bananain蕉内旗舰店,https://detail.tmall.com/item.htm?id=1054640085263&skuId=6258825546458,https://g-search2.alicdn.com/img/bao/uploaded/i4/i3/3035493001/O1CN0184a0Lw1Y2VjiNcrc4_!!4611686018427384457-0-item_pic.jpg,1
蕉内蕉蕉杯511S深V内衣女小胸聚拢粉底液无痕性感无钢圈文胸胸罩四季通用聚拢可调节肩带¥169.00浙江杭州退货宝包邮9年老店Bananain蕉内旗舰店,511,9年老店Bananain蕉内旗舰店,https://detail.tmall.com/item.htm?id=1054636985016&skuId=6093849944846,https://g-search3.alicdn.com/img/bao/uploaded/i4/i3/3035493001/O1CN01fY1Bmk1Y2VjiFh8EF_!!4611686018427384457-0-item_pic.jpg,1
蕉内凉皮506CA内衣女美背文胸细肩带粉底液隐形无痕透气薄款胸罩四季通用凉感薄¥199.00浙江杭州退货宝包邮9年老店Bananain蕉内旗舰店,511,9年老店Bananain蕉内旗舰店,https://detail.tmall.com/item.htm?id=1054100410411&skuId=6259946755643,https://g-search3.alicdn.com/img/bao/uploaded/i4/i3/3035493001/O1CN01s7obqv1Y2VjkSKZ6c_!!4611686018427384457-0-item_pic.jpg,1
蕉内氧气300Air max无尺码大胸显小粉底液内衣女胸罩无痕背心文胸四季通用透气固定双肩带¥99.00浙江杭州退货宝包邮9年老店Bananain蕉内旗舰店,511,9年老店Bananain蕉内旗舰店,https://detail.tmall.com/item.htm?id=671610887201&skuId=5889292891317,https://g-search3.alicdn.com/img/bao/uploaded/i4/i2/3035493001/O1CN015gIL0H1Y2VjpFiqEu_!!3035493001.jpg,1
蕉内301P女士内衣小胸聚拢无钢圈一片式性感文胸夏薄款无痕胸罩入选简约质感内搭店铺榜¥119.00浙江杭州退货宝包邮回头客6万Bananain蕉内奥莱店,511,9年老店Bananain蕉内旗舰店,https://item.taobao.com/item.htm?id=643046835649&skuId=6064848089903,https://g-search2.alicdn.com/img/bao/uploaded/i4/i4/1054195167/O1CN01T2s5m21o2XcG6Ya4j-1054195167.jpg,1
【所有女生直播间好物复购】蕉内3系女宝文胸（网眼式/吊带式）四季通用无痕固定双肩带¥119.00浙江杭州退货宝包邮9年老店Bananain蕉内旗舰店,511,9年老店Bananain蕉内旗舰店,https://detail.tmall.com/item.htm?id=1044579280828&skuId=6252174743828,https://g-search3.alicdn.com/img/bao/uploaded/i4/i4/3035493001/O1CN01CS5hlI1Y2Vjci9BiP_!!4611686018427384457-0-item_pic.jpg,1
蕉内氧气501S无痕蕾丝文胸套装内衣女聚拢小胸透气内裤美背胸罩四季青年女性聚拢¥228.00浙江杭州已补10元退货宝包邮9年老店Bananain蕉内旗舰店,511,9年老店Bananain蕉内旗舰店,https://detail.tmall.com/item.htm?id=1018229372371&skuId=6190277030829,https://g-search1.alicdn.com/img/bao/uploaded/i4/i2/3035493001/O1CN011oxx4u1Y2VjpTerlf_!!3035493001.jpg,1
【所有姐姐的衣橱直播间】蕉内氧气301Pro软支撑强聚拢背钩式文胸春季聚拢可调节肩带¥119.00浙江杭州退货宝包邮9年老店Bananain蕉内旗舰店,511,9年老店Bananain蕉内旗舰店,https://detail.tmall.com/item.htm?id=918057836358&skuId=5952113882430,https://g-search3.alicdn.com/img/bao/uploaded/i4/i1/3035493001/O1CN015Nzk9C1Y2VjXPomQG_!!4611686018427384457-0-item_pic.jpg,1
蕉内凉皮511C凉感细肩带内衣女透气无痕小胸聚拢胸罩美背薄款文胸无痕薄极细肩带¥169.00浙江杭州退货宝包邮回头客6万Bananain蕉内奥莱店,511,9年老店Bananain蕉内旗舰店,https://item.taobao.com/item.htm?id=1032425805913&skuId=6210806398169,https://g-search3.alicdn.com/img/bao/uploaded/i4/i2/1054195167/O1CN01xwtgGC1o2XcG9kFCG-1054195167.jpg,1
蕉内凉皮501Cool Air女士美背吊带胸垫免穿内衣带杯上衣文胸背心赵露思同款夏季纯色¥199.00浙江杭州新品退货宝包邮9年老店Bananain蕉内旗舰店,511,9年老店Bananain蕉内旗舰店,https://detail.tmall.com/item.htm?id=892204202511&skuId=5781893429483,https://g-search3.alicdn.com/img/bao/uploaded/i4/i3/3035493001/O1CN019h5BR31Y2VjpVsXH2_!!3035493001.jpg,1
【达人专享】蕉内氧气301S聪明带无痕内衣女聚拢粉底液隐形文胸聚拢极细肩带全罩杯¥129.00浙江杭州退货宝包邮9年老店Bananain蕉内旗舰店,511,9年老店Bananain蕉内旗舰店,https://detail.tmall.com/item.htm?id=1023724579969&skuId=6200841551866,https://g-search1.alicdn.com/img/bao/uploaded/i4/i3/3035493001/O1CN016ygFks1Y2Vjl3Soso_!!4611686018427384457-0-item_pic.jpg,1
【自播专享】蕉内凉皮511Cool无痕美背内衣女聚拢文胸胸罩入选零压感内衣店铺榜¥169.00浙江杭州退货宝包邮9年老店Bananain蕉内旗舰店,511,9年老店Bananain蕉内旗舰店,https://detail.tmall.com/item.htm?id=947775129839&skuId=6022150050001,https://g-search3.alicdn.com/img/bao/uploaded/i4/i2/3035493001/O1CN01q4LI5I1Y2ViwQUrWK_!!4611686018427384457-0-item_pic.jpg,1
蕉内凉皮511C凉感细肩带内衣女透气无痕小胸聚拢胸罩美背薄款文胸凉感文胸热卖榜·第5名¥169.00浙江杭州退货宝包邮9年老店Bananain蕉内旗舰店,511,9年老店Bananain蕉内旗舰店,https://detail.tmall.com/item.htm?id=1028432346267,https://gw.alicdn.com/imgextra/O1CN01YfMt4T1Y2Vjpj5ejf_!!3035493001.jpg,1
蕉内凉皮503CA内衣女夏薄款蕾丝文胸美背无痕小胸聚拢三角杯胸罩夏季聚拢可调节肩带¥169.00浙江杭州退货宝包邮9年老店Bananain蕉内旗舰店,511,9年老店Bananain蕉内旗舰店,https://detail.tmall.com/item.htm?id=1030163760859,https://g-search2.alicdn.com/img/bao/uploaded/i4/i2/3035493001/O1CN01hGLOal1Y2VjpVqaZH_!!3035493001.jpg,1
蕉内氧气501P圆圆杯内衣女聚拢小胸显大美背性感胸罩无痕透气文胸入选零压感内衣店铺榜¥149.00浙江杭州退货宝包邮9年老店Bananain蕉内旗舰店,511,9年老店Bananain蕉内旗舰店,https://detail.tmall.com/item.htm?id=1018125664345,https://gw.alicdn.com/imgextra/O1CN01Kb686b1Y2VjpP4tOR_!!3035493001.jpg,1
蕉内氮气5系运动内衣无痕女防震背心防下垂跑步瑜伽健身美背文胸四季通用透气固定双肩带¥169.00浙江杭州退货宝包邮9年老店Bananain蕉内旗舰店,511,9年老店Bananain蕉内旗舰店,https://detail.tmall.com/item.htm?id=733255829669,https://g-search2.alicdn.com/img/bao/uploaded/i4/i3/3035493001/O1CN01zUwqhR1Y2VjpOZfxh_!!3035493001.jpg,1
蕉内氧气501S无痕蕾丝内衣女聚拢小胸收副乳防下垂胸罩美背文胸四季通用聚拢可调节肩带¥169.00浙江杭州退货宝包邮9年老店Bananain蕉内旗舰店,511,9年老店Bananain蕉内旗舰店,https://detail.tmall.com/item.htm?id=1018126192744,https://gw.alicdn.com/imgextra/O1CN01s70WZ01Y2VjpWPUob_!!3035493001.jpg,1
蕉内氧气301P无痕美背内衣女小胸聚拢文胸性感胸罩天猫超市聚拢内衣好评榜·第7名¥119.00上海包邮14年老店天猫超市,511,9年老店Bananain蕉内旗舰店,https://detail.tmall.com/item.htm?id=982926287809,https://g-search3.alicdn.com/img/bao/uploaded/i4/i4/6000000005694/O1CN01E0dfi81rvuLLHUMzK_!!6000000005694-0-sm.jpg,1
蕉内蕉蕉杯511S深V内衣女小胸聚拢粉底液无痕性感无钢圈文胸胸罩入选零压感内衣店铺榜¥169.00浙江杭州退货宝包邮9年老店Bananain蕉内旗舰店,511,9年老店Bananain蕉内旗舰店,https://detail.tmall.com/item.htm?id=971998138893,https://g-search3.alicdn.com/img/bao/uploaded/i4/i3/3035493001/O1CN01SFWdYD1Y2Vjpic3CH_!!3035493001.jpg,1
蕉内氧气516P防滑前扣抹胸聚拢无痕美背隐形裹胸无肩带内衣女胸罩百亿补贴文胸新品榜·第2名¥199.00浙江杭州退货宝包邮9年老店Bananain蕉内旗舰店,511,9年老店Bananain蕉内旗舰店,https://detail.tmall.com/item.htm?id=1040220274382,https://gw.alicdn.com/imgextra/O1CN01fyxgSI1Y2Vjif9OD8_!!3035493001-0-picasso.jpg,1
【李佳琦直播间618时尚节】蕉内303A法式三角杯背钩/前扣式文胸四季通用透气可调节肩带¥99.00浙江杭州退货宝包邮9年老店Bananain蕉内旗舰店,511,9年老店Bananain蕉内旗舰店,https://detail.tmall.com/item.htm?id=1028551936942,https://gw.alicdn.com/imgextra/i4/O1CN01Yj7zr21OZLys1Ss8M_!!6000000001719-2-tps-279-42.png,1
蕉内空气杯503A法式性感三角杯蕾丝文胸薄款小胸聚拢胸罩美背内衣四季通用聚拢可调节肩带¥169.00浙江杭州退货宝包邮9年老店Bananain蕉内旗舰店,511,9年老店Bananain蕉内旗舰店,https://detail.tmall.com/item.htm?id=988775447786,https://gw.alicdn.com/imgextra/i4/O1CN01Yj7zr21OZLys1Ss8M_!!6000000001719-2-tps-279-42.png,1
【李佳琦618超级潮电家装节】蕉内氧气511A莫代尔文胸/罗纹内裤莫代尔文胸热卖榜·第2名¥149.00浙江杭州退货宝包邮9年老店Bananain蕉内旗舰店,511,9年老店Bananain蕉内旗舰店,https://detail.tmall.com/item.htm?id=1018677630964,https://gw.alicdn.com/imgextra/i4/O1CN01Yj7zr21OZLys1Ss8M_!!6000000001719-2-tps-279-42.png,1
蕉内氧气502A舒服蕾阳台杯内衣女聚拢蕾丝美背法式性感文胸胸罩入选蕾丝美背文胸品牌榜¥169.00浙江杭州退货宝包邮9年老店Bananain蕉内旗舰店,511,9年老店Bananain蕉内旗舰店,https://detail.tmall.com/item.htm?id=1021513829464,https://gw.alicdn.com/imgextra/i4/O1CN01Yj7zr21OZLys1Ss8M_!!6000000001719-2-tps-279-42.png,1
蕉内氧气501A舒服蕾花瓣杯蕾丝法式性感美背文胸聚拢胸罩内衣女四季通用聚拢可调节肩带¥169.00浙江杭州退货宝包邮9年老店Bananain蕉内旗舰店,511,9年老店Bananain蕉内旗舰店,https://detail.tmall.com/item.htm?id=1019928935680,https://gw.alicdn.com/imgextra/O1CN01rrcuz21Y2VjpSfvul_!!3035493001.jpg,2
蕉内氧气301S聪明带无痕内衣女聚拢小胸细肩带粉底液隐形胸罩文胸隐形肩带文胸热卖榜·第10名¥129.00浙江杭州退货宝包邮9年老店Bananain蕉内旗舰店,511,9年老店Bananain蕉内旗舰店,https://detail.tmall.com/item.htm?id=1015082213900,https://gw.alicdn.com/imgextra/i4/O1CN01Yj7zr21OZLys1Ss8M_!!6000000001719-2-tps-279-42.png,2
蕉内舒服蕾303A文胸细肩带美背性感内衣女薄款蕾丝法式三角杯胸罩四季通用透气薄¥99.00广东深圳退货宝包邮9年老店Bananain蕉内旗舰店,511,9年老店Bananain蕉内旗舰店,https://detail.tmall.com/item.htm?id=877796184621,https://gw.alicdn.com/imgextra/i4/O1CN01Yj7zr21OZLys1Ss8M_!!6000000001719-2-tps-279-42.png,2
蕉内氧气503A舒服蕾法式三角杯蕾丝胸罩文胸无痕美背性感内衣女入选百亿补贴法式文胸热销榜¥169.00浙江杭州退货宝包邮9年老店Bananain蕉内旗舰店,511,9年老店Bananain蕉内旗舰店,https://detail.tmall.com/item.htm?id=1024443649518,https://img.alicdn.com/imgextra/i2/O1CN01KqSpjA1T4jQJdrJ8B_!!6000000002329-2-tps-64-32.png,2
刘浩存同款蕉内5系抹胸无肩带内衣女聚拢无痕隐形防滑美背文胸罩赵露思同款四季通用凉感¥169.00浙江杭州退货宝包邮9年老店Bananain蕉内旗舰店,511,9年老店Bananain蕉内旗舰店,https://detail.tmall.com/item.htm?id=644367132389,https://gw.alicdn.com/imgextra/i4/O1CN01Yj7zr21OZLys1Ss8M_!!6000000001719-2-tps-279-42.png,2
蕉内空气杯501A超柔舒适撞色无痕美背内衣小胸女聚拢文胸胸罩入选零压感内衣店铺榜¥169.00浙江杭州退货宝包邮9年老店Bananain蕉内旗舰店,511,9年老店Bananain蕉内旗舰店,https://detail.tmall.com/item.htm?id=843911914945,https://img.alicdn.com/imgextra/i2/O1CN01KqSpjA1T4jQJdrJ8B_!!6000000002329-2-tps-64-32.png,2
【所有姐姐的衣橱直播间】蕉内氧气516S软支撑防滑背钩式抹胸四季通用隐形可拆卸双肩带¥169.00浙江杭州退货宝包邮9年老店Bananain蕉内旗舰店,511,9年老店Bananain蕉内旗舰店,https://detail.tmall.com/item.htm?id=1027630054037,https://g-search2.alicdn.com/img/bao/uploaded/i4/i3/3035493001/O1CN01KX6KwO1Y2Vje1hE8y_!!4611686018427384457-0-item_pic.jpg,1
蕉内蕉蕉杯516S文胸裹胸无肩带内衣女防滑抹胸防走光美背无痕胸罩入选零压感内衣店铺榜¥169.00浙江杭州退货宝包邮9年老店Bananain蕉内旗舰店,511,9年老店Bananain蕉内旗舰店,https://detail.tmall.com/item.htm?id=771389116405,https://g-search1.alicdn.com/img/bao/uploaded/i4/i2/3035493001/O1CN01kQYz6S1Y2VjkrD9ff_!!3035493001.jpg,1
3件|蕉内银皮510S男士内裤纯棉透气裆三角裤长绒棉短裤男生裤衩青年男棉¥139.00浙江杭州退货宝包邮9年老店Bananain蕉内旗舰店,3,9年老店Bananain蕉内旗舰店,https://detail.tmall.com/item.htm?id=843421579226,https://gw.alicdn.com/imgextra/O1CN017YEtFx1Y2Vjn3gidv_!!3035493001-0-picasso.jpg,1
3件|蕉内银皮518S MAX男士大码平角内裤纯棉透气裆莫代尔四角短裤男士棉质面料纯色¥159.00浙江杭州退货宝包邮9年老店Bananain蕉内旗舰店,3,9年老店Bananain蕉内旗舰店,https://detail.tmall.com/item.htm?id=743625586096,https://g-search3.alicdn.com/img/bao/uploaded/i4/i2/3035493001/O1CN01LV8St61Y2VjpOaTrX_!!3035493001.jpg,1
3件|蕉内银皮501Color男士平角内裤纯棉透气裆新款青少年四角短裤少年棉质面料格子¥159.00浙江杭州退货宝包邮9年老店Bananain蕉内旗舰店,3,9年老店Bananain蕉内旗舰店,https://detail.tmall.com/item.htm?id=637413665828,https://g-search1.alicdn.com/img/bao/uploaded/i4/i4/3035493001/O1CN01nmiWwH1Y2VjpDoPDN_!!3035493001.jpg,1
3件|蕉内银皮311A男士平角内裤莫代尔纯棉透气裆冰丝四角短裤男生青年棉质面料纯色¥99.00浙江杭州退货宝包邮9年老店Bananain蕉内旗舰店,3,9年老店Bananain蕉内旗舰店,https://detail.tmall.com/item.htm?id=884758659314,https://g-search1.alicdn.com/img/bao/uploaded/i4/i1/3035493001/O1CN01OCrSWE1Y2VjqxtCam_!!3035493001.jpg,1
3件|蕉内氮气506Dry男士运动速干内裤透气网眼冰丝莫代尔四角短裤青年纯色速干¥159.00浙江杭州退货宝包邮9年老店Bananain蕉内旗舰店,3,9年老店Bananain蕉内旗舰店,https://detail.tmall.com/item.htm?id=766857258361,https://gw.alicdn.com/imgextra/O1CN01c95eS41Y2VjpA7eLw_!!3035493001.jpg,1
3件|蕉内银皮555Color男士内裤平角天丝长绒棉新款青少年四角短裤青年棉质面料纯色¥159.00浙江杭州退货宝包邮9年老店Bananain蕉内旗舰店,3,9年老店Bananain蕉内旗舰店,https://detail.tmall.com/item.htm?id=618265803884,https://g-search2.alicdn.com/img/bao/uploaded/i4/i4/3035493001/O1CN01MKKKHP1Y2Vjpb94rE_!!3035493001.jpg,1
3件|蕉内银皮520C假日男士内裤平角莫代尔男生沙滩裤四角短裤礼物莫代尔透气男¥159.00浙江杭州退货宝包邮9年老店Bananain蕉内旗舰店,3,9年老店Bananain蕉内旗舰店,https://detail.tmall.com/item.htm?id=1030207212649,https://g-search3.alicdn.com/img/bao/uploaded/i4/i1/3035493001/O1CN01FeSneZ1Y2VjpDpThh_!!3035493001.jpg,1
蕉内银皮500E莫代尔冰丝男士平角内裤网眼滑大码高弹7A抗菌入选天猫超市男士内裤热销榜¥159.00上海包邮14年老店天猫超市,3,9年老店Bananain蕉内旗舰店,https://detail.tmall.com/item.htm?id=972243257355,https://g-search2.alicdn.com/img/bao/uploaded/i4/i4/6000000003382/O1CN01xe9D4x1ar0di9Vk2p_!!6000000003382-0-sm.jpg,1
蕉内银皮301Pro男士莫代尔三角内裤薄大码冰丝纯棉透气裆短裤青年男抗菌¥99.00上海包邮14年老店天猫超市,3,9年老店Bananain蕉内旗舰店,https://detail.tmall.com/item.htm?id=998639416965,https://g-search3.alicdn.com/img/bao/uploaded/i4/i4/6000000007791/O1CN01KdkvXN27QKtRCZxX2_!!6000000007791-0-sm.jpg,1
礼盒|蕉内红色计划Fansack联名情侣纯棉男士内裤女本命年袜子礼物情侣棉质面料棉¥199.00浙江杭州退货宝包邮9年老店Bananain蕉内旗舰店,3,9年老店Bananain蕉内旗舰店,https://detail.tmall.com/item.htm?id=657974495083,https://g-search3.alicdn.com/img/bao/uploaded/i4/i1/3035493001/O1CN01z4zPfV1Y2VjpaJcMr_!!3035493001.jpg,1
蕉内501C男士内裤纯棉抗菌四角内裤防夹臀舒适中腰平角裤裤衩3件青年棉质面料格子¥159.00浙江杭州退货宝包邮回头客6万Bananain蕉内奥莱店,3,9年老店Bananain蕉内旗舰店,https://item.taobao.com/item.htm?id=769752594518,https://g-search3.alicdn.com/img/bao/uploaded/i4/i3/1054195167/O1CN01xJ7iHr1o2XcBY3VBW-1054195167.jpg,1
3件|蕉内银皮701S男士平角内裤男纯棉透气新款高档长绒棉四角短裤男士棉质面料纯色¥259.00浙江杭州退货宝包邮9年老店Bananain蕉内旗舰店,3,9年老店Bananain蕉内旗舰店,https://detail.tmall.com/item.htm?id=768970949418,https://g-search3.alicdn.com/img/bao/uploaded/i4/i2/3035493001/O1CN01xDyQsc1Y2VjpFfr6J_!!3035493001.jpg,1
蕉内银皮303A女士内裤镂空法式蕾丝性感高开衩纯棉透气裆三角裤女植物花卉抗菌女¥39.00浙江杭州新品退货宝9年老店Bananain蕉内旗舰店,3,9年老店Bananain蕉内旗舰店,https://detail.tmall.com/item.htm?id=895121962995,https://g-search3.alicdn.com/img/bao/uploaded/i4/i1/3035493001/O1CN017hwxrW1Y2VjpWNga1_!!3035493001.jpg,1
3件|蕉内银皮301S女士内裤纯棉透气裆美式运动高颜值性感三角裤女纯棉内裤热卖榜·第5名¥79.00浙江杭州退货宝包邮9年老店Bananain蕉内旗舰店,3,9年老店Bananain蕉内旗舰店,https://detail.tmall.com/item.htm?id=542181196925,https://g-search2.alicdn.com/img/bao/uploaded/i4/i3/3035493001/O1CN01wukPIO1Y2VjqxsfIH_!!3035493001.jpg,1
3件|蕉内银皮311S女士内裤三角裤大码短裤抗菌不夹纯棉透气裆新款亲肤透气条纹纯棉¥79.00浙江杭州退货宝包邮9年老店Bananain蕉内旗舰店,3,9年老店Bananain蕉内旗舰店,https://detail.tmall.com/item.htm?id=607327356420,https://g-search3.alicdn.com/img/bao/uploaded/i4/i3/3035493001/O1CN01AeFqoR1Y2VjpbbLNl_!!3035493001.jpg,1
3件|蕉内银皮505A女士内裤莫代尔撞色氨基酸透气三角裤短裤女纯色中腰莫代尔¥139.00浙江杭州退货宝包邮9年老店Bananain蕉内旗舰店,3,9年老店Bananain蕉内旗舰店,https://detail.tmall.com/item.htm?id=884373115388,https://g-search2.alicdn.com/img/bao/uploaded/i4/i2/3035493001/O1CN01J5WlbS1Y2VjpA8FoP_!!3035493001.jpg,1
蕉下女士内裤纯棉底裆抗菌透气柔软运动高弹防夹臀女生中腰三角裤入选女士内裤热卖榜¥69.00广东广州包邮回头客300万蕉下官方旗舰店,3,9年老店Bananain蕉内旗舰店,https://detail.tmall.com/item.htm?id=707677265288,https://gw.alicdn.com/imgextra/O1CN01fVRlzN1fmxD9S9vF1-1652864050.jpg,1
3件|蕉内银皮510S女士内裤收腹纯棉透气裆高颜值短裤三角裤女新款纯色透气女¥119.00浙江杭州退货宝包邮9年老店Bananain蕉内旗舰店,3,9年老店Bananain蕉内旗舰店,https://detail.tmall.com/item.htm?id=730191678719,https://g-search2.alicdn.com/img/bao/uploaded/i4/i2/3035493001/O1CN01awhMCu1Y2VjpFhdQ3_!!3035493001.jpg,1
蕉内银皮301C可爱印花三角内裤透气学生少女纯棉内裤女生抗菌内裤卡通动漫中腰纯棉¥89.00浙江杭州退货宝包邮回头客6万Bananain蕉内奥莱店,3,9年老店Bananain蕉内旗舰店,https://item.taobao.com/item.htm?id=769684244557,https://g-search1.alicdn.com/img/bao/uploaded/i4/i4/1054195167/O1CN010gRxzA1o2XcGD2x81-1054195167.jpg,1
【所有女生的衣橱直播间】蕉内银皮301S男/女士棉感平角/三角内裤纯色中腰纯棉¥79.00浙江杭州退货宝包邮9年老店Bananain蕉内旗舰店,3,9年老店Bananain蕉内旗舰店,https://detail.tmall.com/item.htm?id=1047231676024,https://g-search1.alicdn.com/img/bao/uploaded/i4/i4/3035493001/O1CN01GEM08N1Y2VjlCc6kc_!!4611686018427384457-0-item_pic.jpg,1
3件|蕉内银皮303A女士内裤蕾丝性感透气镂空短裤无痕少女三角裤植物花卉中腰透气¥89.00浙江杭州退货宝9年老店Bananain蕉内旗舰店,3,9年老店Bananain蕉内旗舰店,https://detail.tmall.com/item.htm?id=620496674505,https://g-search3.alicdn.com/img/bao/uploaded/i4/i2/3035493001/O1CN01gZ0H2L1Y2Vjpbd1HQ_!!3035493001.jpg,1
【李佳琦直播间618玩乐一夏】蕉内银皮301C女士莫代尔印花内裤卡通动漫中腰莫代尔¥89.00浙江杭州退货宝包邮9年老店Bananain蕉内旗舰店,3,9年老店Bananain蕉内旗舰店,https://detail.tmall.com/item.htm?id=915602689244,https://g-search3.alicdn.com/img/bao/uploaded/i4/i2/3035493001/O1CN01O1uFT61Y2VjkS6cl0_!!4611686018427384457-0-item_pic.jpg,1
3件|蕉内银皮311S女士内裤纯棉透气裆舒适高级大码三角裤女新款纯色中腰纯棉¥79.00浙江杭州退货宝包邮9年老店Bananain蕉内旗舰店,3,9年老店Bananain蕉内旗舰店,https://detail.tmall.com/item.htm?id=814267764021,https://g-search3.alicdn.com/img/bao/uploaded/i4/i3/3035493001/O1CN01HXUxxi1Y2VjpFiIzg_!!3035493001.jpg,1
【李佳琦直播间618时尚节】蕉内5系凉感内裤女士内裤热卖榜·第1名¥149.00浙江杭州退货宝包邮9年老店Bananain蕉内旗舰店,3,9年老店Bananain蕉内旗舰店,https://detail.tmall.com/item.htm?id=1048666803000,https://g-search3.alicdn.com/img/bao/uploaded/i4/i1/3035493001/O1CN014lC15m1Y2Vjl96Ekw_!!4611686018427384457-0-item_pic.jpg,1
3件|蕉内银皮511A女士内裤莫代尔运动透气三角裤女新款高级短裤条纹中腰抗菌¥139.00浙江杭州退货宝包邮9年老店Bananain蕉内旗舰店,3,9年老店Bananain蕉内旗舰店,https://detail.tmall.com/item.htm?id=1019361394594,https://g-search3.alicdn.com/img/bao/uploaded/i4/i4/3035493001/O1CN01wqpEpM1Y2VjqxpJPS_!!3035493001.jpg,1
蕉内银皮301S女士内裤纯棉透气裆美式运动高颜值性感三角入选天猫超市内裤热销榜¥79.00上海包邮14年老店天猫超市,3,9年老店Bananain蕉内旗舰店,https://detail.tmall.com/item.htm?id=1049043431871,https://g-search3.alicdn.com/img/bao/uploaded/i4/i1/6000000007450/O1CN01jCpHH324u9pjsi5yb_!!6000000007450-0-sm.jpg,1
【所有女生直播间】蕉内银皮301Color女士印花内裤印花中腰莫代尔¥89.00浙江杭州退货宝包邮9年老店Bananain蕉内旗舰店,3,9年老店Bananain蕉内旗舰店,https://detail.tmall.com/item.htm?id=917459577651,https://g-search3.alicdn.com/img/bao/uploaded/i4/i1/3035493001/O1CN01GOlwH41Y2Vjdxf9SP_!!4611686018427384457-0-item_pic.jpg,1
3件|蕉内银皮311A女士内裤莫代尔舒适性感纯棉透气裆抗菌三角裤女纯色莫代尔透气¥89.00浙江杭州退货宝包邮9年老店Bananain蕉内旗舰店,3,9年老店Bananain蕉内旗舰店,https://detail.tmall.com/item.htm?id=673874218908,https://g-search3.alicdn.com/img/bao/uploaded/i4/i1/3035493001/O1CN01LNjM9B1Y2VjpaJgX5_!!3035493001.jpg,1
3件|蕉内银皮301A女士内裤莫代尔柔软性感纯棉透气裆三角裤女新款莫代尔透气女¥89.00浙江杭州退货宝包邮9年老店Bananain蕉内旗舰店,3,9年老店Bananain蕉内旗舰店,https://detail.tmall.com/item.htm?id=1053695640774,https://gw.alicdn.com/imgextra/i4/O1CN01Yj7zr21OZLys1Ss8M_!!6000000001719-2-tps-279-42.png,1
蕉内银皮505P女士内裤镂空性感低腰舒适纯棉透气裆三角裤女纯色低腰锦纶¥59.00浙江杭州退货宝9年老店Bananain蕉内旗舰店,3,9年老店Bananain蕉内旗舰店,https://detail.tmall.com/item.htm?id=795826879396,https://img.alicdn.com/imgextra/i2/O1CN01KqSpjA1T4jQJdrJ8B_!!6000000002329-2-tps-64-32.png,1
3件|蕉内银皮510S女士内裤高腰收腹大码棉感透气裆短裤三角裤新款纯色透气女¥119.00浙江杭州退货宝包邮9年老店Bananain蕉内旗舰店,3,9年老店Bananain蕉内旗舰店,https://detail.tmall.com/item.htm?id=1049992831844,https://gw.alicdn.com/imgextra/i4/O1CN01Yj7zr21OZLys1Ss8M_!!6000000001719-2-tps-279-42.png,1
3件蕉内女士内裤新款纯棉透气银皮301S抗菌10A运动三角内裤高颜值入选职业通勤内搭店铺榜¥79.00浙江杭州退货宝包邮回头客6万Bananain蕉内奥莱店,3,9年老店Bananain蕉内旗舰店,https://item.taobao.com/item.htm?id=816336249332,https://gw.alicdn.com/imgextra/i4/O1CN01dPvgAJ1Zwfv79ayOL_!!6000000003259-2-tps-191-42.png,1
3件|蕉内银皮510S女士内裤收腹纯棉无痕透气裆高级短裤三角裤新款入选职业通勤内搭店铺榜¥119.00浙江杭州退货宝包邮回头客6万Bananain蕉内奥莱店,3,9年老店Bananain蕉内旗舰店,https://item.taobao.com/item.htm?id=742423344265,https://gw.alicdn.com/imgextra/i4/O1CN01dPvgAJ1Zwfv79ayOL_!!6000000003259-2-tps-191-42.png,1
3件|蕉内银皮313A女士内裤泡泡纱纯棉透气裆性感蕾丝少女三角裤纯色中腰锦纶¥89.00浙江杭州退货宝包邮9年老店Bananain蕉内旗舰店,3,9年老店Bananain蕉内旗舰店,https://detail.tmall.com/item.htm?id=701709141376,https://g-search1.alicdn.com/img/bao/uploaded/i4/i2/3035493001/O1CN010FB3JL1Y2VjpDpwvP_!!3035493001.jpg,2
蕉内银皮500E女士内裤抗菌透气简约中高腰无痕莫代尔防夹臀女内裤纯色莫代尔透气¥119.00浙江杭州退货宝包邮回头客6万Bananain蕉内奥莱店,3,9年老店Bananain蕉内旗舰店,https://item.taobao.com/item.htm?id=793433978341,https://gw.alicdn.com/imgextra/i4/O1CN01dPvgAJ1Zwfv79ayOL_!!6000000003259-2-tps-191-42.png,2
7A抗菌|蕉内银皮311S男士中筒袜吸汗防臭运动透气袜子商务棉袜四季通用抗菌简约¥69.00浙江杭州退货宝包邮9年老店Bananain蕉内旗舰店,500,9年老店Bananain蕉内旗舰店,https://detail.tmall.com/item.htm?id=924100168728,https://g-search3.alicdn.com/img/bao/uploaded/i4/i4/3035493001/O1CN01ZhYuF41Y2VjpTxrbX_!!3035493001.jpg,1
蕉内袜子男凉皮302C男士短袜7A抗菌网眼冰丝袜运动防臭船袜夏男款四季通用男短筒¥66.60浙江杭州新品包邮6年老店官芳正品严选店,500,9年老店Bananain蕉内旗舰店,https://item.taobao.com/item.htm?id=897181210313,https://g-search1.alicdn.com/img/bao/uploaded/i4/i4/3237756720/O1CN01DP1Gcd1zVohEQjDYD_!!3237756720.jpg,1
防臭吸汗|蕉内氮气505DryPro男士女专业跑步袜徒步马拉松运动袜子四季通用运动简约¥79.00浙江杭州退货宝包邮9年老店Bananain蕉内旗舰店,500,9年老店Bananain蕉内旗舰店,https://detail.tmall.com/item.htm?id=816633229140,https://g-search1.alicdn.com/img/bao/uploaded/i4/i2/3035493001/O1CN01xz2WDw1Y2VjpA9f6n_!!3035493001.jpg,1
冰丝透气|蕉内凉皮301CoolAir男士袜子吸汗防臭运动中筒袜夏薄款入选88VIP甄选运动袜好评榜¥69.00浙江杭州退货宝9年老店Bananain蕉内旗舰店,500,9年老店Bananain蕉内旗舰店,https://detail.tmall.com/item.htm?id=1018655214051,https://g-search1.alicdn.com/img/bao/uploaded/i4/i1/3035493001/O1CN01UlZX8q1Y2VjpOsKyy_!!3035493001.jpg,1
10A抗菌|蕉内银皮505Color男短袜青少年潮流棉袜长袜防臭运动袜子四季通用男抗菌¥79.00浙江杭州新品退货宝包邮9年老店Bananain蕉内旗舰店,500,9年老店Bananain蕉内旗舰店,https://detail.tmall.com/item.htm?id=895626220683,https://g-search2.alicdn.com/img/bao/uploaded/i4/i2/3035493001/O1CN01Vrj6201Y2VjqxqBVT_!!3035493001.jpg,1
抗菌防臭|蕉内银皮500E男士网眼浅口隐形不掉跟防滑吸汗船袜袜子纯色薄款男¥69.00浙江杭州退货宝包邮9年老店Bananain蕉内旗舰店,500,9年老店Bananain蕉内旗舰店,https://detail.tmall.com/item.htm?id=903232770429,https://g-search1.alicdn.com/img/bao/uploaded/i4/i4/3035493001/O1CN01wpjPbT1Y2VjpVwh8S_!!3035493001.jpg,1
7A抗菌|蕉内银皮501Color男中筒袜运动袜子吸汗防臭拼色秋冬棉袜四季通用抗菌简约¥79.00浙江杭州退货宝包邮9年老店Bananain蕉内旗舰店,500,9年老店Bananain蕉内旗舰店,https://detail.tmall.com/item.htm?id=740679809578,https://gw.alicdn.com/imgextra/i4/O1CN01Yj7zr21OZLys1Ss8M_!!6000000001719-2-tps-279-42.png,1
【达人专享】蕉内凉皮302Cool男/女士袜子吸汗防臭船袜跑步运动运动袜热卖榜·第8名¥59.00浙江杭州退货宝包邮9年老店Bananain蕉内旗舰店,500,9年老店Bananain蕉内旗舰店,https://detail.tmall.com/item.htm?id=1049996929666,https://gw.alicdn.com/imgextra/i4/O1CN01Yj7zr21OZLys1Ss8M_!!6000000001719-2-tps-279-42.png,1
防臭吸汗|蕉内氮气506Dry短袜男毛巾袜跑步袜子运动船袜透气长袜夏季男短筒¥59.00浙江杭州新品退货宝包邮9年老店Bananain蕉内旗舰店,500,9年老店Bananain蕉内旗舰店,https://detail.tmall.com/item.htm?id=897670461746,https://gw.alicdn.com/imgextra/i4/O1CN01Yj7zr21OZLys1Ss8M_!!6000000001719-2-tps-279-42.png,1
7A抗菌|蕉内银皮301S男士袜子日常中筒袜防臭运动短袜吸汗薄棉袜四季通用抗菌简约¥59.00浙江杭州退货宝回头客6万Bananain蕉内奥莱店,500,9年老店Bananain蕉内旗舰店,https://item.taobao.com/item.htm?id=947815432193,https://img.alicdn.com/imgextra/i3/O1CN01LvV0d41fjkGWg6iN6_!!6000000004043-2-tps-480-144.png,1
7A抗菌|蕉内氮气311Dry男士短袜运动透气中筒袜条纹日常袜子四季通用运动运动¥69.00浙江杭州退货宝回头客6万Bananain蕉内奥莱店,500,9年老店Bananain蕉内旗舰店,https://item.taobao.com/item.htm?id=947338190509,https://gw.alicdn.com/imgextra/i4/O1CN01dPvgAJ1Zwfv79ayOL_!!6000000003259-2-tps-191-42.png,1
10A抗菌|蕉内银皮300S女士堆堆袜中筒袜防臭袜子月子袜棉袜夏季薄四季通用抗菌简约¥59.00浙江杭州退货宝包邮9年老店Bananain蕉内旗舰店,10,9年老店Bananain蕉内旗舰店,https://detail.tmall.com/item.htm?id=701770905791,https://g-search3.alicdn.com/img/bao/uploaded/i4/i1/3035493001/O1CN012hQJ8Y1Y2VjpbdK5I_!!3035493001.jpg,1
7A抗菌|蕉内银皮311S女士中筒袜吸汗防臭袜子罗纹棉袜月子袜运动四季通用吸湿排汗简约¥69.00浙江杭州退货宝包邮9年老店Bananain蕉内旗舰店,10,9年老店Bananain蕉内旗舰店,https://detail.tmall.com/item.htm?id=737280644704,https://gw.alicdn.com/imgextra/O1CN0199wavB1Y2VjpFxNXX_!!3035493001-0-yinheaigc.jpg,1
10A抗菌|蕉内银皮303Air堆堆袜春夏女防臭白色袜子花边月子袜薄款四季通用抗菌简约¥59.00浙江杭州退货宝包邮9年老店Bananain蕉内旗舰店,10,9年老店Bananain蕉内旗舰店,https://detail.tmall.com/item.htm?id=1015856573462,https://g-search2.alicdn.com/img/bao/uploaded/i4/i4/3035493001/O1CN01JU8sAX1Y2VjpZpsOG_!!3035493001.jpg,1
蕉内【赵露思同款】302C棉袜子女士夏薄款冰丝透气7A抗菌防臭船袜夏季女2025年夏季¥79.80浙江温州包邮8年老店吉顺祥精选店,10,9年老店Bananain蕉内旗舰店,https://item.taobao.com/item.htm?id=966202743872,"https://g-search2.alicdn.com/img/bao/uploaded/i4/i1/524649573/O1CN01lmvs6e2KaUcfGnVPL~crop,0,30,750,750~_!!524649573.jpg",1
防臭吸汗|蕉内氮气506Dry女短袜跑步运动袜子毛巾袜长袜防滑船袜夏季女短筒¥59.00浙江杭州新品退货宝包邮9年老店Bananain蕉内旗舰店,10,9年老店Bananain蕉内旗舰店,https://detail.tmall.com/item.htm?id=898040108885,https://g-search2.alicdn.com/img/bao/uploaded/i4/i3/3035493001/O1CN01OpeBg31Y2Vjpyxgtt_!!3035493001.jpg,1
蕉内301S袜子女士运动短袜薄棉袜防滑防臭纯色长袜子夏5双中筒袜四季通用运动运动¥59.00浙江杭州退货宝回头客6万Bananain蕉内奥莱店,10,9年老店Bananain蕉内旗舰店,https://item.taobao.com/item.htm?id=769766938631,https://g-search2.alicdn.com/img/bao/uploaded/i4/i2/1054195167/O1CN01V8DJ401o2Xa2rJWi5_!!1054195167.jpg,1
冰丝透气|蕉内凉皮502Cool女士袜子运动袜薄短袜防臭防滑船袜夏季百亿补贴运动袜好评榜·第5名¥59.00浙江杭州退货宝包邮9年老店Bananain蕉内旗舰店,10,9年老店Bananain蕉内旗舰店,https://detail.tmall.com/item.htm?id=697516316607,https://g-search2.alicdn.com/img/bao/uploaded/i4/i4/3035493001/O1CN01F6g8DV1Y2VjpAPdoR_!!3035493001.jpg,1
蕉内船袜女银皮500E抗菌防臭不掉跟防滑穿袜浅口隐形棉袜子夏薄款女纯色薄款¥79.90浙江杭州包邮6年老店官芳正品严选店,10,9年老店Bananain蕉内旗舰店,https://item.taobao.com/item.htm?id=1053055696673,https://g-search3.alicdn.com/img/bao/uploaded/i4/i2/3237756720/O1CN01JdIdP61zVohYzf80T_!!3237756720.jpg,1
10A抗菌|蕉内银皮505Color女短袜青少年彩色可爱棉袜长袜防臭袜子四季通用女抗菌¥79.00浙江杭州新品退货宝包邮9年老店Bananain蕉内旗舰店,10,9年老店Bananain蕉内旗舰店,https://detail.tmall.com/item.htm?id=895017762017,https://g-search1.alicdn.com/img/bao/uploaded/i4/i4/3035493001/O1CN01QeP9Ca1Y2VjpAdCXz_!!3035493001.jpg,1
10A抗菌|蕉内凉皮301CoolAir女士中筒袜冰丝防臭堆堆袜春夏薄袜子四季通用抗菌休闲¥69.00浙江杭州新品退货宝回头客6万Bananain蕉内奥莱店,10,9年老店Bananain蕉内旗舰店,https://item.taobao.com/item.htm?id=892239843380,https://g-search3.alicdn.com/img/bao/uploaded/i4/i3/1054195167/O1CN01RiIjDw1o2XcGBWioM-1054195167.jpg,1
防臭吸汗|蕉内氮气311Dry女短袜跑步运动健身中筒袜透气条纹袜子四季通用女短筒¥59.00浙江杭州退货宝包邮9年老店Bananain蕉内旗舰店,10,9年老店Bananain蕉内旗舰店,https://detail.tmall.com/item.htm?id=877009214700,https://g-search3.alicdn.com/img/bao/uploaded/i4/i4/3035493001/O1CN01RXcCMJ1Y2Vjpc3EqY_!!3035493001.jpg,1
抗菌速干|蕉内凉皮502CoolAir女士隐形船袜防滑防臭浅口单鞋袜子抗菌船袜热卖榜·第4名¥89.00浙江杭州退货宝包邮9年老店Bananain蕉内旗舰店,10,9年老店Bananain蕉内旗舰店,https://detail.tmall.com/item.htm?id=704004800240,https://g-search3.alicdn.com/img/bao/uploaded/i4/i4/3035493001/O1CN01TdrX641Y2Vjp9B7pI_!!3035493001.jpg,1
防臭吸汗|蕉内氮气501Dry女短袜运动袜子毛巾袜健身跑步长袜棉袜入选百亿补贴女防臭袜热销榜¥79.00浙江杭州退货宝包邮9年老店Bananain蕉内旗舰店,10,9年老店Bananain蕉内旗舰店,https://detail.tmall.com/item.htm?id=820191391994,https://g-search2.alicdn.com/img/bao/uploaded/i4/i4/3035493001/O1CN01lF08UL1Y2Vjpj5Jur_!!3035493001.jpg,1
冰丝防晒|蕉内凉皮502Cool女士小腿袜白色运动袜子薄款jk长筒袜四季通用抗菌简约¥69.00浙江杭州退货宝包邮9年老店Bananain蕉内旗舰店,10,9年老店Bananain蕉内旗舰店,https://detail.tmall.com/item.htm?id=698066638425,https://g-search2.alicdn.com/img/bao/uploaded/i4/i2/3035493001/O1CN0183pHBH1Y2Vjpa5Joc_!!3035493001.jpg,1
7A抗菌|蕉内银皮501Color女中筒袜运动袜子吸汗防臭撞色秋冬棉袜四季通用抗菌简约¥79.00浙江杭州退货宝包邮9年老店Bananain蕉内旗舰店,10,9年老店Bananain蕉内旗舰店,https://detail.tmall.com/item.htm?id=740881511418,https://g-search2.alicdn.com/img/bao/uploaded/i4/i3/3035493001/O1CN01mzq1R41Y2VgHuie3a_!!4611686018427384457-0-item_pic.jpg,1
锁温保暖|蕉内热皮3系女士发热中筒袜加厚防臭袜子毛圈袜棉袜运动冬季保暖简约¥69.00浙江杭州退货宝包邮9年老店Bananain蕉内旗舰店,10,9年老店Bananain蕉内旗舰店,https://detail.tmall.com/item.htm?id=824448226627,https://gw.alicdn.com/imgextra/O1CN01CaTMyY1Y2VjpI9f1N_!!3035493001-0-yinheaigc.jpg,1
7A抗菌|蕉内银皮521S男女彩色复古长袜花图案袜子防臭运动棉袜情侣菱形格2025年秋季¥79.00浙江杭州退货宝包邮9年老店Bananain蕉内旗舰店,10,9年老店Bananain蕉内旗舰店,https://detail.tmall.com/item.htm?id=730925754271,https://g-search3.alicdn.com/img/bao/uploaded/i4/i4/3035493001/O1CN01VqQ1hj1Y2VjpDnjgK_!!3035493001.jpg,1
10A抗菌|蕉内银皮520Color女士中筒袜植物园花卉潮流防臭透气袜子四季通用抗菌简约¥39.00浙江杭州退货宝9年老店Bananain蕉内旗舰店,10,9年老店Bananain蕉内旗舰店,https://detail.tmall.com/item.htm?id=1016529690521,https://g-search2.alicdn.com/img/bao/uploaded/i4/i4/3035493001/O1CN01cV8mjG1Y2VjpTfoA4_!!3035493001.jpg,1
10A抗菌|蕉内银皮520Color女士超级市场可爱短袜吸汗防臭透气袜子入选可爱卡通袜店铺榜¥29.00浙江杭州退货宝9年老店Bananain蕉内旗舰店,10,9年老店Bananain蕉内旗舰店,https://detail.tmall.com/item.htm?id=1016515898246,https://g-search1.alicdn.com/img/bao/uploaded/i4/i3/3035493001/O1CN019xD1iu1Y2VjpOctea_!!3035493001.jpg,1
10A抗菌|蕉内银皮506S女士袜子花边蝴蝶结可爱新款吸汗防臭长筒袜四季通用抗菌简约¥59.00浙江杭州退货宝包邮9年老店Bananain蕉内旗舰店,10,9年老店Bananain蕉内旗舰店,https://detail.tmall.com/item.htm?id=1015015237299,https://g-search3.alicdn.com/img/bao/uploaded/i4/i4/3035493001/O1CN01iOiqIE1Y2Vjpiceit_!!3035493001.jpg,1
蕉内袜子女凉皮302Cool女士短袜运动透气抗菌防臭棉袜薄款船袜夏女纯色2025年夏季¥66.60浙江杭州包邮6年老店官芳正品严选店,10,9年老店Bananain蕉内旗舰店,https://item.taobao.com/item.htm?id=908747594022,https://g-search3.alicdn.com/img/bao/uploaded/i4/i1/3237756720/O1CN01RoOo331zVohDkoPwh_!!3237756720.jpg,1
蕉内氮气501Dry毛巾底运动袜女士吸汗防臭透气短袜跑步袜四季2双四季通用女短筒¥79.00浙江杭州退货宝回头客6万Bananain蕉内奥莱店,10,9年老店Bananain蕉内旗舰店,https://item.taobao.com/item.htm?id=820345926755,https://g-search1.alicdn.com/img/bao/uploaded/i4/i4/1054195167/O1CN01fVzUHx1o2XcGBVFM9-1054195167.jpg,1
【达人专享】蕉内凉皮5系女士小腿袜白色运动袜子薄款jk长筒袜四季通用抗菌简约¥79.00浙江杭州退货宝包邮9年老店Bananain蕉内旗舰店,10,9年老店Bananain蕉内旗舰店,https://detail.tmall.com/item.htm?id=1020573512207,https://g-search3.alicdn.com/img/bao/uploaded/i4/i1/3035493001/O1CN01bWAayi1Y2VjdGgkBr_!!4611686018427384457-0-item_pic.jpg,1
焦内蕉内妥妥袜女士不掉跟船袜单鞋袜防臭防滑浅口网眼隐形袜春夏纯色薄款情侣¥99.00浙江杭州包邮公益宝贝蕉恩服饰旗艁店,10,9年老店Bananain蕉内旗舰店,https://item.taobao.com/item.htm?id=768955898812,https://img.alicdn.com/imgextra/i3/O1CN01LvV0d41fjkGWg6iN6_!!6000000004043-2-tps-480-144.png,1
抗菌防臭|蕉内银皮500E女士船袜隐形不掉跟防滑防臭浅口单鞋袜子天猫超市女士袜子好评榜·第6名¥69.00上海包邮14年老店天猫超市,10,9年老店Bananain蕉内旗舰店,https://detail.tmall.com/item.htm?id=1028715551623,https://gw.alicdn.com/imgextra/i4/O1CN01Yj7zr21OZLys1Ss8M_!!6000000001719-2-tps-279-42.png,1
3双|蕉内小凉皮502Cool儿童排汗网眼透气短筒袜子男女童春夏棉袜四季通用男女通用短袜¥59.00浙江杭州新品退货宝包邮9年老店Bananain蕉内旗舰店,10,9年老店Bananain蕉内旗舰店,https://detail.tmall.com/item.htm?id=889820350743,https://gw.alicdn.com/imgextra/i4/O1CN01Yj7zr21OZLys1Ss8M_!!6000000001719-2-tps-279-42.png,1
【所有姐姐的衣橱直播间】蕉内银皮500E男女士隐形袜4双装男女通用2025年春季夏季¥69.00浙江杭州退货宝包邮9年老店Bananain蕉内旗舰店,10,9年老店Bananain蕉内旗舰店,https://detail.tmall.com/item.htm?id=958072599940,https://gw.alicdn.com/imgextra/i4/O1CN01Yj7zr21OZLys1Ss8M_!!6000000001719-2-tps-279-42.png,1
10A抗菌|蕉内凉皮301CoolAir女中筒袜冰丝防臭堆堆袜春夏薄袜子天猫超市女士袜子好评榜·第9名¥69.00上海包邮14年老店天猫超市,10,9年老店Bananain蕉内旗舰店,https://detail.tmall.com/item.htm?id=1030213593957,https://gw.alicdn.com/imgextra/i4/O1CN01Yj7zr21OZLys1Ss8M_!!6000000001719-2-tps-279-42.png,1
抗菌速干|蕉内凉皮502CoolAir女士隐形船袜防滑防臭浅口单鞋袜子女2026年春季四季通用¥69.00浙江杭州退货宝回头客6万Bananain蕉内奥莱店,10,9年老店Bananain蕉内旗舰店,https://item.taobao.com/item.htm?id=1028553422741,https://g-search3.alicdn.com/img/bao/uploaded/i4/i1/1054195167/O1CN01KjmE9J1o2XcFwXc3p-1054195167.jpg,2
抗菌防臭|蕉内银皮500E男女网眼透气浅口隐形防滑不掉跟船袜袜子纯色薄款情侣¥69.00浙江杭州退货宝包邮9年老店Bananain蕉内旗舰店,10,9年老店Bananain蕉内旗舰店,https://detail.tmall.com/item.htm?id=901565880395,https://g-search3.alicdn.com/img/bao/uploaded/i4/i1/3035493001/O1CN01e9WwAv1Y2VjpVu4yQ_!!3035493001.jpg,2
【所有女生直播间好物复购】蕉内302C男女宝抗菌短筒袜（3双装）春夏男女通用短袜¥49.00浙江杭州退货宝包邮9年老店Bananain蕉内旗舰店,10,9年老店Bananain蕉内旗舰店,https://detail.tmall.com/item.htm?id=1045654686934,https://g-search2.alicdn.com/img/bao/uploaded/i4/i3/3035493001/O1CN01ZJP59a1Y2VjcLOF7w_!!4611686018427384457-0-item_pic.jpg,2
7A抗菌|蕉内银皮511S男女袜子运动防臭吸汗加厚罗纹长袜棉袜百搭四季通用吸湿排汗简约¥79.00浙江杭州退货宝包邮9年老店Bananain蕉内旗舰店,10,9年老店Bananain蕉内旗舰店,https://detail.tmall.com/item.htm?id=969052293567,https://g-search3.alicdn.com/img/bao/uploaded/i4/i4/3035493001/O1CN01W6Pxoc1Y2VjpOakZY_!!3035493001.jpg,2
蕉内热皮3系男女士保暖套装发热内衣线裤加厚秋衣秋裤棉毛衫冬季长袖简约情侣¥259.00浙江杭州退货宝包邮9年老店Bananain蕉内旗舰店,512,9年老店Bananain蕉内旗舰店,https://detail.tmall.com/item.htm?id=680382400655,https://g-search3.alicdn.com/img/bao/uploaded/i4/i1/3035493001/O1CN01ORErRO1Y2VjpbcLjM_!!3035493001.jpg,1
蕉内热皮7系男女士保暖套装含羊毛发热加厚加绒秋衣秋裤冬内衣入选保暖背心热卖榜¥439.00浙江杭州退货宝包邮9年老店Bananain蕉内旗舰店,512,9年老店Bananain蕉内旗舰店,https://detail.tmall.com/item.htm?id=831147921536,https://g-search1.alicdn.com/img/bao/uploaded/i4/i4/3035493001/O1CN01SIkR0n1Y2VjpFhu3f_!!3035493001.jpg,1
蕉内秋冬保暖套装保暖上衣保暖裤男女保暖内衣盲盒（随机发1件）中年不贴片保暖¥99.00浙江杭州退货宝9年老店Bananain蕉内旗舰店,512,9年老店Bananain蕉内旗舰店,https://detail.tmall.com/item.htm?id=730780381961,https://g-search1.alicdn.com/img/bao/uploaded/i4/i2/3035493001/O1CN01fxwSdI1Y2VZEWSj4t_!!0-item_pic.jpg,1
蕉内绒绒506Home男款仿羊羔绒冬季加厚保暖情侣家居服女睡衣新款情侣连帽拉链¥359.00浙江杭州退货宝包邮9年老店Bananain蕉内旗舰店,512,9年老店Bananain蕉内旗舰店,https://detail.tmall.com/item.htm?id=655636740920,https://g-search2.alicdn.com/img/bao/uploaded/i4/i3/3035493001/O1CN01u3rUJh1Y2VjkrfUM8_!!3035493001.jpg,1
蕉内热皮5系男女士保暖套装冬季发热内衣护膝加厚秋衣秋裤内搭发热保暖套装热卖榜·第4名¥419.00浙江杭州退货宝包邮9年老店Bananain蕉内旗舰店,512,9年老店Bananain蕉内旗舰店,https://detail.tmall.com/item.htm?id=684884539546,https://g-search3.alicdn.com/img/bao/uploaded/i4/i2/3035493001/O1CN01TDFWcv1Y2VjpFim5W_!!3035493001.jpg,1
蕉内小热皮3系儿童保暖内衣套装男童女童棉毛衫秋衣秋裤睡衣冬季蕉内儿童秋衣热销榜·第5名¥139.00浙江杭州退货宝包邮9年老店Bananain蕉内旗舰店,512,9年老店Bananain蕉内旗舰店,https://detail.tmall.com/item.htm?id=682473263821,https://g-search3.alicdn.com/img/bao/uploaded/i4/i3/3035493001/O1CN01JKty3C1Y2Vjpc4Vna_!!3035493001.jpg,1
蕉内氮气501DryPro男女士保暖套装冬季户外运动滑雪排汗功能内衣长袖不贴片运动¥458.00浙江杭州退货宝包邮9年老店Bananain蕉内旗舰店,512,9年老店Bananain蕉内旗舰店,https://detail.tmall.com/item.htm?id=962875014384,https://g-search3.alicdn.com/img/bao/uploaded/i4/i2/3035493001/O1CN01QxbKdh1Y2VjpbsMWG_!!3035493001.jpg,1
蕉内热皮502++男士保暖上衣秋冬季莫代尔抗静电加厚抓绒发热内衣不贴片抗起球普通圆领¥179.00浙江杭州退货宝包邮9年老店Bananain蕉内旗舰店,512,9年老店Bananain蕉内旗舰店,https://detail.tmall.com/item.htm?id=969883102082,https://g-search2.alicdn.com/img/bao/uploaded/i4/i1/3035493001/O1CN01NlBjSo1Y2VjpicWHi_!!3035493001.jpg,1
蕉内热皮303+++男女士保暖套装发热防寒内衣棉毛衫加厚秋衣秋裤冬长袖不贴片简约¥339.00浙江杭州退货宝包邮9年老店Bananain蕉内旗舰店,512,9年老店Bananain蕉内旗舰店,https://detail.tmall.com/item.htm?id=683933716104,https://gw.alicdn.com/imgextra/O1CN01MlOrpN1Y2VjpbdFtg_!!3035493001-0-yinheaigc.jpg,1
蕉内热皮5系肌底衣打底衫内搭女上衣高领保暖内衣秋衣高领长袖休闲风¥179.00浙江杭州退货宝包邮9年老店Bananain蕉内旗舰店,512,9年老店Bananain蕉内旗舰店,https://detail.tmall.com/item.htm?id=824580013021,https://g-search2.alicdn.com/img/bao/uploaded/i4/i1/3035493001/O1CN01oUst4X1Y2VjpFiN9b_!!3035493001.jpg,1
【王一博推荐】蕉内热皮502++男女保暖套装冬季加绒秋衣秋裤内衣长袖简约情侣¥339.00浙江杭州退货宝包邮9年老店Bananain蕉内旗舰店,512,9年老店Bananain蕉内旗舰店,https://detail.tmall.com/item.htm?id=831453773871,https://g-search3.alicdn.com/img/bao/uploaded/i4/i3/3035493001/O1CN01WP46No1Y2VjpTf02u_!!3035493001.jpg,1
蕉内热皮3系男士保暖裤冬季抗静电发热加厚加绒棉裤线裤秋裤男款不贴片简约抗静电¥149.00浙江杭州退货宝包邮9年老店Bananain蕉内旗舰店,512,9年老店Bananain蕉内旗舰店,https://detail.tmall.com/item.htm?id=971556318029,https://g-search3.alicdn.com/img/bao/uploaded/i4/i1/3035493001/O1CN01wu0kKm1Y2VjpWOgwF_!!3035493001.jpg,1
蕉内热皮5系男士触屏针织手套女红色滑雪防寒骑行骑车保暖冬新款男女通用分指手套Bananain/蕉内¥99.00浙江杭州退货宝包邮9年老店Bananain蕉内旗舰店,512,9年老店Bananain蕉内旗舰店,https://detail.tmall.com/item.htm?id=682992094543,https://g-search2.alicdn.com/img/bao/uploaded/i4/i4/3035493001/O1CN01oAJP9w1Y2VjpG8vPh_!!3035493001.jpg,1
蕉内热皮5系男女士保暖背心圆领发热打底内衣加绒加厚内搭冬季加绒不贴片保暖¥159.00浙江杭州退货宝包邮9年老店Bananain蕉内旗舰店,512,9年老店Bananain蕉内旗舰店,https://detail.tmall.com/item.htm?id=684176789959,https://g-search1.alicdn.com/img/bao/uploaded/i4/i4/3035493001/O1CN0142T2Nc1Y2VjpT8nhc_!!3035493001.jpg,1
锁温保暖|蕉内热皮5系发热袜子男士中筒袜加厚棉袜长袜季毛圈袜秋季保暖简约¥79.00浙江杭州退货宝包邮9年老店Bananain蕉内旗舰店,512,9年老店Bananain蕉内旗舰店,https://detail.tmall.com/item.htm?id=683383248927,https://g-search1.alicdn.com/img/bao/uploaded/i4/i3/3035493001/O1CN01RRld0m1Y2VjqxsfHV_!!3035493001.jpg,1
蕉内氮气501DryPro男女士保暖套装户外运动冬季滑雪登山功能内衣青少年¥458.00浙江杭州退货宝包邮9年老店Bananain蕉内旗舰店,512,9年老店Bananain蕉内旗舰店,https://detail.tmall.com/item.htm?id=969260812501,https://g-search1.alicdn.com/img/bao/uploaded/i4/i3/3035493001/O1CN014Fns4s1Y2VjpULLq8_!!3035493001.jpg,1
蕉内热皮5系男女士保暖裤秋裤情侣抗菌发热加厚绒冬季抗静电棉裤不贴片简约保暖¥179.00浙江杭州退货宝包邮9年老店Bananain蕉内旗舰店,512,9年老店Bananain蕉内旗舰店,https://detail.tmall.com/item.htm?id=680887436563,https://g-search2.alicdn.com/img/bao/uploaded/i4/i2/3035493001/O1CN01rZkdym1Y2VjpFgOMi_!!3035493001.jpg,1
蕉内热皮301+男士触屏机能户外骑车骑行开车冬防风防寒女保暖手套男女通用分指手套Bananain/蕉内¥99.00浙江杭州退货宝包邮9年老店Bananain蕉内旗舰店,512,9年老店Bananain蕉内旗舰店,https://detail.tmall.com/item.htm?id=963381052187,https://g-search3.alicdn.com/img/bao/uploaded/i4/i1/3035493001/O1CN01BiJdmT1Y2VjpicFhq_!!3035493001.jpg,1
蕉内热皮502++男士户外防水手套冬女士触屏骑车骑行加厚防风保暖男女通用分指手套Bananain/蕉内¥139.00浙江杭州退货宝包邮9年老店Bananain蕉内旗舰店,512,9年老店Bananain蕉内旗舰店,https://detail.tmall.com/item.htm?id=736397201039,https://g-search1.alicdn.com/img/bao/uploaded/i4/i1/3035493001/O1CN014LrgKD1Y2VjpTgXmA_!!3035493001.jpg,1
蕉内热皮3系连裤袜女黑色加厚保暖踩脚打底裤灰色季打底袜新款冬季女脚踩/踏¥89.00浙江杭州退货宝包邮9年老店Bananain蕉内旗舰店,512,9年老店Bananain蕉内旗舰店,https://detail.tmall.com/item.htm?id=732735652086,https://g-search3.alicdn.com/img/bao/uploaded/i4/i4/3035493001/O1CN01fbsggD1Y2Vjkrex6k_!!3035493001.jpg,1
蕉内氢气502Cloud女士防风立领短款面包羽绒马甲保暖外套宽松厚款长袖自然风¥499.00浙江杭州退货宝包邮9年老店Bananain蕉内旗舰店,512,9年老店Bananain蕉内旗舰店,https://detail.tmall.com/item.htm?id=826856348141,https://g-search3.alicdn.com/img/bao/uploaded/i4/i3/3035493001/O1CN01bAg6Jw1Y2VjpTg8kQ_!!3035493001.jpg,1
蕉内氢气502Air男士防风轻薄羽绒马甲外穿防寒防泼水外套内胆上衣¥399.00浙江杭州退货宝包邮9年老店Bananain蕉内旗舰店,512,9年老店Bananain蕉内旗舰店,https://detail.tmall.com/item.htm?id=982188101663,https://g-search3.alicdn.com/img/bao/uploaded/i4/i2/3035493001/O1CN01H3RVsJ1Y2VjpaMZMB_!!3035493001.jpg,1
蕉内绒绒520Home男士保暖半边绒家居服套装加厚冬季男款睡衣新款中年圆领长袖¥399.00浙江杭州退货宝包邮9年老店Bananain蕉内旗舰店,512,9年老店Bananain蕉内旗舰店,https://detail.tmall.com/item.htm?id=964912341809,https://g-search3.alicdn.com/img/bao/uploaded/i4/i1/3035493001/O1CN01agwvsx1Y2VjpOaoZk_!!3035493001.jpg,1
【王一博同款】蕉内热皮302++男女士保暖套装冬季发热加厚秋衣裤长袖不贴片简约¥259.00浙江杭州退货宝包邮9年老店Bananain蕉内旗舰店,512,9年老店Bananain蕉内旗舰店,https://detail.tmall.com/item.htm?id=684848865447,https://gw.alicdn.com/imgextra/O1CN01IvSIog1Y2Vjpb7Kq7_!!3035493001-0-yinheaigc.jpg,1
蕉内氢气502Cloud男士防风连帽斜分割面包羽绒服保暖防寒厚款外套青春流行休闲风长款¥999.00浙江杭州退货宝包邮9年老店Bananain蕉内旗舰店,512,9年老店Bananain蕉内旗舰店,https://detail.tmall.com/item.htm?id=971574646193,https://g-search1.alicdn.com/img/bao/uploaded/i4/i1/3035493001/O1CN01mh9csG1Y2VjpU31Lx_!!3035493001.jpg,1
【王一博同款】蕉内热皮302++男士摇粒绒抓绒外套夹克内胆上衣入选泽西品牌男装店铺榜¥299.00浙江杭州退货宝包邮9年老店Bananain蕉内旗舰店,512,9年老店Bananain蕉内旗舰店,https://detail.tmall.com/item.htm?id=968323148678,https://g-search3.alicdn.com/img/bao/uploaded/i4/i3/3035493001/O1CN01jaKife1Y2VjpA8S9Y_!!3035493001.jpg,1
蕉内绒绒520Home女士保暖睡衣超级市场半边绒冬季加厚家居服套装青少年圆领套头¥399.00浙江杭州退货宝包邮9年老店Bananain蕉内旗舰店,512,9年老店Bananain蕉内旗舰店,https://detail.tmall.com/item.htm?id=965580292340,https://g-search2.alicdn.com/img/bao/uploaded/i4/i4/3035493001/O1CN01Vl2XwB1Y2VjpFEV46_!!3035493001.jpg,1
蕉内热皮3系女士保暖裤冬季抗静电发热线裤加厚加绒棉裤防寒秋裤小脚裤¥149.00浙江杭州退货宝包邮9年老店Bananain蕉内旗舰店,512,9年老店Bananain蕉内旗舰店,https://detail.tmall.com/item.htm?id=972891508404,https://g-search3.alicdn.com/img/bao/uploaded/i4/i2/3035493001/O1CN01kJ7LVO1Y2VjpG9voz_!!3035493001.jpg,1
蕉内热皮501+男女士保暖背心秋衣打底外穿无袖隐形裸感保暖内衣入选微弹保暖背心热卖榜¥119.00浙江杭州退货宝包邮9年老店Bananain蕉内旗舰店,512,9年老店Bananain蕉内旗舰店,https://detail.tmall.com/item.htm?id=680960265726,https://g-search3.alicdn.com/img/bao/uploaded/i4/i3/3035493001/O1CN01ETGfrV1Y2VjpAAKfH_!!3035493001.jpg,1
蕉下肌底保暖内衣男女款情侣套装亲肤圆领秋衣裤内搭薄款打底上衣品牌奥莱保暖套装热卖榜·第2名¥79.00广东深圳淘金币抵2.3元包邮回头客3万蕉下官方奥莱旗舰店,501,9年老店Bananain蕉内旗舰店,https://detail.tmall.com/item.htm?id=958174031252&skuId=5888820221336,https://g-search2.alicdn.com/img/bao/uploaded/i4/i1/2215083051457/O1CN01BHODu81MdM91HSb5J_!!4611686018427382209-0-item_pic.jpg,1
白色无痕保暖内衣男士加绒秋衣单件保暖长袖短袖七分袖上衣打底衫不贴片保暖普通圆领¥219.00山东济南退货宝包邮回头客4万蕉白旗舰店,501,9年老店Bananain蕉内旗舰店,https://detail.tmall.com/item.htm?id=627321423903&skuId=5662772756288,https://g-search2.alicdn.com/img/bao/uploaded/i4/i1/2207915618525/O1CN01QrRuLd2CqVYInePgH_!!4611686018427384029-0-item_pic.jpg,1
蕉内热皮301+男女士保暖套装保暖内衣发热棉毛衫美肤衣春衣春裤长袖简约情侣¥189.00浙江杭州退货宝包邮回头客6万Bananain蕉内奥莱店,501,9年老店Bananain蕉内旗舰店,https://item.taobao.com/item.htm?id=963379035174&skuId=6140764438881,https://g-search2.alicdn.com/img/bao/uploaded/i4/i3/1054195167/O1CN01c4ZFg91o2XcGBgupz-1054195167.jpg,1
蕉内运动保暖内衣氮气501D男女7A抗菌吸湿排汗速干一体织春衣套装中年速干普通圆领¥259.00浙江杭州退货宝包邮回头客6万Bananain蕉内奥莱店,501,9年老店Bananain蕉内旗舰店,https://item.taobao.com/item.htm?id=969162881188&skuId=6082785263724,https://gw.alicdn.com/imgextra/O1CN01yUQRfM1o2XcGBiau1_!!1054195167-0-yinheaigc.jpg,1
蕉内小热皮301+儿童保暖内衣套装男童女童棉毛衫秋衣秋裤睡衣秋冬男女通用A类百搭¥139.00浙江杭州退货宝包邮9年老店Bananain蕉内旗舰店,501,9年老店Bananain蕉内旗舰店,https://detail.tmall.com/item.htm?id=652736605442&skuId=5753927063972,https://g-search3.alicdn.com/img/bao/uploaded/i4/i4/3035493001/O1CN01zFTXlx1Y2VjpZqHFa_!!3035493001.jpg,1
蕉内热皮3系男女士保暖套装发热内衣线裤加厚秋衣秋裤冬季棉毛衫长袖不贴片简约¥259.00浙江杭州退货宝包邮9年老店Bananain蕉内旗舰店,501,9年老店Bananain蕉内旗舰店,https://detail.tmall.com/item.htm?id=992357668839&skuId=6128116559010,https://g-search3.alicdn.com/img/bao/uploaded/i4/i3/3035493001/O1CN01iLN4om1Y2VjpUYuXO_!!3035493001.jpg,1
蕉内棉棉511Sleep儿童保暖套装男童女童秋衣秋裤长袖套装深睡睡衣蕉内儿童秋衣热销榜·第6名¥179.00浙江杭州退货宝包邮9年老店Bananain蕉内旗舰店,501,9年老店Bananain蕉内旗舰店,https://detail.tmall.com/item.htm?id=989249538044&skuId=6207650367783,https://g-search3.alicdn.com/img/bao/uploaded/i4/i3/3035493001/O1CN01QnuV8U1Y2VjpUADdz_!!3035493001.jpg,1
【刘浩存同款】蕉内热皮301+女士肌底衣保暖上衣圆领上衣打底春衣圆领长袖休闲风¥119.00浙江杭州退货宝包邮回头客6万Bananain蕉内奥莱店,501,9年老店Bananain蕉内旗舰店,https://item.taobao.com/item.htm?id=962386656322&skuId=6212003775332,https://g-search3.alicdn.com/img/bao/uploaded/i4/i3/1054195167/O1CN01p1aNMD1o2XcGBWvDa-1054195167.jpg,1
白色保暖内衣男士秋衣秋裤套装内穿打底纯棉毛衫衬衣衬裤初秋薄款入选男士秋衣热卖榜¥299.00山东济南退货宝包邮回头客4万蕉白旗舰店,501,9年老店Bananain蕉内旗舰店,https://detail.tmall.com/item.htm?id=680542209328&skuId=5080057428192,https://g-search3.alicdn.com/img/bao/uploaded/i4/i2/2207915618525/O1CN017QnGX52CqVEUbdcVY_!!0-item_pic.jpg,1
蕉内红色计划热皮3系男女士保暖套装秋衣秋裤马年本命年发热内衣长袖不贴片简约¥339.00浙江杭州退货宝包邮9年老店Bananain蕉内旗舰店,501,9年老店Bananain蕉内旗舰店,https://detail.tmall.com/item.htm?id=681440701679&skuId=5836257006295,https://g-search3.alicdn.com/img/bao/uploaded/i4/i1/3035493001/O1CN01VJv5l71Y2VjpP5xrk_!!3035493001.jpg,1
蕉内儿童保暖套装男童女童盲盒（随机发1套）男女通用秋季腈纶¥69.00浙江杭州退货宝包邮9年老店Bananain蕉内旗舰店,501,9年老店Bananain蕉内旗舰店,https://detail.tmall.com/item.htm?id=765117779212&skuId=5261260588138,https://g-search3.alicdn.com/img/bao/uploaded/i4/i3/3035493001/O1CN01HOFzVt1Y2VZIkx6bM_!!0-item_pic.jpg,1
蕉内热皮7系男女士保暖套装含羊毛发热加厚加绒春衣春裤冬内衣长袖情侣保暖¥439.00浙江杭州退货宝包邮回头客6万Bananain蕉内奥莱店,501,9年老店Bananain蕉内旗舰店,https://item.taobao.com/item.htm?id=976781707983&skuId=5986913845778,https://g-search3.alicdn.com/img/bao/uploaded/i4/i3/1054195167/O1CN01rpCpwA1o2XcGQJMlr-1054195167.jpg,1
蕉内热皮501+保暖内衣套装男女士抗菌上衣打底修身可外穿秋衣秋裤女¥199.00北京包邮回头客2千banana蕉in专柜代购,501,9年老店Bananain蕉内旗舰店,https://item.taobao.com/item.htm?id=758985307849&skuId=5634752372746,https://g-search2.alicdn.com/img/bao/uploaded/i4/i1/2211508645733/O1CN01p8TpTq1sDleDjiTO7_!!2211508645733.jpg,1
蕉内小热皮3系儿童保暖内衣套装男童女童棉毛衫秋衣秋裤睡衣加厚入选儿童品牌内衣店铺榜¥139.00浙江杭州退货宝包邮回头客5万蕉内儿童旗舰店,501,9年老店Bananain蕉内旗舰店,https://detail.tmall.com/item.htm?id=680256240765&skuId=5308720067542,https://g-search3.alicdn.com/img/bao/uploaded/i4/i4/2213361983001/O1CN01FQnzAB1Y2Vjpduwc2-2213361983001.jpg,1
蕉内热皮五系男女士保暖套装冬季发热内衣护膝加厚春衣春裤内搭长袖简约情侣¥259.00浙江杭州退货宝包邮回头客6万Bananain蕉内奥莱店,501,9年老店Bananain蕉内旗舰店,https://item.taobao.com/item.htm?id=963930798481&skuId=6159279306107,https://g-search2.alicdn.com/img/bao/uploaded/i4/i2/1054195167/O1CN01LwUN691o2XcFw5EWX-1054195167.jpg,1
【刘浩存同款】蕉内热皮301+肌底衣女保暖内衣内搭打底衫秋衣青年保暖大圆领¥119.00浙江杭州退货宝包邮9年老店Bananain蕉内旗舰店,501,9年老店Bananain蕉内旗舰店,https://detail.tmall.com/item.htm?id=681287455226&skuId=6055443299558,https://g-search1.alicdn.com/img/bao/uploaded/i4/i1/3035493001/O1CN01sh7ttP1Y2VjpAcSmi_!!3035493001.jpg,1
蕉内氢气301Air男士防风修身轻薄羽绒马甲背心保暖透气上衣内胆¥299.00浙江杭州退货宝包邮9年老店Bananain蕉内旗舰店,501,9年老店Bananain蕉内旗舰店,https://detail.tmall.com/item.htm?id=982191341477&skuId=6106862895426,https://g-search3.alicdn.com/img/bao/uploaded/i4/i1/3035493001/O1CN01RJipzQ1Y2VjpSg8OY_!!3035493001.jpg,1
蕉内小热皮302++儿童保暖套装儿童秋衣秋裤套装棉毛衫男童女童男女通用A类休闲¥199.00浙江杭州退货宝包邮9年老店Bananain蕉内旗舰店,501,9年老店Bananain蕉内旗舰店,https://detail.tmall.com/item.htm?id=689627053403&skuId=5906182621506,https://gw.alicdn.com/imgextra/O1CN01L4Q2RE1Y2VjktB0Js_!!3035493001-0-yinheaigc.jpg,1
【刘浩存同款】蕉内热皮501+肌底衣女保暖内衣高领打底衫内搭秋衣青年不贴片抗菌¥139.00浙江杭州已补21元退货宝包邮9年老店Bananain蕉内旗舰店,501,9年老店Bananain蕉内旗舰店,https://detail.tmall.com/item.htm?id=680664645957&skuId=5833645796460,https://gw.alicdn.com/imgextra/O1CN01BzggW11Y2VjpVusvq_!!3035493001-0-yinheaigc.jpg,1
【刘浩存同款】蕉内热皮702++女士羊毛肌底衣打底衫内搭保暖秋衣保暖堆堆领女¥299.00浙江杭州退货宝包邮9年老店Bananain蕉内旗舰店,501,9年老店Bananain蕉内旗舰店,https://detail.tmall.com/item.htm?id=828691590061&skuId=6080333026480,https://g-search2.alicdn.com/img/bao/uploaded/i4/i3/3035493001/O1CN01NTsIam1Y2VjpZnrYV_!!3035493001.jpg,1
王一博同款|蕉内热皮302男女士7A抗菌圆领保暖套装春衣春裤内衣冬长袖简约情侣¥259.00浙江杭州退货宝包邮回头客6万Bananain蕉内奥莱店,506,9年老店Bananain蕉内旗舰店,https://item.taobao.com/item.htm?id=967322551890&skuId=6082124715534,https://g-search3.alicdn.com/img/bao/uploaded/i4/i1/1054195167/O1CN01E3giNC1o2XcFrx9b0-1054195167.jpg,2
蕉内红色计划热皮502++保暖套装男秋衣秋裤马年本命年礼物内衣长袖不贴片简约¥339.00浙江杭州退货宝包邮9年老店Bananain蕉内旗舰店,506,9年老店Bananain蕉内旗舰店,https://detail.tmall.com/item.htm?id=741212686646&skuId=5752085559921,https://gw.alicdn.com/imgextra/O1CN010BKHOU1Y2VjpOccur_!!3035493001-0-yinheaigc.jpg,2
蕉内热皮502++男女士保暖套装户外运动滑雪登山排汗衣功能内衣中性¥339.00浙江杭州退货宝包邮9年老店Bananain蕉内旗舰店,506,9年老店Bananain蕉内旗舰店,https://detail.tmall.com/item.htm?id=845933411375&skuId=6081826522614,https://g-search2.alicdn.com/img/bao/uploaded/i4/i1/3035493001/O1CN01UftKX61Y2VjpDmj8V_!!3035493001.jpg,2
蕉白纯棉秋裤男款单件薄款内穿打底裤防寒男士保暖裤薄款衬裤线裤不贴片休闲保暖¥99.00山东济南退货宝包邮回头客4万蕉白旗舰店,5,9年老店Bananain蕉内旗舰店,https://detail.tmall.com/item.htm?id=840829636360,https://g-search1.alicdn.com/img/bao/uploaded/i4/i2/2207915618525/O1CN01lfjdow2CqVUyCpdrw_!!4611686018427384029-0-item_pic.jpg,1
蕉内热皮302++男女士保暖裤冬季抗静电发热加厚加绒棉裤情侣秋裤不贴片简约保暖¥149.00浙江杭州退货宝包邮9年老店Bananain蕉内旗舰店,5,9年老店Bananain蕉内旗舰店,https://detail.tmall.com/item.htm?id=963255805389,https://g-search1.alicdn.com/img/bao/uploaded/i4/i3/3035493001/O1CN01Ct9QAO1Y2VjkrAwXt_!!3035493001.jpg,1
蕉内热皮502++男女士保暖裤秋裤情侣抗菌发热无痕秋冬抗静电棉裤中性¥179.00浙江杭州全网低价退货宝包邮9年老店Bananain蕉内旗舰店,5,9年老店Bananain蕉内旗舰店,https://detail.tmall.com/item.htm?id=968495954003,https://g-search3.alicdn.com/img/bao/uploaded/i4/i1/3035493001/O1CN018NPGEJ1Y2VjqxNeLE_!!3035493001.jpg,1
蕉内银皮510Pro男士超柔平角内裤四季柔软亲肤抗菌短裤四角裤青年锦纶面料锦纶¥59.00浙江杭州退货宝包邮9年老店Bananain蕉内旗舰店,5,9年老店Bananain蕉内旗舰店,https://detail.tmall.com/item.htm?id=1052073026874,https://g-search2.alicdn.com/img/bao/uploaded/i4/i3/3035493001/O1CN01x6oDKa1Y2Vdy14T2Q_!!4611686018427384457-0-item_pic.jpg,1
蕉内热皮503+++男女士保暖裤莫代尔秋裤加厚加绒发热秋冬护膝男款青少年¥219.00浙江杭州退货宝包邮9年老店Bananain蕉内旗舰店,5,9年老店Bananain蕉内旗舰店,https://detail.tmall.com/item.htm?id=972278861344,https://g-search2.alicdn.com/img/bao/uploaded/i4/i1/3035493001/O1CN016ehI411Y2VjqxM6jf_!!3035493001.jpg,1
蕉内热皮3系男女士保暖裤冬季吸湿发热抗静电情侣同款打底裤秋裤保暖打底裤回购榜·第10名¥119.00浙江杭州退货宝包邮9年老店Bananain蕉内旗舰店,5,9年老店Bananain蕉内旗舰店,https://detail.tmall.com/item.htm?id=680960709696,https://g-search2.alicdn.com/img/bao/uploaded/i4/i3/3035493001/O1CN01D3HQ5X1Y2VjpUYuUF_!!3035493001.jpg,1
蕉内平角男士内裤500E超细莫代尔透气丝滑高弹柔软亲肤抗菌青年莫代尔面料纯色¥46.00北京banana蕉in线下专柜店铺,5,9年老店Bananain蕉内旗舰店,https://item.taobao.com/item.htm?id=710464841299,https://g-search3.alicdn.com/img/bao/uploaded/i4/i1/2215383311537/O1CN01tzaIIr1NDzhFvouXk_!!2215383311537.jpg,1
蕉内热皮301+保暖裤男女士内穿发热抗静电修身春裤春冬新款打底裤简约保暖中腰¥119.00浙江杭州退货宝包邮回头客6万Bananain蕉内奥莱店,5,9年老店Bananain蕉内旗舰店,https://item.taobao.com/item.htm?id=963404243074,https://gw.alicdn.com/imgextra/O1CN01jIEieb1o2XcG8JZ4N_!!1054195167-0-yinheaigc.jpg,1
蕉内一次计划5系男士日抛一次性内裤纯棉透气裆独立包装旅行平角男士纯色透气¥89.00浙江杭州退货宝包邮9年老店Bananain蕉内旗舰店,5,9年老店Bananain蕉内旗舰店,https://detail.tmall.com/item.htm?id=1020509404128,https://g-search2.alicdn.com/img/bao/uploaded/i4/i3/3035493001/O1CN01TeWO2Z1Y2VjpEJcbB_!!3035493001.jpg,1
【所有女生的衣橱直播间】蕉内5系女士安全裤/微收腹裤锦纶女纯色¥58.00浙江杭州退货宝包邮9年老店Bananain蕉内旗舰店,5,9年老店Bananain蕉内旗舰店,https://detail.tmall.com/item.htm?id=1045389706053,https://g-search2.alicdn.com/img/bao/uploaded/i4/i2/3035493001/O1CN01lNF7OG1Y2Vjl3oHLr_!!4611686018427384457-0-item_pic.jpg,1
【所有女生的衣橱直播间】蕉内银皮311A男/女士莫代尔条纹内裤纯色中腰莫代尔¥99.00浙江杭州退货宝包邮9年老店Bananain蕉内旗舰店,5,9年老店Bananain蕉内旗舰店,https://detail.tmall.com/item.htm?id=1039476683578,https://g-search1.alicdn.com/img/bao/uploaded/i4/i3/3035493001/O1CN01ab3bOl1Y2Vjl25CFJ_!!4611686018427384457-0-item_pic.jpg,1
【自播专享】3系男士保暖裤冬季抗静电发热加厚加绒棉裤线裤秋裤不贴片简约抗静电¥119.00浙江杭州退货宝包邮9年老店Bananain蕉内旗舰店,5,9年老店Bananain蕉内旗舰店,https://detail.tmall.com/item.htm?id=983367578807,https://g-search3.alicdn.com/img/bao/uploaded/i4/i1/3035493001/O1CN01awfA7D1Y2VgrBObrY_!!4611686018427384457-0-item_pic.jpg,1
蕉内氮气501DryPro男女士保暖裤户外运动滑雪登山排汗功能内衣运动抗静电中腰¥199.00浙江杭州退货宝包邮9年老店Bananain蕉内旗舰店,5,9年老店Bananain蕉内旗舰店,https://detail.tmall.com/item.htm?id=962659458050,https://g-search1.alicdn.com/img/bao/uploaded/i4/i2/3035493001/O1CN012b5mAb1Y2VjpU35c3_!!3035493001.jpg,1
3件|蕉内银皮508A平角内裤女运动三角裤无痕纯棉透气裆四角短裤新纯色中腰女¥139.00浙江杭州退货宝包邮9年老店Bananain蕉内旗舰店,5,9年老店Bananain蕉内旗舰店,https://detail.tmall.com/item.htm?id=1044769509310,https://g-search1.alicdn.com/img/bao/uploaded/i4/i1/3035493001/O1CN01dppsdp1Y2VjpiZpv3_!!3035493001.jpg,1
蕉内热皮301+男女士保暖裤冬季吸湿发热抗静电情侣同款打底裤秋裤不贴片简约保暖¥119.00浙江杭州退货宝包邮9年老店Bananain蕉内旗舰店,5,9年老店Bananain蕉内旗舰店,https://detail.tmall.com/item.htm?id=963253393668,https://g-search3.alicdn.com/img/bao/uploaded/i4/i2/3035493001/O1CN01BfSJF21Y2VjpOaLaC_!!3035493001.jpg,1
蕉内银皮506Dry男士运动内裤网眼透气拼接抗菌速干四角平角3件装青年纯色聚酯纤维（涤纶）¥159.00浙江杭州退货宝包邮回头客6万Bananain蕉内奥莱店,5,9年老店Bananain蕉内旗舰店,https://item.taobao.com/item.htm?id=769752602334,https://g-search3.alicdn.com/img/bao/uploaded/i4/i1/1054195167/O1CN01o0NxV01o2XOq8FEnd-1054195167.jpg,1
【无痕中热】蕉内热皮502++男女士保暖裤春裤情侣款抗菌春冬抗静电高腰情侣¥179.00浙江杭州退货宝包邮回头客6万Bananain蕉内奥莱店,5,9年老店Bananain蕉内旗舰店,https://item.taobao.com/item.htm?id=989872178696,https://g-search3.alicdn.com/img/bao/uploaded/i4/i4/1054195167/O1CN01vulB8j1o2XcFxlAoU-1054195167.jpg,1
【特惠专区99任选3件】蕉内男士平角三角内裤纯棉裆透气舒适抗菌青年男中腰¥59.00上海退货宝9年老店Bananain蕉内旗舰店,5,9年老店Bananain蕉内旗舰店,https://detail.tmall.com/item.htm?id=542186280117,https://g-search3.alicdn.com/img/bao/uploaded/i4/i3/3035493001/O1CN014ma3zS1Y2VSJTYmqW_!!0-item_pic.jpg,1
3件|蕉内小氮气501Dry平角内裤男女童青少年运动纯棉速干裆网眼男女通用平角裤A类¥99.00浙江杭州退货宝包邮9年老店Bananain蕉内旗舰店,5,9年老店Bananain蕉内旗舰店,https://detail.tmall.com/item.htm?id=1021041258860,https://g-search3.alicdn.com/img/bao/uploaded/i4/i3/3035493001/O1CN013eM3Th1Y2VjpP5IJ1_!!3035493001.jpg,1
蕉内氮气302Dry男士速干束脚卫裤休闲运动裤长裤户外2026新款裤子速干运动风通用¥219.00浙江杭州退货宝包邮9年老店Bananain蕉内旗舰店,5,9年老店Bananain蕉内旗舰店,https://detail.tmall.com/item.htm?id=1013684535032,https://g-search3.alicdn.com/img/bao/uploaded/i4/i2/3035493001/O1CN01n2Auwc1Y2VjpSf3o8_!!3035493001.jpg,1
蕉内红色计划热皮703+++男女士保暖裤含羊毛秋裤本命年加厚棉裤不贴片简约保暖¥299.00浙江杭州退货宝包邮9年老店Bananain蕉内旗舰店,5,9年老店Bananain蕉内旗舰店,https://detail.tmall.com/item.htm?id=980639908460,https://img.alicdn.com/imgextra/i2/O1CN01KqSpjA1T4jQJdrJ8B_!!6000000002329-2-tps-64-32.png,1
防臭防滑|蕉内氮气501DryPro瑜伽袜女士普拉提袜子专业运动五指袜四季通用女中筒¥69.00浙江杭州退货宝包邮9年老店Bananain蕉内旗舰店,505,9年老店Bananain蕉内旗舰店,https://detail.tmall.com/item.htm?id=704514306191,https://g-search1.alicdn.com/img/bao/uploaded/i4/i4/3035493001/O1CN01uQcAkC1Y2Vjqxr3Xw_!!3035493001.jpg,1
防臭防滑|蕉内氮气501DryPro瑜伽袜女士普拉提袜子专业运动五指袜入选瑜伽袜热卖榜¥69.00浙江杭州退货宝包邮9年老店Bananain蕉内旗舰店,505,9年老店Bananain蕉内旗舰店,https://detail.tmall.com/item.htm?id=846897138957,https://g-search1.alicdn.com/img/bao/uploaded/i4/i1/3035493001/O1CN01wZ8ywN1Y2VjpzPDVW_!!3035493001.jpg,1
蕉内氮气505D女士吸汗发带速干运动头带跑步止汗带瑜伽舞蹈束发带¥39.00浙江杭州退货宝包邮9年老店Bananain蕉内旗舰店,505,9年老店Bananain蕉内旗舰店,https://detail.tmall.com/item.htm?id=1050671826332,https://g-search3.alicdn.com/img/bao/uploaded/i4/i4/3035493001/O1CN01rE89l01Y2VjpVyErf_!!3035493001.jpg,1
蕉内氮气504Dry运动美背内衣女背心胸罩舒适瑜伽跑步薄款透气文胸低强度全罩杯固定式¥199.00浙江杭州退货宝包邮9年老店Bananain蕉内旗舰店,505,9年老店Bananain蕉内旗舰店,https://detail.tmall.com/item.htm?id=837568795177,https://g-search1.alicdn.com/img/bao/uploaded/i4/i1/3035493001/O1CN01UxHnJA1Y2Vjpbbuj6_!!3035493001.jpg,1
蕉内凉皮306Cool女士凉感瑜伽裤提臀打底裤子春夏款休闲鲨鱼裤女¥199.00浙江杭州退货宝包邮9年老店Bananain蕉内旗舰店,505,9年老店Bananain蕉内旗舰店,https://detail.tmall.com/item.htm?id=681256134305,https://g-search2.alicdn.com/img/bao/uploaded/i4/i4/3035493001/O1CN01uwVlRf1Y2VjpA7Nkx_!!3035493001.jpg,1
【达人专享】蕉内银皮300P女士内裤瑜伽无痕隐形纯棉透气裆三角裤纯色中腰锦纶¥89.00浙江杭州退货宝包邮9年老店Bananain蕉内旗舰店,505,9年老店Bananain蕉内旗舰店,https://detail.tmall.com/item.htm?id=1047299270044,https://g-search3.alicdn.com/img/bao/uploaded/i4/i1/3035493001/O1CN01yjSJrh1Y2Vjl79FZq_!!4611686018427384457-0-item_pic.jpg,1
蕉内氮气505Dry女士发带速干运动双面可用跑步瑜伽舞蹈洗脸束发带运动束发带热卖榜·第9名¥39.00浙江杭州退货宝包邮9年老店Bananain蕉内旗舰店,505,9年老店Bananain蕉内旗舰店,https://detail.tmall.com/item.htm?id=769737834055,https://g-search2.alicdn.com/img/bao/uploaded/i4/i2/3035493001/O1CN01lhNZ0r1Y2VjpFhKds_!!3035493001.jpg,1
防臭防滑|蕉内氮气501DryPro女士专业瑜伽袜普拉提袜子运动五指袜女¥59.00浙江杭州退货宝9年老店Bananain蕉内旗舰店,505,9年老店Bananain蕉内旗舰店,https://detail.tmall.com/item.htm?id=917613133860,https://g-search2.alicdn.com/img/bao/uploaded/i4/i4/3035493001/O1CN0171gtuZ1Y2VjpUZiNP_!!3035493001.jpg,1
【自播】蕉内凉皮306Cool女士凉感瑜伽裤提臀打底裤子春夏款¥199.00浙江杭州退货宝包邮9年老店Bananain蕉内旗舰店,505,9年老店Bananain蕉内旗舰店,https://detail.tmall.com/item.htm?id=1053878954557,https://g-search3.alicdn.com/img/bao/uploaded/i4/i3/3035493001/O1CN01yJfyl01Y2Vjj0V6zN_!!4611686018427384457-0-item_pic.jpg,1
专业瑜伽防滑袜普拉提袜子室内运动健身女士专用夏薄款中长筒抑菌四季通用简约薄款¥40.60浙江绍兴包邮回头客9千BananaArrive旗舰店,505,9年老店Bananain蕉内旗舰店,https://detail.tmall.com/item.htm?id=1034443347081,https://g-search2.alicdn.com/img/bao/uploaded/i4/i4/2219073985632/O1CN01vWAqhQ1rTVlwRXDp5_!!4611686018427386976-0-item_pic.jpg,1
蕉内氮气505Dry女士发带速干轻运动双面可用跑步瑜伽舞蹈洗脸束发10036560091¥39.00浙江杭州退货宝回头客6万Bananain蕉内奥莱店,505,9年老店Bananain蕉内旗舰店,https://item.taobao.com/item.htm?id=956259880563,https://g-search2.alicdn.com/img/bao/uploaded/i4/i4/1054195167/O1CN01GU5Lt41o2XcGJzn8T-1054195167.jpg,1
【自播】蕉内凉皮306Cool女士凉感瑜伽裤提臀打底裤子春夏款¥199.00浙江杭州退货宝包邮9年老店Bananain蕉内旗舰店,505,9年老店Bananain蕉内旗舰店,https://detail.tmall.com/item.htm?id=1053881722162,https://g-search3.alicdn.com/img/bao/uploaded/i4/i3/3035493001/O1CN01LB8YkF1Y2VjjqQnXV_!!4611686018427384457-0-item_pic.jpg,1
蕉内氮气500Dry速干无痕运动内衣女可外穿文胸瑜伽美背跑步胸罩入选百搭美背文胸店铺榜¥169.00浙江杭州退货宝包邮9年老店Bananain蕉内旗舰店,505,9年老店Bananain蕉内旗舰店,https://detail.tmall.com/item.htm?id=838120824438,https://g-search1.alicdn.com/img/bao/uploaded/i4/i1/3035493001/O1CN01gr6lOh1Y2VjpDowRg_!!3035493001.jpg,1
蕉内氮气505Dry家居服套装轻运动瑜伽服短袖睡衣女款新款2026夏季中年V领短袖¥299.00浙江杭州退货宝包邮回头客6万Bananain蕉内奥莱店,505,9年老店Bananain蕉内旗舰店,https://item.taobao.com/item.htm?id=892239779456,https://g-search2.alicdn.com/img/bao/uploaded/i4/i4/1054195167/O1CN01AT9wk11o2XbBqWxXP_!!1054195167.jpg,1
蕉内氮气500Dry速干无痕运动内衣女可外穿跑步瑜伽背心文胸胸罩四季通用透气交叉肩带¥169.00广东深圳退货宝包邮9年老店Bananain蕉内旗舰店,505,9年老店Bananain蕉内旗舰店,https://detail.tmall.com/item.htm?id=886425003950,https://g-search3.alicdn.com/img/bao/uploaded/i4/i4/3035493001/O1CN01p8pVYc1Y2VjkrCgZi_!!3035493001.jpg,1
蕉内氮气504Dry女士裸感喇叭裤瑜伽裤打底裤子女外穿26新款鲨鱼裤¥299.00浙江杭州退货宝包邮9年老店Bananain蕉内旗舰店,505,9年老店Bananain蕉内旗舰店,https://detail.tmall.com/item.htm?id=766832649629,https://gw.alicdn.com/imgextra/O1CN01d6Di181Y2VjpbdBjJ_!!3035493001-0-yinheaigc.jpg,1
防臭防滑|蕉内氮气501DryPro瑜伽袜女普拉提袜子小腿袜运动五指袜四季通用女高筒¥89.00浙江杭州退货宝包邮9年老店Bananain蕉内旗舰店,505,9年老店Bananain蕉内旗舰店,https://detail.tmall.com/item.htm?id=980969330680,https://g-search3.alicdn.com/img/bao/uploaded/i4/i2/3035493001/O1CN01qd932B1Y2VjpTf8XN_!!3035493001.jpg,1
【自播】蕉内凉皮306Cool女士凉感瑜伽裤提臀打底裤子春夏款¥199.00浙江杭州退货宝包邮9年老店Bananain蕉内旗舰店,505,9年老店Bananain蕉内旗舰店,https://detail.tmall.com/item.htm?id=1053881702459,https://g-search3.alicdn.com/img/bao/uploaded/i4/i1/3035493001/O1CN01uQNqRo1Y2VjjdcDbE_!!4611686018427384457-0-item_pic.jpg,1
蕉内氮气506Dry女士裸感紧身瑜伽裤子打底裤女外穿26春新款鲨鱼裤¥299.00浙江杭州退货宝包邮9年老店Bananain蕉内旗舰店,505,9年老店Bananain蕉内旗舰店,https://detail.tmall.com/item.htm?id=814095710003,https://gw.alicdn.com/imgextra/O1CN011BUhfL1Y2VjpTgg8E_!!3035493001-0-yinheaigc.jpg,1
刘浩存同款蕉内氮气504Dry运动内衣女美背性感背心薄文胸瑜伽胸罩入选轻运动内衣店铺榜¥199.00浙江杭州退货宝包邮9年老店Bananain蕉内旗舰店,505,9年老店Bananain蕉内旗舰店,https://detail.tmall.com/item.htm?id=713424021114,https://g-search1.alicdn.com/img/bao/uploaded/i4/i3/3035493001/O1CN01cNqgoQ1Y2VjpTeKZD_!!3035493001.jpg,1
蕉内氮气704Dry中高强度速干背心运动内衣女瑜伽跑步可外穿文胸3/4固定式背心式¥299.00浙江杭州新品退货宝包邮9年老店Bananain蕉内旗舰店,505,9年老店Bananain蕉内旗舰店,https://detail.tmall.com/item.htm?id=889829093148,https://g-search1.alicdn.com/img/bao/uploaded/i4/i3/3035493001/O1CN01N2Mpd41Y2VjqxLyOj_!!3035493001.jpg,1
蕉下文胸套装内衣女运动背心支撑聚拢无痕户外瑜伽美背可外穿胸罩四季通用聚拢可调节肩带¥99.00广东广州包邮回头客3万蕉下官方奥莱旗舰店,505,9年老店Bananain蕉内旗舰店,https://detail.tmall.com/item.htm?id=890252617899,https://gw.alicdn.com/imgextra/O1CN01OToptY1MdMDByniNY_!!2215083051457-0-yinheaigc.jpg,1
3件|蕉内氮气508Dry Air女士内裤运动健身瑜伽骑行速干无痕三角裤中腰女运动¥119.00浙江杭州退货宝包邮9年老店Bananain蕉内旗舰店,505,9年老店Bananain蕉内旗舰店,https://detail.tmall.com/item.htm?id=1039465039786,https://g-search2.alicdn.com/img/bao/uploaded/i4/i3/3035493001/O1CN01gtsw9u1Y2VjpzQxbs_!!3035493001.jpg,1
蕉下运动背心女薄款速干凉感缓震美背瑜伽跑步健身打底文胸内衣入选超级立减凉感文胸回购榜¥99.00广东广州包邮回头客300万蕉下官方旗舰店,505,9年老店Bananain蕉内旗舰店,https://detail.tmall.com/item.htm?id=929123847066,https://g-search3.alicdn.com/img/bao/uploaded/i4/i1/1652864050/O1CN01KLEgf61fmxD9v7KEG-1652864050.jpg,1
蕉内凉皮505Cool Air女士速干短款工装裙裤休闲裤26夏季新款裤子工装裤百搭自然腰¥299.00浙江杭州退货宝包邮9年老店Bananain蕉内旗舰店,505,9年老店Bananain蕉内旗舰店,https://detail.tmall.com/item.htm?id=1030808778709,https://g-search3.alicdn.com/img/bao/uploaded/i4/i1/3035493001/O1CN01Hd5nHL1Y2VjpisAFI_!!3035493001.jpg,1
蕉下女士缓震背心美背瑜伽训练跑步健身打底文胸带胸垫运动上衣四季通用纯色女¥199.00广东广州新品包邮回头客300万蕉下官方旗舰店,505,9年老店Bananain蕉内旗舰店,https://detail.tmall.com/item.htm?id=898496524920,https://g-search3.alicdn.com/img/bao/uploaded/i4/i4/1652864050/O1CN011XG9eX1fmxD9o5RTY-1652864050.jpg,1
蕉内凉皮501Cool Air女士速干直筒工装裤运动裤夏季新款休闲裤子入选女士运动休闲裤热卖榜¥359.00浙江杭州退货宝包邮9年老店Bananain蕉内旗舰店,505,9年老店Bananain蕉内旗舰店,https://detail.tmall.com/item.htm?id=1021686873909,https://g-search2.alicdn.com/img/bao/uploaded/i4/i2/3035493001/O1CN01mddAzj1Y2VjpWDTje_!!3035493001.jpg,1
【李佳琦直播间618超级宠物节】蕉内凉皮505Cool Air男女士伞裤工装裤百搭自然腰¥359.00浙江杭州退货宝包邮9年老店Bananain蕉内旗舰店,505,9年老店Bananain蕉内旗舰店,https://detail.tmall.com/item.htm?id=1018274803590,https://gw.alicdn.com/imgextra/i4/O1CN01Yj7zr21OZLys1Ss8M_!!6000000001719-2-tps-279-42.png,1
蕉下高弹网球短裙裤女运动凉感透气速干健身休闲短裙瑜伽半身裙裤入选瑜伽短裙热卖榜¥249.00广东深圳包邮回头客4万蕉下女装旗舰店,505,9年老店Bananain蕉内旗舰店,https://detail.tmall.com/item.htm?id=1020517237520,https://gw.alicdn.com/imgextra/i4/O1CN01Yj7zr21OZLys1Ss8M_!!6000000001719-2-tps-279-42.png,1
蕉下短裙裙裤女士防晒速干拒水户外瑜伽徒步网球裙运动工装半身裙瑜伽短裙热卖榜·第6名¥159.00广东广州包邮回头客300万蕉下官方旗舰店,505,9年老店Bananain蕉内旗舰店,https://detail.tmall.com/item.htm?id=930604453862,https://gw.alicdn.com/imgextra/i4/O1CN01Yj7zr21OZLys1Ss8M_!!6000000001719-2-tps-279-42.png,1
蕉内氧气505Proof女士工装长裤休闲显瘦直筒阔腿户外机能降落伞裤工装裤街头风高腰¥359.00浙江杭州退货宝包邮回头客6万Bananain蕉内奥莱店,505,9年老店Bananain蕉内旗舰店,https://item.taobao.com/item.htm?id=811910293960,https://gw.alicdn.com/imgextra/i4/O1CN01dPvgAJ1Zwfv79ayOL_!!6000000003259-2-tps-191-42.png,1
蕉内氮气505Dry家居服套装轻运动瑜伽服男士睡衣女款新款2026夏季男女通用夏季¥239.00北京包邮公益宝贝小蕉正品代购,505,9年老店Bananain蕉内旗舰店,https://item.taobao.com/item.htm?id=1043954364486,https://img.alicdn.com/imgextra/i3/O1CN01LvV0d41fjkGWg6iN6_!!6000000004043-2-tps-480-144.png,1
蕉内重塑306Shape女士打底裤外穿提臀显瘦裤子运动鲨鱼裤春夏女裤88VIP甄选鲨鱼裤回购榜·第8名¥199.00浙江杭州退货宝包邮9年老店Bananain蕉内旗舰店,505,9年老店Bananain蕉内旗舰店,https://detail.tmall.com/item.htm?id=941501737156,https://img.alicdn.com/imgextra/i2/O1CN01KqSpjA1T4jQJdrJ8B_!!6000000002329-2-tps-64-32.png,1
蕉内氮气305Dry男士针织速干裤宽松透气运动裤2026新款裤子透气中腰运动风¥179.00浙江杭州退货宝包邮9年老店Bananain蕉内旗舰店,505,9年老店Bananain蕉内旗舰店,https://detail.tmall.com/item.htm?id=1031392626189,https://g-search2.alicdn.com/img/bao/uploaded/i4/i1/3035493001/O1CN01xcZ3R51Y2VjpWD4nU_!!3035493001.jpg,1
蕉内氮气501DryPro男士运动裤短裤骑行跑步速干裤五分裤健身裤子¥259.00浙江杭州退货宝包邮9年老店Bananain蕉内旗舰店,505,9年老店Bananain蕉内旗舰店,https://detail.tmall.com/item.htm?id=1035693545025,https://g-search2.alicdn.com/img/bao/uploaded/i4/i4/3035493001/O1CN01pqsiUS1Y2Vjpb6C0I_!!3035493001.jpg,1
蕉内凉皮505Cool女士防泼水短裤凉感速干休闲裤女26夏季新款裤子18-24周岁2026年春季短款¥199.00浙江杭州退货宝包邮9年老店Bananain蕉内旗舰店,505,9年老店Bananain蕉内旗舰店,https://detail.tmall.com/item.htm?id=1031313807136,https://g-search3.alicdn.com/img/bao/uploaded/i4/i4/3035493001/O1CN01QbHNQS1Y2VjpFyJjq_!!3035493001.jpg,1
蕉内氮气301D女士运动游泳吸汗跑步吸水旅行透气健身男士网眼毛巾入选运动毛巾热卖榜¥49.00浙江杭州新品退货宝包邮9年老店Bananain蕉内旗舰店,505,9年老店Bananain蕉内旗舰店,https://detail.tmall.com/item.htm?id=889739437215,https://g-search1.alicdn.com/img/bao/uploaded/i4/i1/3035493001/O1CN01MHBuCv1Y2VjpUZmY6_!!3035493001.jpg,1
[叶一飞同款]蕉内氮气501DryPro男士速干抗菌网眼修身运动背心t恤夏季薄款标准¥179.00浙江杭州退货宝包邮9年老店Bananain蕉内旗舰店,505,9年老店Bananain蕉内旗舰店,https://detail.tmall.com/item.htm?id=1031407293025,https://g-search3.alicdn.com/img/bao/uploaded/i4/i4/3035493001/O1CN01tIubQj1Y2VjpWCGrX_!!3035493001.jpg,1
【达人专享】蕉内非常501Regular女士弹力直筒休闲运动裤子2026夏直筒裤百搭自然腰¥299.00浙江杭州退货宝包邮9年老店Bananain蕉内旗舰店,505,9年老店Bananain蕉内旗舰店,https://detail.tmall.com/item.htm?id=1054274867781,https://g-search3.alicdn.com/img/bao/uploaded/i4/i3/3035493001/O1CN01ii0JJF1Y2Vjo9vw6m_!!4611686018427384457-2-item_pic.png,1
蕉内氮气305Dry女士休闲运动短裤白色吸汗透气速干短裤26夏季新款阔腿裤百搭自然腰¥179.00浙江杭州退货宝包邮9年老店Bananain蕉内旗舰店,505,9年老店Bananain蕉内旗舰店,https://detail.tmall.com/item.htm?id=1032899913290,https://g-search1.alicdn.com/img/bao/uploaded/i4/i4/3035493001/O1CN01QRPbJG1Y2VjpFGZyN_!!3035493001.jpg,1
蕉内凉皮305Cool Air女士速干短裙网球半身裙休闲裙子26春夏新款入选88VIP甄选网球裙好评榜¥199.00浙江杭州退货宝包邮9年老店Bananain蕉内旗舰店,505,9年老店Bananain蕉内旗舰店,https://detail.tmall.com/item.htm?id=1032001142074,https://g-search3.alicdn.com/img/bao/uploaded/i4/i4/3035493001/O1CN01d1UreK1Y2Vjpitq9B_!!3035493001.jpg,1
蕉内凉皮501UVAir运动空顶帽遮阳帽子骑行网球超轻太阳帽防晒帽女男女通用旅行空顶帽¥179.00浙江杭州退货宝包邮9年老店Bananain蕉内旗舰店,505,9年老店Bananain蕉内旗舰店,https://detail.tmall.com/item.htm?id=766752768149,https://g-search2.alicdn.com/img/bao/uploaded/i4/i2/3035493001/O1CN01YryxSO1Y2VjpVt4Z3_!!3035493001.jpg,1
蕉内非常501Regular女士弹力直筒休闲裤运动裤子2026新款夏季女裤入选女士运动休闲裤热卖榜¥299.00浙江杭州退货宝包邮9年老店Bananain蕉内旗舰店,505,9年老店Bananain蕉内旗舰店,https://detail.tmall.com/item.htm?id=1017373245429,https://g-search3.alicdn.com/img/bao/uploaded/i4/i3/3035493001/O1CN01wyBKmd1Y2VjpVtblV_!!3035493001.jpg,1
蕉内氮气301Dry女士速干直筒运动裤休闲裤白色裤子26夏季新款女裤直筒裤休闲自然腰¥219.00浙江杭州退货宝包邮9年老店Bananain蕉内旗舰店,505,9年老店Bananain蕉内旗舰店,https://detail.tmall.com/item.htm?id=1014314366626,https://g-search3.alicdn.com/img/bao/uploaded/i4/i1/3035493001/O1CN0128XFD61Y2VjkrB90e_!!3035493001.jpg,1
蕉内凉皮501Cool Pro女士POLO领背心吊带夏新款网球运动背心外穿运动风中腰¥159.00浙江杭州退货宝包邮9年老店Bananain蕉内旗舰店,505,9年老店Bananain蕉内旗舰店,https://detail.tmall.com/item.htm?id=1046895064211,https://g-search3.alicdn.com/img/bao/uploaded/i4/i3/3035493001/O1CN01HFx2XB1Y2VjpAQa3J_!!3035493001.jpg,1
蕉内凉皮505Cool Pro女士速干短裤运动休闲裤工装裤夏季新款裤子工装裤自然腰¥259.00浙江杭州退货宝包邮9年老店Bananain蕉内旗舰店,505,9年老店Bananain蕉内旗舰店,https://detail.tmall.com/item.htm?id=704493762222,https://g-search3.alicdn.com/img/bao/uploaded/i4/i2/3035493001/O1CN01mlkaat1Y2VjpiuRYy_!!3035493001.jpg,1
蕉内凉皮501UV Air女士透气收腰修身轻量防晒衣凉感夏季防晒服女入选防晒衣品牌榜¥359.00浙江杭州退货宝包邮9年老店Bananain蕉内旗舰店,502,9年老店Bananain蕉内旗舰店,https://detail.tmall.com/item.htm?id=1022585604850&skuId=6197973527827,https://g-search2.alicdn.com/img/bao/uploaded/i4/i3/3035493001/O1CN01X8AkMf1Y2VjpAR7Li_!!3035493001.jpg,1
【李佳琦直播间618防晒节】蕉内凉皮3系女士吸湿速干防晒衣立领2026年春季长袖¥239.00浙江杭州退货宝包邮9年老店Bananain蕉内旗舰店,502,9年老店Bananain蕉内旗舰店,https://detail.tmall.com/item.htm?id=1019178902482&skuId=6195472511339,https://g-search2.alicdn.com/img/bao/uploaded/i4/i2/3035493001/O1CN01UFcK7R1Y2VjnrfEJ6_!!4611686018427384457-0-item_pic.jpg,1
蕉内凉皮301UV Pro女士防晒衣吸湿速干修身防晒服防紫外线外套女25-29周岁外套连帽¥219.00浙江杭州已补35元退货宝包邮回头客6万Bananain蕉内奥莱店,502,9年老店Bananain蕉内旗舰店,https://item.taobao.com/item.htm?id=885703408531&skuId=6082620313969,https://g-search1.alicdn.com/img/bao/uploaded/i4/i1/1054195167/O1CN01MjAqHo1o2XcGBV73o-1054195167.jpg,1
蕉内凉皮302UV Pro女士吸湿速干双腰线长款硬核防晒衣修身防晒服100+修身型女¥359.00浙江杭州已补36元退货宝包邮9年老店Bananain蕉内旗舰店,502,9年老店Bananain蕉内旗舰店,https://detail.tmall.com/item.htm?id=1025474425054&skuId=6035127096512,https://g-search3.alicdn.com/img/bao/uploaded/i4/i2/3035493001/O1CN01uKrMc51Y2VjpOuU8I_!!3035493001.jpg,1
蕉内凉皮702UV女士防泼水拼接防晒衣凉感速干修身显瘦户外防晒服100+修身型女¥599.00浙江杭州已补100元新品退货宝9年老店Bananain蕉内旗舰店,502,9年老店Bananain蕉内旗舰店,https://detail.tmall.com/item.htm?id=885903203662&skuId=5895569518749,https://g-search3.alicdn.com/img/bao/uploaded/i4/i2/3035493001/O1CN01CcjPaj1Y2VjpG0GKu_!!3035493001.jpg,1
蕉内凉皮303UV Pro女士吸湿速干宽松防晒衣凉感皮肤衣收腰防晒服100+宽松型女¥279.00浙江杭州已补48元退货宝包邮9年老店Bananain蕉内旗舰店,502,9年老店Bananain蕉内旗舰店,https://detail.tmall.com/item.htm?id=1018332463421&skuId=6195143887141,https://g-search2.alicdn.com/img/bao/uploaded/i4/i4/3035493001/O1CN019GuXc31Y2VjpFZAum_!!3035493001.jpg,1
蕉内凉皮302UV Pro女士吸湿速干双腰线长款硬核防晒衣修身防晒服外套连帽2026年春季¥359.00浙江杭州已补36元退货宝包邮9年老店Bananain蕉内旗舰店,502,9年老店Bananain蕉内旗舰店,https://detail.tmall.com/item.htm?id=1025463141268&skuId=6035120908779,https://g-search1.alicdn.com/img/bao/uploaded/i4/i3/3035493001/O1CN01G8vAsE1Y2VjpbQfcN_!!3035493001.jpg,1
蕉内凉皮502UV防晒空顶帽女太阳帽男士遮阳帽女士防晒帽新款帽子男女通用旅行空顶帽¥199.00浙江杭州退货宝包邮9年老店Bananain蕉内旗舰店,502,回头客6万Bananain蕉内奥莱店,https://detail.tmall.com/item.htm?id=697673733067,https://g-search3.alicdn.com/img/bao/uploaded/i4/i4/3035493001/O1CN01QHAVWt1Y2VjkrfDks_!!3035493001.jpg,1
【达人专享】蕉内凉皮302UV女士贝壳帽防晒帽空顶帽户外太阳帽遮阳聚酰胺纤维(锦纶）纯色¥169.00浙江杭州退货宝包邮9年老店Bananain蕉内旗舰店,502,回头客6万Bananain蕉内奥莱店,https://detail.tmall.com/item.htm?id=1053334379749,https://g-search3.alicdn.com/img/bao/uploaded/i4/i1/3035493001/O1CN01H5Y9Ys1Y2VjkorBBE_!!4611686018427384457-0-item_pic.jpg,1
蕉内凉皮502UV男士防晒轻便户外渔夫帽女士户外遮阳防晒帽帽子Bananain/蕉内2026年春季出游¥179.00浙江杭州退货宝包邮9年老店Bananain蕉内旗舰店,502,回头客6万Bananain蕉内奥莱店,https://detail.tmall.com/item.htm?id=1020055709764,https://g-search2.alicdn.com/img/bao/uploaded/i4/i3/3035493001/O1CN01CBrnNR1Y2VjqxLZTL_!!3035493001.jpg,1
【所有女生直播间】蕉内凉皮3系女士防晒帽入选防晒帽新品榜¥179.00浙江杭州退货宝包邮9年老店Bananain蕉内旗舰店,502,回头客6万Bananain蕉内奥莱店,https://detail.tmall.com/item.htm?id=1018948514398,https://g-search3.alicdn.com/img/bao/uploaded/i4/i1/3035493001/O1CN01kZscDf1Y2VjifICkY_!!4611686018427384457-0-item_pic.jpg,1
蕉内凉皮302UV女士贝壳帽防晒帽空顶帽户外太阳帽遮阳帽新款帽子女褶皱旅行¥179.00浙江杭州退货宝包邮9年老店Bananain蕉内旗舰店,502,回头客6万Bananain蕉内奥莱店,https://detail.tmall.com/item.htm?id=666643632171,https://g-search1.alicdn.com/img/bao/uploaded/i4/i3/3035493001/O1CN01xifM4y1Y2VjpywkXh_!!3035493001.jpg,1
蕉内凉皮502UV防晒帽男士遮阳帽女户外徒步爬山渔夫帽夏新款帽子入选登山渔夫帽店铺榜¥179.00浙江杭州新品退货宝包邮9年老店Bananain蕉内旗舰店,502,回头客6万Bananain蕉内奥莱店,https://detail.tmall.com/item.htm?id=889436906790,https://gw.alicdn.com/imgextra/O1CN01G4Vdo81Y2VjpyvLCi_!!3035493001.jpg,1
蕉内凉皮3系防晒帽女士太阳帽户外加宽帽檐遮阳帽贝壳帽夏季帽子女褶皱休闲¥199.00浙江杭州退货宝包邮9年老店Bananain蕉内旗舰店,502,回头客6万Bananain蕉内奥莱店,https://detail.tmall.com/item.htm?id=1020829968797,https://g-search1.alicdn.com/img/bao/uploaded/i4/i2/3035493001/O1CN01lMNE181Y2VjpVux1Y_!!3035493001.jpg,1
蕉内凉皮301UV女士防晒硬壳空顶帽骑行运动遮阳帽太阳帽新款帽子女日常遮阳帽¥159.00浙江杭州退货宝包邮9年老店Bananain蕉内旗舰店,502,回头客6万Bananain蕉内奥莱店,https://detail.tmall.com/item.htm?id=1028332136776,https://g-search3.alicdn.com/img/bao/uploaded/i4/i2/3035493001/O1CN01IbvCej1Y2Vjpbb6rM_!!3035493001.jpg,1
蕉内凉皮502UV女士防晒草编空顶帽海边沙滩遮阳帽防晒帽新款帽子女沙滩草帽¥199.00浙江杭州退货宝包邮9年老店Bananain蕉内旗舰店,502,回头客6万Bananain蕉内奥莱店,https://detail.tmall.com/item.htm?id=1027136913617,https://g-search3.alicdn.com/img/bao/uploaded/i4/i3/3035493001/O1CN012F64y81Y2VjpA9G7V_!!3035493001.jpg,1
蕉内凉皮502UV男士防晒模压软壳空顶帽女士夏遮阳户外防晒帽帽子Bananain/蕉内2026年春季运动¥199.00浙江杭州退货宝包邮9年老店Bananain蕉内旗舰店,502,回头客6万Bananain蕉内奥莱店,https://detail.tmall.com/item.htm?id=1020837484278,https://g-search3.alicdn.com/img/bao/uploaded/i4/i4/3035493001/O1CN01T3OD1o1Y2VjpEH8lz_!!3035493001.jpg,1
蕉内凉皮503UV女士防晒模压软壳空顶帽遮阳帽防晒帽春夏新款帽子女运动空顶帽¥219.00浙江杭州退货宝包邮9年老店Bananain蕉内旗舰店,502,回头客6万Bananain蕉内奥莱店,https://detail.tmall.com/item.htm?id=1026233450640,https://g-search1.alicdn.com/img/bao/uploaded/i4/i2/3035493001/O1CN01IbYq5R1Y2VjpZpo7c_!!3035493001.jpg,1
蕉内凉皮502UVPro防晒全防护面罩空顶帽女遮阳帽防晒帽夏新款帽子遮阳聚酯纤维纯色¥239.00浙江杭州退货宝包邮9年老店Bananain蕉内旗舰店,502,回头客6万Bananain蕉内奥莱店,https://detail.tmall.com/item.htm?id=1046621316683,https://g-search1.alicdn.com/img/bao/uploaded/i4/i4/3035493001/O1CN01k7yyPl1Y2Vjpiads2_!!3035493001.jpg,1
【所有姐姐的衣橱直播间】蕉内凉皮3系防晒帽（贝壳帽/渔夫帽）入选女士防晒帽新品榜¥179.00浙江杭州退货宝包邮9年老店Bananain蕉内旗舰店,502,回头客6万Bananain蕉内奥莱店,https://detail.tmall.com/item.htm?id=1034611067525,https://g-search2.alicdn.com/img/bao/uploaded/i4/i2/3035493001/O1CN01lDXNCc1Y2VjYlv5Qj_!!4611686018427384457-0-item_pic.jpg,1
蕉内凉皮302UV女士防晒硬壳空顶帽遮阳帽子女25新款女旅行聚酯纤维¥169.00浙江杭州新品退货宝包邮9年老店Bananain蕉内旗舰店,502,回头客6万Bananain蕉内奥莱店,https://detail.tmall.com/item.htm?id=895262972581,https://g-search1.alicdn.com/img/bao/uploaded/i4/i3/3035493001/O1CN01gG9Ji21Y2VdcgW7R6_!!4611686018427384457-0-item_pic.jpg,1
【达人专享】刘浩存同款蕉内凉皮5系防晒宽檐鸭舌帽渔夫帽防晒帽女休闲鸭舌帽¥199.00浙江杭州退货宝包邮9年老店Bananain蕉内旗舰店,502,回头客6万Bananain蕉内奥莱店,https://detail.tmall.com/item.htm?id=1056976468431,https://g-search3.alicdn.com/img/bao/uploaded/i4/i3/3035493001/O1CN01YZ1bcn1Y2VjnfZS4y_!!4611686018427384457-2-item_pic.png,1
蕉内凉皮303UV女士防晒双面渔夫帽防紫外线遮阳帽防晒帽新款帽子入选登山渔夫帽店铺榜¥179.00浙江杭州退货宝包邮9年老店Bananain蕉内旗舰店,502,回头客6万Bananain蕉内奥莱店,https://detail.tmall.com/item.htm?id=1016458094999,https://g-search2.alicdn.com/img/bao/uploaded/i4/i3/3035493001/O1CN014fSz2o1Y2VjpU2t8D_!!3035493001.jpg,1
蕉内凉皮502UV男士防晒模压软壳空顶帽女士夏遮阳户外防晒帽帽子Bananain/蕉内2026年春季运动¥199.00浙江杭州退货宝包邮9年老店Bananain蕉内旗舰店,502,回头客6万Bananain蕉内奥莱店,https://detail.tmall.com/item.htm?id=1053338357333,https://g-search1.alicdn.com/img/bao/uploaded/i4/i4/3035493001/O1CN01pBCoQY1Y2VjfoIcNp_!!4611686018427384457-0-item_pic.jpg,1
蕉内凉皮502UV男士防晒轻便户外渔夫帽女士户外遮阳防晒帽帽子天猫超市渔夫帽好评榜·第9名¥179.00上海包邮14年老店天猫超市,502,回头客6万Bananain蕉内奥莱店,https://detail.tmall.com/item.htm?id=1027984705082,https://g-search1.alicdn.com/img/bao/uploaded/i4/i4/6000000002694/O1CN01vj5oJm1Vlu985aDYS_!!6000000002694-0-sm.jpg,1
【刘浩存同款】蕉内凉皮502UV防晒宽檐鸭舌帽女遮阳帽防晒帽帽子入选服饰配件品牌榜¥199.00浙江杭州退货宝包邮9年老店Bananain蕉内旗舰店,502,回头客6万Bananain蕉内奥莱店,https://detail.tmall.com/item.htm?id=1016417038223,https://g-search3.alicdn.com/img/bao/uploaded/i4/i3/3035493001/O1CN01wQp7YU1Y2Vjpic7IP_!!3035493001.jpg,1
蕉内凉皮302UV女士贝壳空顶防晒帽新款户外防紫外线太阳遮阳帽子女Bananain/蕉内¥179.00浙江杭州退货宝包邮回头客6万Bananain蕉内奥莱店,502,回头客6万Bananain蕉内奥莱店,https://item.taobao.com/item.htm?id=1020926032798,https://gw.alicdn.com/imgextra/i4/O1CN01dPvgAJ1Zwfv79ayOL_!!6000000003259-2-tps-191-42.png,1
蕉内凉皮501UV Air收纳渔夫帽男女士防紫外线抗菌遮阳户外防晒帽男女通用旅行尼龙¥199.00浙江杭州退货宝包邮回头客6万Bananain蕉内奥莱店,502,回头客6万Bananain蕉内奥莱店,https://item.taobao.com/item.htm?id=769758667158,https://gw.alicdn.com/imgextra/i4/O1CN01dPvgAJ1Zwfv79ayOL_!!6000000003259-2-tps-191-42.png,1
【所有女生的衣橱直播间】蕉内凉皮配件组口罩冰袖贝壳帽渔夫帽遮阳聚酰胺纤维(锦纶）纯色¥59.00浙江杭州退货宝包邮9年老店Bananain蕉内旗舰店,502,回头客6万Bananain蕉内奥莱店,https://detail.tmall.com/item.htm?id=1047496740987,https://gw.alicdn.com/imgextra/i4/O1CN01Yj7zr21OZLys1Ss8M_!!6000000001719-2-tps-279-42.png,1
蕉内凉皮503UVPro男防晒渔夫帽女护颈遮阳帽防晒口罩面罩一体帽子遮阳聚酯纤维纯色¥239.00浙江杭州退货宝包邮9年老店Bananain蕉内旗舰店,502,回头客6万Bananain蕉内奥莱店,https://detail.tmall.com/item.htm?id=1044039627889,https://gw.alicdn.com/imgextra/i4/O1CN01Yj7zr21OZLys1Ss8M_!!6000000001719-2-tps-279-42.png,1
蕉内凉皮702UVAir男款户外登山渔夫帽女款遮阳帽透气护颈防晒帽子男女通用爬山涤纶¥259.00浙江杭州退货宝包邮9年老店Bananain蕉内旗舰店,502,回头客6万Bananain蕉内奥莱店,https://detail.tmall.com/item.htm?id=769150658029,https://gw.alicdn.com/imgextra/i4/O1CN01Yj7zr21OZLys1Ss8M_!!6000000001719-2-tps-279-42.png,1
蕉内凉皮502UVPro女士防晒全防护面罩空顶帽遮阳帽防晒帽新款帽子Bananain/蕉内2026年春季出游¥239.00浙江杭州退货宝包邮9年老店Bananain蕉内旗舰店,502,回头客6万Bananain蕉内奥莱店,https://detail.tmall.com/item.htm?id=1019897890478,https://gw.alicdn.com/imgextra/i4/O1CN01Yj7zr21OZLys1Ss8M_!!6000000001719-2-tps-279-42.png,1
蕉内凉皮303UV防晒双面渔夫帽大帽檐全遮挡双面双色遮阳帽女天猫超市渔夫帽好评榜·第4名¥179.00上海包邮14年老店天猫超市,502,回头客6万Bananain蕉内奥莱店,https://detail.tmall.com/item.htm?id=1018144657715,https://gw.alicdn.com/imgextra/i4/O1CN01Yj7zr21OZLys1Ss8M_!!6000000001719-2-tps-279-42.png,1
【达人专享】蕉内凉皮5系女士防晒全防护面罩空顶帽遮阳帽檐面罩女日常遮阳帽¥239.00浙江杭州退货宝包邮9年老店Bananain蕉内旗舰店,502,回头客6万Bananain蕉内奥莱店,https://detail.tmall.com/item.htm?id=1042801772122,https://gw.alicdn.com/imgextra/i4/O1CN01Yj7zr21OZLys1Ss8M_!!6000000001719-2-tps-279-42.png,1
【达人专享】蕉内凉皮3系/5系情侣透气大帽檐遮阳防晒帽出游百搭女旅行遮阳帽¥179.00浙江杭州退货宝包邮9年老店Bananain蕉内旗舰店,502,回头客6万Bananain蕉内奥莱店,https://detail.tmall.com/item.htm?id=1020594620203,https://img.alicdn.com/imgextra/i2/O1CN01KqSpjA1T4jQJdrJ8B_!!6000000002329-2-tps-64-32.png,1
【刘浩存同款】蕉内凉皮5系草编空顶帽女防晒帽遮阳帽草帽帽子女日常空顶帽¥179.00浙江杭州退货宝包邮9年老店Bananain蕉内旗舰店,502,回头客6万Bananain蕉内奥莱店,https://detail.tmall.com/item.htm?id=1021321728534,https://gw.alicdn.com/imgextra/i4/O1CN01Yj7zr21OZLys1Ss8M_!!6000000001719-2-tps-279-42.png,1
蕉内凉皮302UV防晒帽女士大帽檐防紫外线海边遮阳空顶贝壳帽子女褶皱旅行¥169.00浙江杭州退货宝包邮回头客6万Bananain蕉内奥莱店,502,回头客6万Bananain蕉内奥莱店,https://item.taobao.com/item.htm?id=765722605081,https://gw.alicdn.com/imgextra/i4/O1CN01dPvgAJ1Zwfv79ayOL_!!6000000003259-2-tps-191-42.png,1
【达人专享】蕉内凉皮5系女士防晒全防护面罩空顶帽遮阳帽檐面罩女户外遮阳帽¥239.00浙江杭州退货宝包邮9年老店Bananain蕉内旗舰店,502,回头客6万Bananain蕉内奥莱店,https://detail.tmall.com/item.htm?id=1054074695294,https://gw.alicdn.com/imgextra/i4/O1CN01Yj7zr21OZLys1Ss8M_!!6000000001719-2-tps-279-42.png,1
蕉内凉皮502UV科技贝壳帽男女士透气抗菌大帽檐遮阳防晒帽子男女通用旅行尼龙¥199.00浙江杭州退货宝包邮回头客6万Bananain蕉内奥莱店,502,9年老店Bananain蕉内旗舰店,https://item.taobao.com/item.htm?id=769766974412,https://g-search1.alicdn.com/img/bao/uploaded/i4/i1/1054195167/O1CN01inCVBf1o2XcG9mSWR-1054195167.jpg,2
蕉内氮气501Dry男士防晒运动骑行宽檐鸭舌帽女士棒球帽春新款帽子男女通用运动聚酯纤维¥159.00浙江杭州退货宝包邮9年老店Bananain蕉内旗舰店,502,9年老店Bananain蕉内旗舰店,https://detail.tmall.com/item.htm?id=1014318490360,https://g-search1.alicdn.com/img/bao/uploaded/i4/i1/3035493001/O1CN01KgAowk1Y2VjpVwIAn_!!3035493001.jpg,2
蕉内凉皮501Cool深睡被凉感夏天被子A类凉被毯子薄毯空调被夏凉被夏季简约卧室¥399.00浙江杭州退货宝包邮9年老店Bananain蕉内旗舰店,501,9年老店Bananain蕉内旗舰店,https://detail.tmall.com/item.htm?id=1036152829723&skuId=6052214081386,https://g-search3.alicdn.com/img/bao/uploaded/i4/i2/3035493001/O1CN01zaXhCP1Y2VjpaMIi1_!!3035493001.jpg,1
仓鼠窝垫子冰丝凉席金丝熊荷兰猪蜜袋鼯专用睡窝夏天降温神器圆形M¥18.36广东揭阳包邮三月铺子,501,9年老店Bananain蕉内旗舰店,https://item.taobao.com/item.htm?id=1055613573847&skuId=6096361829866,https://g-search1.alicdn.com/img/bao/uploaded/i4/i1/2217513029132/O1CN016Tyk4E2HKW16peDeo_!!2217513029132.jpg,1
汽车坐垫四季通用夏季凉席蝴蝶结女神座垫网红亚麻透气车内座椅垫亚麻简约风格五座¥12.00浙江台州退货宝包邮奢艺车品商城,501,9年老店Bananain蕉内旗舰店,https://item.taobao.com/item.htm?id=1043514874710&skuId=6231208938971,"https://g-search2.alicdn.com/img/bao/uploaded/i4/i4/2213158264499/O1CN011HI6dS1j6b2CGYqbG~crop,0,106,790,790~_!!2213158264499.jpg",1
蕉内氮气301D男士凉感速干吸汗冷感羽毛球透气健身网眼女运动毛巾入选瑜伽毛巾热卖榜¥49.00浙江杭州退货宝包邮9年老店Bananain蕉内旗舰店,501,9年老店Bananain蕉内旗舰店,https://detail.tmall.com/item.htm?id=960329709246&skuId=6056950695203,https://g-search3.alicdn.com/img/bao/uploaded/i4/i4/3035493001/O1CN01nIgrFx1Y2VjpWP5s5_!!3035493001.jpg,1
紫仓仓鼠凉席窝天然手工藤席编织垫子夏季降温金丝熊蜜袋鼯荷兰猪¥3.52广东深圳包邮紫仓仓宠物用品旗舰店,501,9年老店Bananain蕉内旗舰店,https://detail.tmall.com/item.htm?id=1040336978459&skuId=6061279721062,https://g-search3.alicdn.com/img/bao/uploaded/i4/i3/2220218108263/O1CN01yHSBTJ2AuVpAMmpsU_!!4611686018427382119-2-item_pic.png,1
猫窝夏季可拆洗凉席窝宠物夏天降温睡觉用凉席垫猫咪四季通用猫床¥39.60福建厦门包邮回头客20万柒哦宠物用品专营店,501,9年老店Bananain蕉内旗舰店,https://detail.tmall.com/item.htm?id=1041954383651&skuId=6229790314809,https://g-search3.alicdn.com/img/bao/uploaded/i4/i2/2215726356056/O1CN01T9UbIm1ubhhuKcRM5_!!4611686018427385432-0-item_pic.jpg,1
夏季宠物冰丝凉垫狗垫子四季通用宠物窝垫猫咪小型犬凉席防滑狗窝¥22.80浙江金华包邮5年老店爱格宠宠物用品店,501,9年老店Bananain蕉内旗舰店,https://item.taobao.com/item.htm?id=640402848270&skuId=4607074233455,https://g-search2.alicdn.com/img/bao/uploaded/i4/i4/2209989605385/O1CN01vCdMdt1peNdNGRgm7_!!0-item_pic.jpg,1
宠物睡垫冰垫兔子豚鼠凉席仓鼠窝夏季降温垫猫咪狗狗睡垫宠物用品¥12.80浙江金华包邮回头客1万万有引力舍,501,9年老店Bananain蕉内旗舰店,https://item.taobao.com/item.htm?id=1046092703088&skuId=6238848782212,https://g-search3.alicdn.com/img/bao/uploaded/i4/i4/2218231688606/O1CN017y4xvg2DRbgAPqZYi_!!2218231688606.jpg,1
仓鼠窝夏季冰丝凉垫金丝熊荷兰猪龙猫凉席降温神器防中暑小宠冰窝S¥12.80浙江金华包邮回头客4万猫仨狗四,501,9年老店Bananain蕉内旗舰店,https://item.taobao.com/item.htm?id=1043628121326&skuId=6229767542142,https://g-search1.alicdn.com/img/bao/uploaded/i4/i4/2213291529547/O1CN01hDLGwI2KOaNFsts3n_!!2213291529547.jpg,1
蕉内凉皮501C深睡凉感被子A类毯子盖毯春夏被可机洗空调被夏凉被锦纶春夏夏凉被¥399.00浙江杭州退货宝包邮9年老店Bananain蕉内旗舰店,501,9年老店Bananain蕉内旗舰店,https://detail.tmall.com/item.htm?id=1050073709852&skuId=6244249550898,https://g-search2.alicdn.com/img/bao/uploaded/i4/i3/3035493001/O1CN0198RuD11Y2VjpaLYzs_!!3035493001.jpg,1
仓鼠夏季冰丝凉席窝垫宠物窝金丝熊龙猫荷兰猪鹦鹉小宠圆形垫用品M¥37.75浙江金华包邮一尾猫,501,9年老店Bananain蕉内旗舰店,https://item.taobao.com/item.htm?id=1055543436585&skuId=6093835044380,https://g-search3.alicdn.com/img/bao/uploaded/i4/i4/2220130883122/O1CN01TTtBZG1Yvvezv9vZa_!!2220130883122.png,1
猫咪狗狗凉席宠物夏天夏季防暑降温神器大号冰窝冰丝垫子凉垫冰垫¥35.80浙江金华退货宝包邮公益宝贝肥猫肥狗,501,9年老店Bananain蕉内旗舰店,https://item.taobao.com/item.htm?id=730724836650&skuId=5579573503571,https://g-search1.alicdn.com/img/bao/uploaded/i4/i4/2216045409834/O1CN010koR962MW1pR0ihUk_!!2216045409834.png,1
宠物狗狗凉席夏天降温冰丝垫子法斗巴哥泰迪柯基比熊夏季睡垫凉垫¥10.80江苏淮安包邮回头客5千甜甜圈小法斗,501,9年老店Bananain蕉内旗舰店,https://item.taobao.com/item.htm?id=646073474288&skuId=4649641668708,https://g-search3.alicdn.com/img/bao/uploaded/i4/i1/111837644/O1CN017mSEQJ26L0D915SRc_!!111837644.jpg,1
夏季透气防滑宠物垫子狗狗凉垫凉席猫咪沙发垫降温汽车宠物垫子¥15.20广东广州包邮布林布林集合店,501,9年老店Bananain蕉内旗舰店,https://item.taobao.com/item.htm?id=1050650284121&skuId=6079345629700,https://g-search1.alicdn.com/img/bao/uploaded/i4/i4/2212824789565/O1CN01KX6jkE2KWpVYRurdG_!!2212824789565.jpg,1
宠物狗狗凉席冰丝垫子夏天降温凉垫泰迪法斗巴哥柯基比熊睡垫狗窝¥10.80江苏淮安包邮回头客5千甜甜圈小法斗,501,9年老店Bananain蕉内旗舰店,https://item.taobao.com/item.htm?id=647256218580&skuId=4667768901465,https://g-search3.alicdn.com/img/bao/uploaded/i4/i1/111837644/O1CN01V8JSKT26L0DARh09g_!!111837644.jpg,1
宠物冰垫凉窝凉席垫子狗窝猫咪夏季睡觉降温神器狗狗夏天睡垫凉垫¥20.80山东淄博退货宝极有家包邮回头客8千心心萌宠生活馆,501,9年老店Bananain蕉内旗舰店,https://item.taobao.com/item.htm?id=939526759557&skuId=6004579227214,https://g-search2.alicdn.com/img/bao/uploaded/i4/i2/2200674504286/O1CN01puOFLo1hX2bOa2tPr_!!2200674504286.jpg,1
狗窝四季通用凉席垫夏天夏季狗狗柯基比熊夏日狗床狗垫子猫窝睡垫¥42.20福建厦门包邮回头客20万柒哦宠物用品专营店,501,9年老店Bananain蕉内旗舰店,https://detail.tmall.com/item.htm?id=1035003603605&skuId=6063187545012,https://g-search3.alicdn.com/img/bao/uploaded/i4/i2/2215726356056/O1CN01uNaqdJ1ubhhkoXFTt_!!4611686018427385432-0-item_pic.jpg,1
兔子豆豆冰丝垫子夏季透气荷兰猪龙猫豚鼠宠物笼内降温凉席睡窝垫¥32.00浙江金华包邮公益宝贝回头客2千萌小呆的精致生活,501,9年老店Bananain蕉内旗舰店,https://item.taobao.com/item.htm?id=920023814499&skuId=5792641036971,https://g-search1.alicdn.com/img/bao/uploaded/i4/i1/3050981296/O1CN01mSjl991LRcM3HClh9_!!3050981296.jpg,1
仓鼠窝垫子冰丝凉席金丝熊荷兰猪蜜袋鼯专用睡窝夏天降温神器圆形¥24.80江苏无锡包邮回头客3千栗子清柠街,501,9年老店Bananain蕉内旗舰店,https://item.taobao.com/item.htm?id=1053613929684&skuId=6092651685904,https://g-search2.alicdn.com/img/bao/uploaded/i4/i1/2213774568877/O1CN015VjjnJ2FRj1BMMmfn_!!2213774568877.jpg,1
宠物冰垫狗狗夏天睡垫凉席垫子狗窝猫咪夏季睡觉降温神器凉窝凉垫¥15.90北京包邮韦禾宠物用品,501,9年老店Bananain蕉内旗舰店,https://item.taobao.com/item.htm?id=1056368520839&skuId=6095198600263,https://g-search1.alicdn.com/img/bao/uploaded/i4/i2/2218729098300/O1CN01gDwZ3Y2BBSUQBzuB9_!!2218729098300.jpg,1
仓鼠窝垫子冰丝凉席金丝熊荷兰猪蜜袋鼯专用睡窝夏天降温神器圆形¥30.76浙江金华包邮荣福商贸,501,9年老店Bananain蕉内旗舰店,https://item.taobao.com/item.htm?id=1053879789915&skuId=6092428392844,https://g-search2.alicdn.com/img/bao/uploaded/i4/i4/2210303927773/O1CN01kZPrqR27I5lHd3eU8_!!2210303927773.jpg,1
汽车坐垫四季通用夏季凉席蝴蝶结女神座垫网红亚麻透气车内座椅垫亚麻卡通风套装¥22.00浙江台州退货宝包邮7年老店bananaLv蕉绿车饰,501,9年老店Bananain蕉内旗舰店,https://item.taobao.com/item.htm?id=1046781943682&skuId=6240482098464,https://g-search2.alicdn.com/img/bao/uploaded/i4/i4/2637693150/O1CN01TFXYJ51Z8kkEzdtEQ_!!2637693150.jpg,1
日本夏季凉席猫窝狗窝四季通用可拆洗小型犬宠物凉窝狗狗睡觉用垫¥97.90江苏徐州退货宝包邮日本BaoL高端宠物俱乐部,501,9年老店Bananain蕉内旗舰店,https://item.taobao.com/item.htm?id=961117691569&skuId=6062942819045,https://g-search3.alicdn.com/img/bao/uploaded/i4/i4/2217922566450/O1CN012ZDvc61xW9hkXh0Vf_!!2217922566450.jpg,1
宠物凉垫小奶猫睡垫夏天降温冰垫猫垫子夏季冰丝垫凉席垫猫咪窝垫¥34.30浙江杭州包邮青柠甜叙,501,9年老店Bananain蕉内旗舰店,https://item.taobao.com/item.htm?id=1051740182110&skuId=6253012646200,https://g-search3.alicdn.com/img/bao/uploaded/i4/i3/2200736534034/O1CN016Y0ODN1ffcmK5iKDX_!!4611686018427383314-0-item_pic.jpg,1
夏季宠物冰垫狗狗凉席垫子猫咪冰丝凉窝降温透气防滑睡垫2026新款¥20.30陕西西安包邮园翌冠唯专卖店,501,9年老店Bananain蕉内旗舰店,https://detail.tmall.com/item.htm?id=1053789893013&skuId=6093034505857,https://g-search3.alicdn.com/img/bao/uploaded/i4/i2/O1CN01QQHgvg1GYsdOkZjc9_!!2212946920635-0-scmitem176000.jpg,1
夏季宠物冰垫狗狗凉席垫子猫咪冰丝凉窝降温透气防滑睡垫2026新款¥19.34广东广州包邮小宝的暖店,501,9年老店Bananain蕉内旗舰店,https://item.taobao.com/item.htm?id=1046645974597&skuId=6238311170377,https://g-search1.alicdn.com/img/bao/uploaded/i4/i4/2217522748185/O1CN01cPrjpq2AKmw3Q1wER_!!2217522748185.jpg,1
宠物冰垫夏天狗狗睡垫凉席猫咪夏季冰凉垫耐抓冰窝降温猫垫子防滑¥31.80浙江台州已补1.59元包邮回头客4千Darmee宠物严选,501,9年老店Bananain蕉内旗舰店,https://item.taobao.com/item.htm?id=772456887092&skuId=5290916361642,https://g-search1.alicdn.com/img/bao/uploaded/i4/i4/189935900/O1CN01DzqymJ1tSFikGCiRs_!!189935900.jpg,1
狗狗凉席宠物夏天睡垫猫咪凉垫狗垫子睡觉用狗窝地垫夏季降温冰垫¥39.60安徽蚌埠包邮回头客20万柒哦宠物用品专营店,501,9年老店Bananain蕉内旗舰店,https://detail.tmall.com/item.htm?id=1044048634423&skuId=6232409774927,https://g-search1.alicdn.com/img/bao/uploaded/i4/i3/2215726356056/O1CN01beiUvd1ubhi2LhNAC_!!4611686018427385432-0-item_pic.jpg,1
夏季宠物冰垫狗狗凉席垫子猫咪冰丝凉窝降温透气防滑睡垫2026新款¥19.80浙江金华包邮回头客3千晴天阴天差两天,501,9年老店Bananain蕉内旗舰店,https://item.taobao.com/item.htm?id=1039861926286&skuId=6060535325344,https://g-search3.alicdn.com/img/bao/uploaded/i4/i4/2214008093389/O1CN01H6k1Ce1auDOokRCSp_!!2214008093389.jpg,1
夏季宠物冰垫狗狗凉席垫子猫咪冰丝凉窝降温透气防滑睡垫2026新款¥10.67浙江杭州包邮奶雾漫过温柔街巷,501,9年老店Bananain蕉内旗舰店,https://item.taobao.com/item.htm?id=1047459135256&skuId=6077339684546,https://g-search3.alicdn.com/img/bao/uploaded/i4/i4/O1CN01UwSWd91NtDX5AbJsL_!!1955051627-0-scmitem176000.jpg,1
猫垫子四季通用冰丝凉席可拆洗小型犬睡觉的狗沙发香蕉床夏天宠物¥27.64河南周口包邮回头客3万宠宠爱睡觉旗舰店,501,9年老店Bananain蕉内旗舰店,https://detail.tmall.com/item.htm?id=1028527773213&skuId=6204906439510,https://g-search3.alicdn.com/img/bao/uploaded/i4/i1/2200693614688/O1CN01M6NYyo1kV9swgHO8t_!!4611686018427381856-0-item_pic.jpg,1
冰丝凉席坐垫简洁时尚舒适卡通可爱女士车内四季通用座椅透气车垫棉简约风格五座¥30.00浙江金华退货宝包邮7年老店bananaLv蕉绿车饰,501,9年老店Bananain蕉内旗舰店,https://item.taobao.com/item.htm?id=816844414622&skuId=5515357720612,https://g-search2.alicdn.com/img/bao/uploaded/i4/i1/2637693150/O1CN01t7tSO11Z8ka0ti0US_!!2637693150.jpg,1
宠物冰垫兔子夏季降温垫子趴趴垫猫咪狗狗凉席四季通用睡垫散热垫¥104.97广东深圳包邮回头客3万约本旗舰店,501,9年老店Bananain蕉内旗舰店,https://detail.tmall.com/item.htm?id=1055276536135&skuId=6258306014002,https://g-search3.alicdn.com/img/bao/uploaded/i4/i2/3020273833/O1CN01zTzCVr1eBZGM9dyRW_!!4611686018427386025-0-item_pic.jpg,1
宠物冰垫狗狗猫咪睡垫夏季狗垫子夏天猫垫狗窝凉席垫狗狗冰垫H¥89.90浙江金华包邮优优全球好物,501,9年老店Bananain蕉内旗舰店,https://item.taobao.com/item.htm?id=1052565155625&skuId=6093239320961,https://g-search3.alicdn.com/img/bao/uploaded/i4/i2/2220583528672/O1CN013FWQYu2DvppDRc0dm_!!2220583528672.jpg,1
宠物冰垫兔子夏季降温垫子趴趴垫猫咪狗狗凉席四季通用睡垫散热垫¥84.90浙江金华包邮回头客10万飞蓝谷旗舰店,501,9年老店Bananain蕉内旗舰店,https://detail.tmall.com/item.htm?id=1052879317635&skuId=6094182384960,https://img.alicdn.com/imgextra/i2/O1CN01KqSpjA1T4jQJdrJ8B_!!6000000002329-2-tps-64-32.png,1
日本MUJIQ Pet宠物凉席夏日冰垫四季通用可拆洗沙发床睡垫宠物窝¥410.00福建福州包邮日本进口宠物专柜店,501,9年老店Bananain蕉内旗舰店,https://item.taobao.com/item.htm?id=1048204530700&skuId=6242424974763,https://img.alicdn.com/imgextra/i3/O1CN01LvV0d41fjkGWg6iN6_!!6000000004043-2-tps-480-144.png,1
夏季宠物冰垫狗狗凉席垫子猫咪冰丝凉窝降温透气防滑睡垫2026新款¥12.00上海包邮LESS 生活优选,501,9年老店Bananain蕉内旗舰店,https://item.taobao.com/item.htm?id=1042673620529&skuId=6226978851143,https://img.alicdn.com/imgextra/i3/O1CN01LvV0d41fjkGWg6iN6_!!6000000004043-2-tps-480-144.png,1
仓鼠窝夏季降温冰丝凉垫透气宠物睡垫荷兰猪金丝熊龙猫小宠凉席窝S¥26.60浙江金华包邮5年老店喜乐购商贸城,501,9年老店Bananain蕉内旗舰店,https://item.taobao.com/item.htm?id=1050350836235&skuId=6077908608094,https://img.alicdn.com/imgextra/i3/O1CN01LvV0d41fjkGWg6iN6_!!6000000004043-2-tps-480-144.png,1
仓鼠窝垫宠物窝金丝熊夏季冰丝凉席龙猫荷兰猪鹦鹉小宠垫子用品¥9.80江苏常州包邮回头客6千滚滚的萌宠小粮仓,501,9年老店Bananain蕉内旗舰店,https://item.taobao.com/item.htm?id=707424072939&skuId=5897031309550,https://img.alicdn.com/imgextra/i3/O1CN01LvV0d41fjkGWg6iN6_!!6000000004043-2-tps-480-144.png,1
夏季宠物冰垫狗狗凉席垫子猫咪冰丝凉窝降温透气防滑睡垫2026新款¥13.28浙江杭州包邮回头客2千雾屿甜笙,501,9年老店Bananain蕉内旗舰店,https://item.taobao.com/item.htm?id=1047459019053&skuId=6242835095187,https://img.alicdn.com/imgextra/i3/O1CN01LvV0d41fjkGWg6iN6_!!6000000004043-2-tps-480-144.png,1
仓鼠窝夏季金丝熊专用冰丝凉席荷兰猪豚鼠夏天降温神器圆形深睡窝S¥13.50浙江金华包邮回头客7千竹林流沙画,501,9年老店Bananain蕉内旗舰店,https://item.taobao.com/item.htm?id=1053019369336&skuId=6089807037754,https://img.alicdn.com/imgextra/i3/O1CN01LvV0d41fjkGWg6iN6_!!6000000004043-2-tps-480-144.png,2
【周冬雨同款】蕉内凉皮501Cool凉感被子薄款透气夏可机洗空调被外套圆领2026年秋季¥239.00北京包邮公益宝贝小蕉正品代购,501,9年老店Bananain蕉内旗舰店,https://item.taobao.com/item.htm?id=906279713002,https://g-search2.alicdn.com/img/bao/uploaded/i4/i2/2075737889/O1CN01X99LDQ289Dbmvr76S_!!2075737889.jpg,1
刘浩存同款蕉内绒绒520H毛毯办公室午睡披肩空调毯沙发毯盖毯毯子秋冬空调毯热销榜·第4名¥299.00浙江杭州退货宝包邮9年老店Bananain蕉内旗舰店,501,9年老店Bananain蕉内旗舰店,https://detail.tmall.com/item.htm?id=816112022255,https://g-search2.alicdn.com/img/bao/uploaded/i4/i4/3035493001/O1CN01czQV4g1Y2VjpGAw8u_!!3035493001.jpg,1
蕉内2026春夏凉皮501C男女同款可机洗拼色凉被（1.5版）zz100%锦纶春夏夏凉被¥399.00北京包邮蕉家正品 严选好物,501,9年老店Bananain蕉内旗舰店,https://item.taobao.com/item.htm?id=1045244287179,https://g-search2.alicdn.com/img/bao/uploaded/i4/i1/2221171136116/O1CN01zFa5Cb1v3BTTeuUgz_!!2221171136116.jpg,1
蕉内 501Cool凉皮凉感被子A类毯子盖毯透气薄毯可机洗空调夏凉被10%氨纶+90%锦纶空调被/夏凉被¥419.00浙江温州包邮芭蕉树下妙享户外,501,9年老店Bananain蕉内旗舰店,https://item.taobao.com/item.htm?id=1045083249199,https://g-search3.alicdn.com/img/bao/uploaded/i4/i4/2218334003387/O1CN01H02u7C1atIbsD6Qgd_!!2218334003387.jpg,1
蕉内绒绒520Home超级市场毯子午睡办公室盖毯四季空调被披肩毛毯半边绒卡通通用¥544.20安徽淮北包邮tb9685468468163的小店83,501,9年老店Bananain蕉内旗舰店,https://item.taobao.com/item.htm?id=1001063469775,https://g-search3.alicdn.com/img/bao/uploaded/i4/i4/2220722375396/O1CN014w7Eh81pjQHSIaVZD_!!2220722375396.jpg,1
90%锦纶10%氨纶夏被躺岛蕉内待工厂夏凉被空调被可机洗凉感薄被子聚酯纤维空调被/夏凉被夏季被¥222.60广东佛山退货宝包邮旭设计馆1,501,9年老店Bananain蕉内旗舰店,https://item.taobao.com/item.htm?id=965225960452,https://g-search1.alicdn.com/img/bao/uploaded/i4/i1/O1CN01CnN5lC1zkvh0rPJr2_!!4611686018427380417-0-item_pic.jpg,1
蕉内凉皮501Cool凉感被子A类毯子盖毯透气薄毯可机洗空调被夏凉被10%氨纶+90%锦纶空调被/夏凉被夏凉被¥419.00广东广州包邮妙享户外精品,501,9年老店Bananain蕉内旗舰店,https://item.taobao.com/item.htm?id=1044128202499,https://g-search3.alicdn.com/img/bao/uploaded/i4/i2/2522316055/O1CN01Rqz0f51ubFJUDnSoS_!!2522316055.jpg,1
90%锦纶10%氨纶夏被躺岛蕉内待工厂夏凉被空调被可机洗凉感薄被子四季通用¥264.10广东深圳包邮灯旧工厂店02,501,9年老店Bananain蕉内旗舰店,https://item.taobao.com/item.htm?id=967270382211,https://g-search1.alicdn.com/img/bao/uploaded/i4/i3/2219664554878/O1CN01A7FXP61luB5ryLza6_!!2219664554878.jpg,1
蕉内凉皮501Cool深睡被凉感夏天被子A类凉被毯子薄毯空调被夏凉被夏季简约卧室¥724.20浙江台州退货宝包邮珮尚商贸的小店96,501,9年老店Bananain蕉内旗舰店,https://item.taobao.com/item.htm?id=1053733539372,https://g-search2.alicdn.com/img/bao/uploaded/i4/i1/2221376057074/O1CN01SnNmza227wufAmVeo_!!2221376057074.jpg,1
抱枕被子两用靠垫汽车用品多功能车载折叠二合一毯子车内空调被夏靠垫被卧室正方形¥160.00浙江温州退货宝包邮回头客6千希诺雅旗舰店,501,9年老店Bananain蕉内旗舰店,https://detail.tmall.com/item.htm?id=611633520992,https://g-search3.alicdn.com/img/bao/uploaded/i4/i1/852350718/O1CN01E021Df1HAt0a8e2vu_!!0-item_pic.jpg,1
蕉内绒绒320H男女同款7A抗菌秒吸水洗脸洗澡不掉毛新款珊瑚绒毛巾珊瑚绒毛巾¥49.00浙江杭州退货宝包邮9年老店Bananain蕉内旗舰店,501,9年老店Bananain蕉内旗舰店,https://detail.tmall.com/item.htm?id=961043743198,https://g-search3.alicdn.com/img/bao/uploaded/i4/i1/3035493001/O1CN01Smh9Ip1Y2VjpVyhzb_!!3035493001.jpg,1
蕉内棉棉500E新款吸水速干成人裹全身大毛巾抗菌男款纯棉女款浴巾入选抗菌浴巾热销榜¥159.00浙江杭州退货宝包邮9年老店Bananain蕉内旗舰店,501,9年老店Bananain蕉内旗舰店,https://detail.tmall.com/item.htm?id=627066998273,https://g-search1.alicdn.com/img/bao/uploaded/i4/i2/3035493001/O1CN01uIQ5Zi1Y2VjpzOHJO_!!3035493001.jpg,1
蕉内棉棉500E长绒棉浴巾成人纯棉大毛巾抗菌防异味棉布条500g¥159.00上海包邮14年老店天猫超市,501,9年老店Bananain蕉内旗舰店,https://detail.tmall.com/item.htm?id=979791462576,https://g-search3.alicdn.com/img/bao/uploaded/i4/i3/6000000003393/O1CN013cEykX1aw2zoQA1LG_!!6000000003393-0-sm.jpg,1
蕉内氮气301D运动游泳吸汗跑步吸水旅行透气健身男女网眼毛巾天猫超市运动毛巾热销榜·第4名¥49.00上海包邮14年老店天猫超市,501,9年老店Bananain蕉内旗舰店,https://detail.tmall.com/item.htm?id=979904153396,https://g-search1.alicdn.com/img/bao/uploaded/i4/i4/6000000007596/O1CN01f52xqY25z1f0EF7rB_!!6000000007596-0-sm.jpg,1
猫咪专用小被子宠物睡觉毛毯小猫舒适毯子保暖四季通用珊瑚绒睡毯¥57.60广东广州包邮蕉系旗舰店,501,9年老店Bananain蕉内旗舰店,https://detail.tmall.com/item.htm?id=979674136884,https://g-search3.alicdn.com/img/bao/uploaded/i4/i2/2219781241350/O1CN01RY9IoA1LqLmSQ4OeO_!!4611686018427386374-0-item_pic.jpg,1
精品蕉内绒绒520Home超级市场毯子午睡办公室盖毯四季空调被披肩半边绒卡通保暖¥530.00安徽芜湖30天价保退货宝包邮勐挎商贸的小店,501,9年老店Bananain蕉内旗舰店,https://item.taobao.com/item.htm?id=1040397014128,https://g-search2.alicdn.com/img/bao/uploaded/i4/i1/2222199953340/O1CN01sx1PRw2FAmDaau1dN_!!0-item_pic.jpg,1
蕉内棉棉3系浴巾男纯棉家用洗澡成人情侣一对全棉男吸水女士毛巾入选毛浴巾品牌店铺榜¥99.00浙江杭州退货宝包邮9年老店Bananain蕉内旗舰店,501,9年老店Bananain蕉内旗舰店,https://detail.tmall.com/item.htm?id=908617927332,https://gw.alicdn.com/imgextra/O1CN018JgYlx1Y2VjpUBh4q_!!3035493001.jpg,1
蕉内棉棉301Home毛巾男女纯棉家用情侣一对洗脸洗澡学生方巾家用纯棉面巾¥39.00浙江杭州退货宝包邮9年老店Bananain蕉内旗舰店,501,9年老店Bananain蕉内旗舰店,https://detail.tmall.com/item.htm?id=908607251310,https://g-search1.alicdn.com/img/bao/uploaded/i4/i1/3035493001/O1CN018MGdLe1Y2VjpUXq17_!!3035493001.jpg,1
蕉内棉棉3系毛巾纯棉家用洗澡情侣2件吸水速干不掉毛成人男款浴巾加厚浴巾热卖榜·第3名¥99.00浙江杭州退货宝包邮9年老店Bananain蕉内旗舰店,501,9年老店Bananain蕉内旗舰店,https://detail.tmall.com/item.htm?id=644377968576,https://g-search1.alicdn.com/img/bao/uploaded/i4/i2/3035493001/O1CN01qFeXxr1Y2VjpaJkgP_!!3035493001.jpg,1
蕉内棉棉515Home男士柔软家居女全棉吸水速干7A抗菌亲肤纯棉毛巾全棉面巾¥59.00浙江杭州退货宝包邮9年老店Bananain蕉内旗舰店,501,9年老店Bananain蕉内旗舰店,https://detail.tmall.com/item.htm?id=876433271557,https://g-search3.alicdn.com/img/bao/uploaded/i4/i4/3035493001/O1CN01EOLULm1Y2VjpUBDz8_!!3035493001.jpg,1
蕉内棉棉3系纯棉速干毛巾情侣吸水速干游泳成人男款运动速干浴巾¥99.00浙江杭州退货宝包邮9年老店Bananain蕉内旗舰店,501,9年老店Bananain蕉内旗舰店,https://detail.tmall.com/item.htm?id=1050674758291,https://g-search3.alicdn.com/img/bao/uploaded/i4/i2/3035493001/O1CN019TM5ha1Y2VjpaKckf_!!3035493001.jpg,1
衣服收纳箱整理袋子大容量装棉被子搬家神器衣物打包袋幼儿园防潮无纺布北欧成人¥19.90浙江金华包邮回头客5千居家佳生活馆,501,9年老店Bananain蕉内旗舰店,https://item.taobao.com/item.htm?id=801001358496,https://g-search3.alicdn.com/img/bao/uploaded/i4/i4/1856014619/O1CN01jo58G71jzYCM0OvtB_!!1856014619.jpg,1
书籍收纳箱可折叠放书神器资料整理箱学生教室装书箱子书本收纳盒塑料日式马卡龙色¥49.80广东揭阳包邮回头客1万沃福友旗舰店,501,9年老店Bananain蕉内旗舰店,https://detail.tmall.com/item.htm?id=637089216449,https://g-search1.alicdn.com/img/bao/uploaded/i4/i3/2200703454301/O1CN01CRAdVV1hduEiDUnn8_!!0-item_pic.jpg,1
蕉内棉棉301H毛巾纯棉家用洗澡加厚加大全棉吸水成人浴巾入选天猫超市成人浴巾好评榜¥116.00上海包邮14年老店天猫超市,501,9年老店Bananain蕉内旗舰店,https://detail.tmall.com/item.htm?id=1027232494551,https://g-search3.alicdn.com/img/bao/uploaded/i4/i3/6000000002819/O1CN01F4WOp81Wh9edhFvxE_!!6000000002819-0-sm.jpg,1
蕉内棉棉301H精梳棉浴巾洗澡7A抗菌家用条纹浴巾棉布条487g¥116.00上海包邮14年老店天猫超市,501,9年老店Bananain蕉内旗舰店,https://detail.tmall.com/item.htm?id=1029823690935,https://g-search3.alicdn.com/img/bao/uploaded/i4/i2/6000000004611/O1CN0182SeAo1jvtP6PjtZt_!!6000000004611-0-sm.jpg,1
蕉内棉棉301Home纯棉女士家用洗澡男士全棉吸水方巾防臭洗脸毛巾洗脸毛巾热卖榜·第1名¥39.00浙江杭州退货宝包邮9年老店Bananain蕉内旗舰店,501,9年老店Bananain蕉内旗舰店,https://detail.tmall.com/item.htm?id=645124706038,https://g-search3.alicdn.com/img/bao/uploaded/i4/i1/3035493001/O1CN01M1MnMV1Y2VjpT9Ce5_!!3035493001.jpg,1
蕉内棉棉515Home男士纯棉方巾居家洗脸女士洗澡吸水抗菌全棉浴巾入选毛浴巾品牌店铺榜¥159.00浙江杭州退货宝包邮9年老店Bananain蕉内旗舰店,501,9年老店Bananain蕉内旗舰店,https://detail.tmall.com/item.htm?id=876638262538,https://g-search3.alicdn.com/img/bao/uploaded/i4/i3/3035493001/O1CN015Gymew1Y2VjpaLtjy_!!3035493001.jpg,1
【王一博同款】蕉内氮气505Dry男女款速干抗菌吸汗透气运动毛巾毛巾¥59.00浙江杭州新品退货宝包邮9年老店Bananain蕉内旗舰店,501,9年老店Bananain蕉内旗舰店,https://detail.tmall.com/item.htm?id=889291770224,https://g-search2.alicdn.com/img/bao/uploaded/i4/i3/3035493001/O1CN01fWFy551Y2VjpZpfxH_!!3035493001.jpg,1
蕉内棉棉500E男女同款毛巾纯棉家用洗脸洗澡洗浴吸水亲肤抗菌面巾纯棉面巾¥59.00浙江杭州退货宝包邮9年老店Bananain蕉内旗舰店,501,9年老店Bananain蕉内旗舰店,https://detail.tmall.com/item.htm?id=627354519620,https://g-search1.alicdn.com/img/bao/uploaded/i4/i2/3035493001/O1CN01ZU3o641Y2VjpWP5ql_!!3035493001.jpg,1
蕉内棉棉301Home精梳棉纯棉毛巾洗脸洗澡7A抗菌不易掉毛旅行毛巾非一次性2024年冬季¥46.00上海包邮14年老店天猫超市,501,9年老店Bananain蕉内旗舰店,https://detail.tmall.com/item.htm?id=1028948760969,https://gw.alicdn.com/tfs/TB1LWu6fbH1gK0jSZFwXXc7aXXa-135-42.png,1
蕉内棉棉506Sleep男女同款缓解疲劳办公午睡凉感遮光深睡睡眠眼罩睡眠眼罩灰色¥79.00浙江杭州新品退货宝包邮9年老店Bananain蕉内旗舰店,501,9年老店Bananain蕉内旗舰店,https://detail.tmall.com/item.htm?id=888658083603,https://gw.alicdn.com/imgextra/i4/O1CN01Yj7zr21OZLys1Ss8M_!!6000000001719-2-tps-279-42.png,1
【特惠捡漏低至3折起】蕉内防晒衣服男女凉皮速干外套凉感透气夏100+直筒型男女通用¥359.00浙江杭州退货宝包邮回头客6万Bananain蕉内奥莱店,501,9年老店Bananain蕉内旗舰店,https://item.taobao.com/item.htm?id=1046751090529,https://img.alicdn.com/imgextra/i3/O1CN01LvV0d41fjkGWg6iN6_!!6000000004043-2-tps-480-144.png,1
（特价清仓）盖巾凉席床单 非遗工艺纯手织粗布纯棉三件套四件套全棉纯色¥89.00山东济南包邮奶奶家的手工老粗布  仅此一家,501,9年老店Bananain蕉内旗舰店,https://item.taobao.com/item.htm?id=773434054454,https://img.alicdn.com/imgextra/i3/O1CN01LvV0d41fjkGWg6iN6_!!6000000004043-2-tps-480-144.png,1
耐阴常绿花卉室内外庭院地被矮生花草葱兰苗风雨兰宿根寒花园植物¥5.80江苏宿迁包邮12年老店花仙子种业,501,9年老店Bananain蕉内旗舰店,https://item.taobao.com/item.htm?id=722704920572,https://img.alicdn.com/imgextra/i3/O1CN01LvV0d41fjkGWg6iN6_!!6000000004043-2-tps-480-144.png,1
汽车头枕靠枕颈枕 车载车内头枕车用 护颈枕一对清仓两用抱枕被合成纤维四季通用合成纤维¥40.00浙江杭州包邮回头客7千佰利红叶车品旗舰店,501,9年老店Bananain蕉内旗舰店,https://detail.tmall.com/item.htm?id=673377222663,https://img.alicdn.com/imgextra/i2/O1CN01KqSpjA1T4jQJdrJ8B_!!6000000002329-2-tps-64-32.png,2
车用纯棉抱枕被子两用2025新款全棉汽车午睡枕头毯子二合一空调被简约棉车载¥54.00江苏南通退货宝包邮11年老店抱枕被办公室礼品,501,9年老店Bananain蕉内旗舰店,https://item.taobao.com/item.htm?id=945197313191,https://img.alicdn.com/imgextra/i3/O1CN01LvV0d41fjkGWg6iN6_!!6000000004043-2-tps-480-144.png,2
手提纯棉两用抱枕被靠垫枕头午休空调夏被全棉汽车沙发办公室午睡可爱棉办公区¥66.00江苏南通退货宝包邮12年老店抱枕被(11年宝藏老店),501,9年老店Bananain蕉内旗舰店,https://item.taobao.com/item.htm?id=1033279549509,https://img.alicdn.com/imgextra/i3/O1CN01LvV0d41fjkGWg6iN6_!!6000000004043-2-tps-480-144.png,2
车载睡觉枕头抱枕被子两用车用护肩套汽车儿童靠枕护颈枕车内用品车用抱枕四季通用¥128.00浙江金华包邮回头客2万艾布与棉花旗舰店,501,9年老店Bananain蕉内旗舰店,https://detail.tmall.com/item.htm?id=604514023219,https://img.alicdn.com/imgextra/i2/O1CN01KqSpjA1T4jQJdrJ8B_!!6000000002329-2-tps-64-32.png,2
真丝抱枕被子两用办公室午睡四季毯子二合一汽车内靠垫枕头车载被¥123.90广东深圳包邮广漫枝可迪专卖店,501,9年老店Bananain蕉内旗舰店,https://detail.tmall.com/item.htm?id=1016695691450,https://img.alicdn.com/imgextra/i2/O1CN01KqSpjA1T4jQJdrJ8B_!!6000000002329-2-tps-64-32.png,2
一次性三四件套床单被罩毛浴巾浴袍裙袜子内裤泡澡袋雨衣隔脏旅行¥4.80广东广州包邮公益宝贝蕉图旅行用品,501,9年老店Bananain蕉内旗舰店,https://item.taobao.com/item.htm?id=740781678242,https://img.alicdn.com/imgextra/i3/O1CN01LvV0d41fjkGWg6iN6_!!6000000004043-2-tps-480-144.png,2
【刘浩存同款】蕉内深睡512S女士恒温亨利领家居套装5A抗菌家居服短袖春季2026年春季¥259.00浙江杭州退货宝包邮回头客6万Bananain蕉内奥莱店,512,回头客6万Bananain蕉内奥莱店,https://item.taobao.com/item.htm?id=1025901645385,https://g-search1.alicdn.com/img/bao/uploaded/i4/i2/1054195167/O1CN01m1EPED1o2XcGQIpSJ-1054195167.jpg,1
蕉内氮气505Dry家居服吸汗速干短袖男士睡衣套装2026新款睡衣春夏中年圆领短袖¥239.00浙江杭州新品退货宝包邮回头客6万Bananain蕉内奥莱店,512,回头客6万Bananain蕉内奥莱店,https://item.taobao.com/item.htm?id=893293892712,https://g-search2.alicdn.com/img/bao/uploaded/i4/i2/1054195167/O1CN01wznh8W1o2XcGJymo8-1054195167.jpg,1
刘浩存同款蕉内睡衣女款夏丝丝520HPets冰丝带胸垫家居服套装女士翻领短袖四季通用¥329.90浙江杭州包邮6年老店官芳正品严选店,512,回头客6万Bananain蕉内奥莱店,https://item.taobao.com/item.htm?id=1048611768272,https://g-search2.alicdn.com/img/bao/uploaded/i4/i2/3237756720/O1CN01c0TT7I1zVohP39Ysj_!!3237756720.jpg,1
蕉内棉棉301H男女士睡衣纯棉翻领情侣款夏带杯垫家居服套装两件套青年翻领对襟¥259.00浙江杭州退货宝包邮回头客6万Bananain蕉内奥莱店,512,回头客6万Bananain蕉内奥莱店,https://item.taobao.com/item.htm?id=885736342922,https://g-search3.alicdn.com/img/bao/uploaded/i4/i1/1054195167/O1CN01PgSbIz1o2XcFwYDa4-1054195167.jpg,1
刘浩存同款蕉内丝丝520H冰丝家居服情侣睡衣夏新款短袖带杯垫套装中老年短袖四季通用¥299.00浙江杭州退货宝包邮回头客6万Bananain蕉内奥莱店,512,回头客6万Bananain蕉内奥莱店,https://item.taobao.com/item.htm?id=893294072692,https://g-search2.alicdn.com/img/bao/uploaded/i4/i3/1054195167/O1CN017Xtdu51o2XcGQKdmu-1054195167.jpg,1
蕉内丝丝515H女士家居服2026新款冰丝凉感短袖短裤套装两件套睡衣青年前扣短袖¥279.00浙江杭州退货宝包邮回头客6万Bananain蕉内奥莱店,512,回头客6万Bananain蕉内奥莱店,https://item.taobao.com/item.htm?id=787636507932,https://g-search3.alicdn.com/img/bao/uploaded/i4/i2/1054195167/O1CN01k14oHP1o2XcGBjrpF-1054195167.jpg,1
蕉内棉棉506Sleep家居服套装男士莫代尔情侣女款夏季2026新款睡衣圆领套头短袖¥239.90浙江杭州包邮6年老店官芳正品严选店,512,回头客6万Bananain蕉内奥莱店,https://item.taobao.com/item.htm?id=1036580749680,https://g-search1.alicdn.com/img/bao/uploaded/i4/i1/3237756720/O1CN01p0xeyh1zVohIn9Dsw_!!3237756720.jpg,1
蕉内2026春夏丝丝520Home Pets男士冰丝家居服可外穿短袖新款睡衣翻领短袖夏季¥299.00北京包邮蕉家正品 严选好物,512,回头客6万Bananain蕉内奥莱店,https://item.taobao.com/item.htm?id=1039926677778,https://g-search1.alicdn.com/img/bao/uploaded/i4/i4/2221171136116/O1CN013NU7YC1v3BTEtdSUE_!!2221171136116.jpg,1
蕉内睡衣棉棉301Home家居服套装男士纯棉长袖情侣衣服带杯女春夏情侣翻领对襟¥229.90浙江杭州包邮6年老店官芳正品严选店,512,回头客6万Bananain蕉内奥莱店,https://item.taobao.com/item.htm?id=981608386655,https://g-search3.alicdn.com/img/bao/uploaded/i4/i2/3237756720/O1CN01eLIiRP1zVohFiSxrP_!!3237756720.jpg,1
蕉内棉棉305Home纯棉家居服女士可外穿条纹短袖全棉清爽睡衣套装天猫超市睡衣套装好评榜·第7名¥219.00上海包邮14年老店天猫超市,512,回头客6万Bananain蕉内奥莱店,https://detail.tmall.com/item.htm?id=1040577994013,https://g-search3.alicdn.com/img/bao/uploaded/i4/i3/6000000005778/O1CN01hgH0Rz1sYNc3JjFay_!!6000000005778-0-sm.jpg,1
蕉内棉棉301Home男士家居服纯棉情侣带胸垫女款睡衣2026新款夏季翻领纽扣长袖¥259.90浙江杭州包邮6年老店官芳正品严选店,512,回头客6万Bananain蕉内奥莱店,https://item.taobao.com/item.htm?id=1035983151001,https://g-search3.alicdn.com/img/bao/uploaded/i4/i1/3237756720/O1CN011PSVsT1zVohGx4PdF_!!3237756720.jpg,1
刘浩存同款|蕉内棉棉520H女家居服套装格纹2026新款撞色薄款睡衣娃娃领短袖夏季¥329.00浙江杭州退货宝包邮回头客6万Bananain蕉内奥莱店,512,回头客6万Bananain蕉内奥莱店,https://item.taobao.com/item.htm?id=1025818000899,https://g-search3.alicdn.com/img/bao/uploaded/i4/i2/1054195167/O1CN01iQRWQ11o2XcFrvLJm-1054195167.jpg,1
3件|蕉内小凉皮508Cool男童内裤纯棉透气裆薄四角裤莫代尔儿童蕉内儿童内裤热卖榜·第9名¥119.00浙江杭州退货宝包邮9年老店Bananain蕉内旗舰店,512,回头客6万Bananain蕉内奥莱店,https://detail.tmall.com/item.htm?id=888030281516,https://g-search2.alicdn.com/img/bao/uploaded/i4/i2/3035493001/O1CN01sHjEhk1Y2VjpOaTsP_!!3035493001.jpg,1
蕉内棉棉509H男士睡衣两件套春春棉感仿牛仔净色长袖长裤家居套装青年圆领长袖¥359.00浙江杭州退货宝包邮回头客6万Bananain蕉内奥莱店,512,回头客6万Bananain蕉内奥莱店,https://item.taobao.com/item.htm?id=1011536831882,https://g-search3.alicdn.com/img/bao/uploaded/i4/i1/1054195167/O1CN01vo12dX1o2XcGQGx1l-1054195167.jpg,1
【刘浩存同款】蕉内棉棉520H家居服棉感套装泡泡纱格撞色格纹短袖娃娃领薄款短袖¥329.00上海包邮14年老店天猫超市,512,回头客6万Bananain蕉内奥莱店,https://detail.tmall.com/item.htm?id=1055715648555,https://g-search3.alicdn.com/img/bao/uploaded/i4/i4/6000000004284/O1CN01khnOAn1hW7tGvxosQ_!!6000000004284-0-sm.jpg,1
蕉内棉棉305H棉感睡衣女春夏款短袖长袖休闲家居服套装舒适两件套情侣圆领套头¥179.00浙江杭州退货宝包邮回头客6万Bananain蕉内奥莱店,512,回头客6万Bananain蕉内奥莱店,https://item.taobao.com/item.htm?id=769773167878,https://g-search2.alicdn.com/img/bao/uploaded/i4/i3/1054195167/O1CN01taeNti1o2XcGfmpYU-1054195167.jpg,1
【刘浩存同款】蕉内睡衣女款丝丝520HPets冰丝带胸垫家居服女士夏翻领短袖四季通用¥329.90浙江杭州包邮6年老店官芳正品严选店,512,回头客6万Bananain蕉内奥莱店,https://item.taobao.com/item.htm?id=1047749208337,https://g-search2.alicdn.com/img/bao/uploaded/i4/i3/3237756720/O1CN01RmvO071zVohLPOwPs_!!3237756720.jpg,1
蕉内2026春夏氮气505Dry女士速干轻运动圆领短袖长裤家居套装圆领短袖春季¥279.00北京包邮蕉家正品 严选好物,512,回头客6万Bananain蕉内奥莱店,https://item.taobao.com/item.htm?id=1039823467577,"https://g-search2.alicdn.com/img/bao/uploaded/i4/i2/2221171136116/O1CN01NC1DE51v3BTHIRAVK~crop,0,12,457,457~_!!2221171136116.png",1
蕉内男士睡衣夏棉棉506Sleep男款家居服套装莫代尔冰丝凉感丝滑男青年圆领套头¥219.90浙江杭州包邮6年老店官芳正品严选店,512,回头客6万Bananain蕉内奥莱店,https://item.taobao.com/item.htm?id=910905881885,https://g-search3.alicdn.com/img/bao/uploaded/i4/i2/3237756720/O1CN01EbCxxs1zVohGXXhPB_!!3237756720.jpg,1
【叶一飞同款】蕉内银皮501Air男士内裤10A抗菌时尚舒适短裤3件装莫代尔抗菌平角裤¥159.00浙江杭州退货宝包邮回头客6万Bananain蕉内奥莱店,512,回头客6万Bananain蕉内奥莱店,https://item.taobao.com/item.htm?id=1014356303833,https://g-search3.alicdn.com/img/bao/uploaded/i4/i2/1054195167/O1CN01d5PS3E1o2XcHf7FPD-1054195167.jpg,1
蕉内2026春内丝丝520Home男士冰丝缎面刺绣超级市场短袖短裤套装POLO领短袖夏季¥299.00北京包邮蕉家正品 严选好物,512,回头客6万Bananain蕉内奥莱店,https://item.taobao.com/item.htm?id=1038980138207,https://g-search2.alicdn.com/img/bao/uploaded/i4/i3/2221171136116/O1CN01R0oMBR1v3BTCz7Jey_!!2221171136116.jpg,1
蕉内凉皮506CA内衣女美背文胸细肩带粉底液隐形无痕透气薄款胸罩入选零压感内衣店铺榜¥199.00浙江杭州退货宝包邮9年老店Bananain蕉内旗舰店,512,回头客6万Bananain蕉内奥莱店,https://detail.tmall.com/item.htm?id=766572542286,https://g-search2.alicdn.com/img/bao/uploaded/i4/i3/3035493001/O1CN01akOzIz1Y2Vjpywx3X_!!3035493001.jpg,1
蕉内2026春夏深睡512Sleep女士恒温亨利领提花短袖长裤家居套装短袖夏季长裤¥299.00北京包邮蕉家正品 严选好物,512,回头客6万Bananain蕉内奥莱店,https://item.taobao.com/item.htm?id=1039859771632,https://g-search3.alicdn.com/img/bao/uploaded/i4/i2/2221171136116/O1CN01qzuK891v3BTH85riC_!!2221171136116.jpg,1
蕉内棉棉520Home超级市场男士速干短袖家居服短袖情侣睡衣女款夏圆领短袖夏季¥259.00浙江杭州退货宝包邮回头客6万Bananain蕉内奥莱店,512,回头客6万Bananain蕉内奥莱店,https://item.taobao.com/item.htm?id=1036741845456,https://g-search1.alicdn.com/img/bao/uploaded/i4/i4/1054195167/O1CN01I5lAmA1o2XcFw29C1-1054195167.jpg,1
蕉内2026春夏凉皮501Cool男士速干冰丝网眼短袖短裤家居服POLO领短袖春季¥259.00北京包邮蕉家正品 严选好物,512,回头客6万Bananain蕉内奥莱店,https://item.taobao.com/item.htm?id=1039910081690,https://g-search3.alicdn.com/img/bao/uploaded/i4/i1/2221171136116/O1CN01Mu2cog1v3BTF8wIKN_!!2221171136116.jpg,1
蕉内2026春夏氮气505Dry女士速干轻运动圆领短袖短裤家居套装圆领短袖夏季¥259.00北京包邮蕉家正品 严选好物,512,回头客6万Bananain蕉内奥莱店,https://item.taobao.com/item.htm?id=1041480813510,"https://g-search2.alicdn.com/img/bao/uploaded/i4/i2/2221171136116/O1CN01gw8bUA1v3BTICZkLI~crop,35,16,295,295~_!!2221171136116.png",1
【所有女生的衣橱直播间】蕉内520H男女缎面Pets Pets家居套装情侣翻领短袖¥299.00浙江杭州退货宝包邮9年老店Bananain蕉内旗舰店,512,回头客6万Bananain蕉内奥莱店,https://detail.tmall.com/item.htm?id=1044961315403,https://g-search3.alicdn.com/img/bao/uploaded/i4/i3/3035493001/O1CN01n1FnH01Y2VjlPDCF8_!!4611686018427384457-0-item_pic.jpg,1
蕉内棉棉301Home纯棉毛巾洗澡全棉吸水防臭7A抗菌洗脸毛巾天猫超市洗脸毛巾热销榜·第6名¥46.00上海包邮14年老店天猫超市,3,9年老店Bananain蕉内旗舰店,https://detail.tmall.com/item.htm?id=1029184127353,https://g-search3.alicdn.com/img/bao/uploaded/i4/i1/6000000005021/O1CN01t4WXBV1mxfn6L9w8c_!!6000000005021-0-sm.jpg,1
蕉内棉棉3系毛巾女100%纯棉家用洗脸洗澡全棉吸水抗菌洗浴毛巾男纯棉面巾¥39.00浙江杭州退货宝回头客6万Bananain蕉内奥莱店,3,9年老店Bananain蕉内旗舰店,https://item.taobao.com/item.htm?id=765722409683,https://g-search3.alicdn.com/img/bao/uploaded/i4/i1/1054195167/O1CN01iGANn51o2XcFrwHda-1054195167.jpg,1
蕉内男士家居女士全棉吸水节日好运亲肤纯棉家用擦脸毛巾抗菌无袖圆领¥69.00浙江杭州退货宝9年老店Bananain蕉内旗舰店,3,9年老店Bananain蕉内旗舰店,https://detail.tmall.com/item.htm?id=1002224227858,https://g-search3.alicdn.com/img/bao/uploaded/i4/i3/3035493001/O1CN01MLN3TY1Y2ViMEVQri_!!4611686018427384457-0-item_pic.jpg,1
蕉内棉棉515Home男女7A抑菌毛巾纯棉家用洗脸洗澡全棉吸水手巾全棉面巾¥59.00浙江杭州退货宝回头客6万Bananain蕉内奥莱店,3,9年老店Bananain蕉内旗舰店,https://item.taobao.com/item.htm?id=886444289152,https://gw.alicdn.com/imgextra/O1CN01hCpS6Y1o2XcBY4qRB_!!1054195167-0-yinheaigc.jpg,1
蕉内棉棉520H纯棉男女全棉可爱印花家用洗脸纯棉洗澡抗菌方巾毛巾入选毛浴巾品牌店铺榜¥69.00浙江杭州退货宝包邮9年老店Bananain蕉内旗舰店,3,9年老店Bananain蕉内旗舰店,https://detail.tmall.com/item.htm?id=832045352864,https://g-search3.alicdn.com/img/bao/uploaded/i4/i4/3035493001/O1CN014n1N4N1Y2VjpzPYIO_!!3035493001.jpg,1
蕉内红色计划520H马年伴手礼吸水纯棉过年喜庆马上好本命年毛巾全棉毛巾¥69.00浙江杭州退货宝包邮9年老店Bananain蕉内旗舰店,3,9年老店Bananain蕉内旗舰店,https://detail.tmall.com/item.htm?id=987948154016,https://g-search1.alicdn.com/img/bao/uploaded/i4/i1/3035493001/O1CN01ywoeYi1Y2VjpEKpT8_!!3035493001.jpg,1
蕉内氮气301D男女速干轻运动吸汗户外快干降温抗菌简约网眼毛巾全棉面巾¥49.00浙江杭州退货宝回头客6万Bananain蕉内奥莱店,3,9年老店Bananain蕉内旗舰店,https://item.taobao.com/item.htm?id=955671097907,https://g-search3.alicdn.com/img/bao/uploaded/i4/i4/1054195167/O1CN01Mf0vMy1o2XcGIebno-1054195167.jpg,1
蕉内棉棉520H纯棉毛巾可爱印花家用洗脸纯棉洗澡抗菌全棉方巾非一次性2025年秋季¥69.00上海包邮14年老店天猫超市,3,9年老店Bananain蕉内旗舰店,https://detail.tmall.com/item.htm?id=980209885563,https://g-search3.alicdn.com/img/bao/uploaded/i4/i1/6000000002854/O1CN01ezT9Fh1WxBW4sq2du_!!6000000002854-0-sm.jpg,1
蕉内5系男吸水家居女全棉吸水好运送礼伴手礼纯棉99元任选毛巾全棉面巾¥69.00浙江杭州退货宝包邮9年老店Bananain蕉内旗舰店,3,9年老店Bananain蕉内旗舰店,https://detail.tmall.com/item.htm?id=1004458923559,https://g-search2.alicdn.com/img/bao/uploaded/i4/i3/3035493001/O1CN01abzx1S1Y2VhqkJzCO_!!4611686018427384457-0-item_pic.jpg,1
【王一博同款】蕉内棉棉709Home抑菌方巾居家纯棉吸水浴室大毛巾纯棉毛巾¥79.00浙江杭州退货宝包邮9年老店Bananain蕉内旗舰店,3,9年老店Bananain蕉内旗舰店,https://detail.tmall.com/item.htm?id=878745091625,https://g-search2.alicdn.com/img/bao/uploaded/i4/i1/3035493001/O1CN01kf7TuU1Y2VjpTew34_!!3035493001.jpg,1
蕉内棉棉515Home男士柔软家居女全棉吸水速干7A抗菌亲肤纯棉毛巾非一次性2025年秋季¥69.00上海包邮14年老店天猫超市,3,9年老店Bananain蕉内旗舰店,https://detail.tmall.com/item.htm?id=1000005276630,https://g-search3.alicdn.com/img/bao/uploaded/i4/i2/6000000003911/O1CN0126huIk1elI9qr4Vwm_!!6000000003911-0-sm.jpg,1
蕉内红色计划515Home男女同款7A抗菌瞬吸基础图案毛巾纯棉不掉毛¥69.00浙江杭州退货宝回头客6万Bananain蕉内奥莱店,3,9年老店Bananain蕉内旗舰店,https://item.taobao.com/item.htm?id=985071538075,https://g-search3.alicdn.com/img/bao/uploaded/i4/i1/1054195167/O1CN01HhjJ7L1o2XcHf31P2-1054195167.jpg,1
蕉内绒绒520Home毛巾7A抑菌可爱玩偶方巾浴室厨房吸水擦手巾马卡龙色10736660051¥89.00江苏苏州退货宝包邮9年老店Bananain蕉内旗舰店,3,9年老店Bananain蕉内旗舰店,https://detail.tmall.com/item.htm?id=994569399230,https://gw.alicdn.com/imgextra/i4/O1CN01Yj7zr21OZLys1Ss8M_!!6000000001719-2-tps-279-42.png,1
蕉内501H干发巾女士超强吸水速干擦头发毛巾包头巾浴帽成人干发帽通用coulorful大众¥49.00浙江杭州退货宝包邮9年老店Bananain蕉内旗舰店,3,9年老店Bananain蕉内旗舰店,https://detail.tmall.com/item.htm?id=961120743402,https://img.alicdn.com/imgextra/i2/O1CN01KqSpjA1T4jQJdrJ8B_!!6000000002329-2-tps-64-32.png,1
一件装|蕉内绒绒320H男女同款7A抗菌秒吸水洗脸洗澡不掉毛新款珊非一次性2025年秋季¥49.00上海包邮14年老店天猫超市,3,9年老店Bananain蕉内旗舰店,https://detail.tmall.com/item.htm?id=979179962521,https://gw.alicdn.com/imgextra/i4/O1CN01Yj7zr21OZLys1Ss8M_!!6000000001719-2-tps-279-42.png,1
蕉内绒绒520H7A抗菌无异味可爱玩偶方巾浴室厨房吸水擦手巾毛巾聚酯纤维100%方巾¥89.00江苏苏州退货宝包邮9年老店Bananain蕉内旗舰店,3,9年老店Bananain蕉内旗舰店,https://detail.tmall.com/item.htm?id=1017392045556,https://gw.alicdn.com/imgextra/i4/O1CN01Yj7zr21OZLys1Ss8M_!!6000000001719-2-tps-279-42.png,1
蕉内绒绒520Home毛巾7A抑菌可爱玩偶方巾浴室厨房吸水擦手巾马卡龙色10736660051¥89.00江苏苏州退货宝包邮9年老店Bananain蕉内旗舰店,3,9年老店Bananain蕉内旗舰店,https://detail.tmall.com/item.htm?id=1018132249547,https://gw.alicdn.com/imgextra/i4/O1CN01Yj7zr21OZLys1Ss8M_!!6000000001719-2-tps-279-42.png,1
蕉内520H干发巾女士超强吸水速干擦头发毛巾包头巾浴帽成人干发帽入选天猫超市干发帽好评榜¥59.00上海包邮14年老店天猫超市,3,9年老店Bananain蕉内旗舰店,https://detail.tmall.com/item.htm?id=979870222541,https://gw.alicdn.com/imgextra/i4/O1CN01Yj7zr21OZLys1Ss8M_!!6000000001719-2-tps-279-42.png,1
蕉内绒绒520H女士新款干发巾洗头包头巾可爱吸水珊瑚绒浴帽干发帽通用软萌治愈系大众¥59.00浙江杭州退货宝包邮9年老店Bananain蕉内旗舰店,3,9年老店Bananain蕉内旗舰店,https://detail.tmall.com/item.htm?id=955706465096,https://gw.alicdn.com/imgextra/i4/O1CN01Yj7zr21OZLys1Ss8M_!!6000000001719-2-tps-279-42.png,1
蕉内501H干发帽女士强吸水速干浴帽擦头发毛巾包头巾长发干发巾天猫超市干发帽好评榜·第10名¥49.00上海包邮14年老店天猫超市,3,9年老店Bananain蕉内旗舰店,https://detail.tmall.com/item.htm?id=996607158575,https://gw.alicdn.com/tfs/TB1LWu6fbH1gK0jSZFwXXc7aXXa-135-42.png,1
蕉内棉棉515Home女士浴巾7A抑菌全棉男士家用洗澡加大加厚强吸水全棉¥159.00浙江杭州退货宝包邮回头客6万Bananain蕉内奥莱店,3,9年老店Bananain蕉内旗舰店,https://item.taobao.com/item.htm?id=885820579042,https://gw.alicdn.com/imgextra/O1CN01at0eaj1o2XcBY1cqe_!!1054195167-0-yinheaigc.jpg,1
蕉内501H干发帽女士强吸水速干浴帽擦头发毛巾包头巾长发干发巾长发马卡龙色大众¥49.00浙江杭州退货宝回头客6万Bananain蕉内奥莱店,3,9年老店Bananain蕉内旗舰店,https://item.taobao.com/item.htm?id=769752446746,https://g-search3.alicdn.com/img/bao/uploaded/i4/i3/1054195167/O1CN01RSN85m1o2XYHVyO3T_!!1054195167.jpg,1
蕉内棉棉500E女款全棉新款吸水成人大速干毛巾女款纯棉男款浴巾棉布条500g¥159.00上海包邮14年老店天猫超市,3,9年老店Bananain蕉内旗舰店,https://detail.tmall.com/item.htm?id=998481682480,https://g-search3.alicdn.com/img/bao/uploaded/i4/i2/6000000006367/O1CN01EkACWc1wu8ta6ye7G_!!6000000006367-0-sm.jpg,1
蕉图出行包一次性的旅行用品出门旅游套装浴巾毛巾内裤袜子马桶垫无纺布一次性¥18.80广东广州退货宝包邮9年老店JOYTOUR,3,9年老店Bananain蕉内旗舰店,https://item.taobao.com/item.htm?id=1027687995712,https://g-search3.alicdn.com/img/bao/uploaded/i4/i3/3024276772/O1CN016SMcLd1ztdHeyKSXd_!!3024276772.jpg,1
蕉内5系干发巾女士超强吸水速干抗阴干毛巾包头巾浴帽成人干发帽干发毛巾热卖榜·第6名¥49.00浙江杭州退货宝包邮9年老店Bananain蕉内旗舰店,3,9年老店Bananain蕉内旗舰店,https://detail.tmall.com/item.htm?id=697363184820,https://gw.alicdn.com/imgextra/O1CN01uCQ1dH1Y2VjpUDm5h_!!3035493001-0-yinheaigc.jpg,1
国内现货 日本 东京香蕉 Tokyo banana 周年限定玩偶毛巾浴巾日本¥78.00江苏苏州14年老店AYNI茶屋,3,9年老店Bananain蕉内旗舰店,https://item.taobao.com/item.htm?id=962451311578,https://g-search1.alicdn.com/img/bao/uploaded/i4/i3/416176696/O1CN01WlzMGU1zKp92MZDLT_!!416176696.jpg,1
蕉内棉棉500E毛巾女纯棉家用洗脸洗澡洗浴毛巾男全棉吸水亲肤抗菌纯棉面巾¥88.70广东广州包邮绵羊的小店666,3,9年老店Bananain蕉内旗舰店,https://item.taobao.com/item.htm?id=803413099419,https://g-search3.alicdn.com/img/bao/uploaded/i4/i1/3035493001/O1CN01Jn2nPL1Y2VVoAYckJ_!!3035493001.jpg,1
蕉内棉棉700男女同款华夫格直襟浴袍舒适纯棉吸水可穿式浴巾情侣秋季情侣2025年秋季¥359.00浙江杭州退货宝包邮回头客6万Bananain蕉内奥莱店,3,9年老店Bananain蕉内旗舰店,https://item.taobao.com/item.htm?id=962349193066,https://g-search2.alicdn.com/img/bao/uploaded/i4/i1/1054195167/O1CN01Z78RhD1o2XcGIdOxk-1054195167.jpg,1
蕉内棉棉3系浴巾纯棉女家用洗澡可穿加大加厚男全棉吸水男士2件装棉布纯色¥140.00湖南衡阳退货宝包邮朗润商贸,3,9年老店Bananain蕉内旗舰店,https://item.taobao.com/item.htm?id=995303319413,https://g-search3.alicdn.com/img/bao/uploaded/i4/i4/2219587266353/O1CN01c4O7tr1wnjIhHqAnp_!!4611686018427381553-0-item_pic.jpg,1
蕉内浴巾条纹纯棉家用洗澡加大加厚纯棉吸水成人男女通用毛巾棉布成人纯色¥130.80广东广州包邮乐淘集888,3,9年老店Bananain蕉内旗舰店,https://item.taobao.com/item.htm?id=968668442577,https://g-search3.alicdn.com/img/bao/uploaded/i4/i1/2219366981279/O1CN01TkSi171LJpeeMcBuq_!!2219366981279.jpg,1
甄选nanain蕉内301S浴巾女夏薄款家用纯棉吸水S洗澡大号成人裹浴*棉混纺布¥220.90浙江杭州退货宝包邮轲畅设计馆4的小店4,3,9年老店Bananain蕉内旗舰店,https://item.taobao.com/item.htm?id=1053391402825,https://g-search3.alicdn.com/img/bao/uploaded/i4/i4/2220964532802/O1CN01Fuar0t1spJp1mzTQ2_!!0-item_pic.jpg,1
蕉内2026春夏棉棉515Home男女同款7A抑菌基础图案浴巾全棉成人¥159.00北京包邮蕉家正品 严选好物,3,9年老店Bananain蕉内旗舰店,https://item.taobao.com/item.htm?id=1042127148853,"https://g-search3.alicdn.com/img/bao/uploaded/i4/i3/2221171136116/O1CN01KLlStT1v3BTGhaLHn~crop,0,8,501,501~_!!2221171136116.png",1
蕉内501H干发巾女士超强吸水速干擦头发毛巾包头巾浴帽成人干发帽¥79.00北京退货宝包邮眼健生活4的小店10,3,9年老店Bananain蕉内旗舰店,https://item.taobao.com/item.htm?id=1053290242111,https://g-search1.alicdn.com/img/bao/uploaded/i4/i2/2222371763446/O1CN01PfSBd11asqAmOO7ao_!!4611686018427384906-0-item_pic.jpg,1
蕉内绒绒520Home浴巾儿童专用珊瑚绒连帽可套手男女童洗澡浴巾100%聚酯纤维男女通用一字领¥99.00浙江杭州退货宝包邮回头客5万蕉内儿童旗舰店,3,9年老店Bananain蕉内旗舰店,https://detail.tmall.com/item.htm?id=820551797728,https://g-search3.alicdn.com/img/bao/uploaded/i4/i1/2213361983001/O1CN01dx5XB91Y2VjpWqldA-2213361983001.jpg,1
蕉内小凉皮503Cool男女童长裤儿童裤子防晒凉感防泼水学生九分裤入选新锐儿童穿搭店铺榜¥159.00浙江杭州已补23.90元退货宝包邮回头客5万蕉内儿童旗舰店,3,9年老店Bananain蕉内旗舰店,https://detail.tmall.com/item.htm?id=772478989221&skuId=5287481624626,https://g-search3.alicdn.com/img/bao/uploaded/i4/i2/2213361983001/O1CN015NfOyt1Y2VjpduXgh-2213361983001.jpg,1
3件|蕉内小特护3系抗菌纯棉平角男童女童撞色三角夏季儿童内裤入选儿童品牌内衣店铺榜¥69.00浙江杭州退货宝包邮回头客5万蕉内儿童旗舰店,3,9年老店Bananain蕉内旗舰店,https://detail.tmall.com/item.htm?id=700216607375&skuId=6195133930070,https://g-search3.alicdn.com/img/bao/uploaded/i4/i2/2213361983001/O1CN01PNN0511Y2VjpcdLvG-2213361983001.jpg,1
蕉内凉皮503CoolAir儿童锥形裤速干裤防晒裤男童运动裤女童休闲裤长裤男女通用不加绒¥179.00浙江杭州已补10元退货宝包邮9年老店Bananain蕉内旗舰店,3,9年老店Bananain蕉内旗舰店,https://detail.tmall.com/item.htm?id=765752564134&skuId=6056210364774,https://g-search2.alicdn.com/img/bao/uploaded/i4/i4/3035493001/O1CN01ipPamG1Y2VjpOtoVc_!!3035493001.jpg,1
蕉内小凉皮311CoolAir男童女童平角内裤儿童青少年短裤冰丝透气男女通用平角裤A类¥79.00浙江杭州退货宝包邮回头客5万蕉内儿童旗舰店,3,9年老店Bananain蕉内旗舰店,https://detail.tmall.com/item.htm?id=947283109668&skuId=5855757341502,https://g-search3.alicdn.com/img/bao/uploaded/i4/i3/2213361983001/O1CN019jEW1W1Y2VjpccwzF-2213361983001.png,1
蕉内凉皮302Cool儿童防晒运动裤速干裤冰丝裤男童防蚊裤女童裤子入选夏季儿童速干裤热卖榜¥129.00浙江杭州已补10元退货宝包邮9年老店Bananain蕉内旗舰店,3,9年老店Bananain蕉内旗舰店,https://detail.tmall.com/item.htm?id=666989405768&skuId=5982329515222,https://g-search2.alicdn.com/img/bao/uploaded/i4/i4/3035493001/O1CN01J7k2fy1Y2VjpWDoXK_!!3035493001.jpg,1
3件|蕉内小凉皮311CoolAir男童内裤冰丝莫代尔儿童青少年四角透气蕉内儿童内裤热卖榜·第3名¥79.00浙江杭州退货宝包邮9年老店Bananain蕉内旗舰店,3,9年老店Bananain蕉内旗舰店,https://detail.tmall.com/item.htm?id=889820466323&skuId=6203900199721,https://g-search1.alicdn.com/img/bao/uploaded/i4/i4/3035493001/O1CN01WLt1l81Y2VjpEIgNa_!!3035493001.jpg,1
3件|蕉内小特护355Color儿童男童内裤纯棉a类撞色四角短裤三角男平角裤A类¥69.00浙江杭州退货宝包邮9年老店Bananain蕉内旗舰店,3,9年老店Bananain蕉内旗舰店,https://detail.tmall.com/item.htm?id=734547778187&skuId=5847932143158,https://g-search2.alicdn.com/img/bao/uploaded/i4/i3/3035493001/O1CN01OoSom51Y2VjpA8OAx_!!3035493001.jpg,1
蕉内氮气502Dry男童春装外套防晒衣防泼水防紫外线女童儿童速干衣¥299.00浙江杭州已补30元退货宝包邮9年老店Bananain蕉内旗舰店,3,9年老店Bananain蕉内旗舰店,https://detail.tmall.com/item.htm?id=1036857150950&skuId=6053938008423,https://g-search3.alicdn.com/img/bao/uploaded/i4/i4/3035493001/O1CN01rhikOS1Y2VjpDnnjW_!!3035493001.jpg,1
蕉内小凉皮302CoolAir儿童速干衣短袖t恤男童运动上衣女童打底衫100%聚酯纤维男女通用速干¥99.00浙江杭州退货宝包邮9年老店Bananain蕉内旗舰店,3,9年老店Bananain蕉内旗舰店,https://detail.tmall.com/item.htm?id=889831082407&skuId=6056222856695,https://g-search3.alicdn.com/img/bao/uploaded/i4/i4/3035493001/O1CN01blaKWu1Y2VjpzF92m_!!3035493001.jpg,1
蕉内氮气302DryPro儿童运动速干衣男童女童短袖t恤防晒透气训练服男女童速干圆领¥99.00浙江杭州已补5元退货宝包邮9年老店Bananain蕉内旗舰店,3,9年老店Bananain蕉内旗舰店,https://detail.tmall.com/item.htm?id=1027133833699&skuId=6069487225631,https://g-search3.alicdn.com/img/bao/uploaded/i4/i2/3035493001/O1CN01jx7J751Y2VjpDpgGt_!!3035493001.jpg,1
蕉内小凉皮3系儿童防晒衣男女童冰丝防晒服外套薄¥179.00浙江杭州已补40元退货宝包邮回头客6万Bananain蕉内奥莱店,3,9年老店Bananain蕉内旗舰店,https://item.taobao.com/item.htm?id=769758029194&skuId=5917768525045,https://g-search1.alicdn.com/img/bao/uploaded/i4/i3/1054195167/O1CN01TqlOND1o2XOqDi86A-1054195167.jpg,1
蕉内小凉皮3系防晒袖套男童女童凉感宝宝冰丝一体织夏季儿童冰袖¥29.00浙江杭州退货宝包邮回头客5万蕉内儿童旗舰店,3,9年老店Bananain蕉内旗舰店,https://detail.tmall.com/item.htm?id=704957237294&skuId=5194308663058,https://g-search2.alicdn.com/img/bao/uploaded/i4/i3/2213361983001/O1CN01U1WYRb1Y2VjpI3Rse-2213361983001.jpg,1
蕉内小凉皮3系儿童防晒衣轻薄宝宝女童防晒斗篷凉感男童外套女童防晒衣热卖榜·第10名¥179.00浙江杭州已补40元退货宝包邮9年老店Bananain蕉内旗舰店,3,9年老店Bananain蕉内旗舰店,https://detail.tmall.com/item.htm?id=701769561463&skuId=5968630299770,https://g-search2.alicdn.com/img/bao/uploaded/i4/i3/3035493001/O1CN01jW8EAJ1Y2VjoepEHs_!!3035493001.jpg,1
蕉内小凉皮3系防晒袖套男童女童凉感宝宝冰丝手套一体织儿童冰袖冰丝儿童袖套热卖榜·第5名¥29.00浙江杭州已补2元退货宝包邮9年老店Bananain蕉内旗舰店,3,9年老店Bananain蕉内旗舰店,https://detail.tmall.com/item.htm?id=668815482534&skuId=5142836442001,https://g-search2.alicdn.com/img/bao/uploaded/i4/i3/3035493001/O1CN016IaF811Y2VjqxNS2b_!!3035493001.jpg,1
蕉内小凉皮502UV男女童防泼水斜分割拼色均衡防晒衣防水户外凉感¥259.00浙江杭州退货宝包邮9年老店Bananain蕉内旗舰店,3,9年老店Bananain蕉内旗舰店,https://detail.tmall.com/item.htm?id=1019834061494&skuId=6194550678514,https://g-search1.alicdn.com/img/bao/uploaded/i4/i2/3035493001/O1CN01DcznpW1Y2VjpTys6d_!!3035493001.jpg,1
3件|蕉内小凉皮311CoolAir女童内裤儿童安全裤四角透气速干二合一蕉内儿童内裤热卖榜·第4名¥59.00浙江杭州退货宝包邮9年老店Bananain蕉内旗舰店,3,9年老店Bananain蕉内旗舰店,https://detail.tmall.com/item.htm?id=895916316518&skuId=6038024100624,https://g-search3.alicdn.com/img/bao/uploaded/i4/i2/3035493001/O1CN013lxmo51Y2VjpzO90o_!!3035493001.jpg,1
3件|蕉内小凉皮311CoolAir男童平角内裤儿童短裤冰丝透气抑菌速干入选儿童品牌内衣店铺榜¥79.00浙江杭州退货宝包邮回头客5万蕉内儿童旗舰店,3,9年老店Bananain蕉内旗舰店,https://detail.tmall.com/item.htm?id=889614619143&skuId=6038910656723,https://g-search1.alicdn.com/img/bao/uploaded/i4/i4/2213361983001/O1CN016eHrHQ1Y2VjpI373M-2213361983001.png,1
蕉内小凉皮302CoolAir儿童速干衣短袖t恤男童运动上衣女童打底衫聚酯纤维男女童速干¥99.00浙江杭州已补14.90元退货宝包邮9年老店Bananain蕉内旗舰店,3,9年老店Bananain蕉内旗舰店,https://detail.tmall.com/item.htm?id=1020271167565&skuId=6197435806550,https://g-search2.alicdn.com/img/bao/uploaded/i4/i4/3035493001/O1CN01SpMq5b1Y2VjolpRlJ_!!3035493001.jpg,1
蕉内小凉皮302Cool男女童防晒长裤运动吸湿凉感速干夏季儿童裤子束脚裤男女通用不加绒¥129.00浙江杭州已补10元退货宝包邮回头客5万蕉内儿童旗舰店,3,9年老店Bananain蕉内旗舰店,https://detail.tmall.com/item.htm?id=701013780524&skuId=5797593593802,https://g-search3.alicdn.com/img/bao/uploaded/i4/i2/2213361983001/O1CN0155EhIk1Y2VjpdvY18-2213361983001.jpg,1
蕉内非常302Regular男童短袖T恤女童棉卡通上衣运动速干儿童防晒男女童圆领短袖¥99.00浙江杭州已补5元新品退货宝回头客5万蕉内儿童旗舰店,3,9年老店Bananain蕉内旗舰店,https://detail.tmall.com/item.htm?id=892238971375&skuId=5908928627937,https://g-search2.alicdn.com/img/bao/uploaded/i4/i3/2213361983001/O1CN01esCxgp1Y2VjpeMZG1-2213361983001.jpg,1
3件|蕉内355Color男童内裤小特护抗菌棉感多彩宝宝平角短裤四角裤男平角裤A类¥69.00浙江杭州退货宝包邮回头客5万蕉内儿童旗舰店,3,9年老店Bananain蕉内旗舰店,https://detail.tmall.com/item.htm?id=735335311481&skuId=5765007816616,https://g-search2.alicdn.com/img/bao/uploaded/i4/i2/2213361983001/O1CN01uWEvEy1Y2VjpD4iwO-2213361983001.jpg,1
【李佳琦直播间618时尚节】 蕉内3系儿童速干裤/5系防晒衣儿童防晒衣热卖榜·第9名¥213.00浙江杭州退货宝包邮9年老店Bananain蕉内旗舰店,3,9年老店Bananain蕉内旗舰店,https://detail.tmall.com/item.htm?id=1045417058409&skuId=6239286054802,https://g-search1.alicdn.com/img/bao/uploaded/i4/i1/3035493001/O1CN01XY2u2m1Y2VjoOVgS2_!!4611686018427384457-0-item_pic.jpg,1
蕉内棉棉511S儿童内衣套装男童女童短袖男宝新款家居服深睡睡衣蕉内儿童秋衣热销榜·第1名¥159.00浙江杭州退货宝包邮9年老店Bananain蕉内旗舰店,3,9年老店Bananain蕉内旗舰店,https://detail.tmall.com/item.htm?id=890178208248&skuId=5734182020507,https://g-search3.alicdn.com/img/bao/uploaded/i4/i1/3035493001/O1CN01amHCFf1Y2VjqxrG3E_!!3035493001.jpg,1
蕉内小凉皮502UVAir儿童空顶帽运动防晒帽男童女童透气遮阳帽新款空顶帽男女通用宽檐¥119.00浙江杭州已补8元退货宝包邮回头客5万蕉内儿童旗舰店,3,9年老店Bananain蕉内旗舰店,https://detail.tmall.com/item.htm?id=702158540295&skuId=6042529848325,https://g-search3.alicdn.com/img/bao/uploaded/i4/i4/2213361983001/O1CN01xoKv9b1Y2Vjq1nFQC-2213361983001.jpg,1
蕉内小凉皮302CoolAir男童女童运动拼色短袖机能t恤儿童上衣夏季入选新锐儿童穿搭店铺榜¥99.00浙江杭州退货宝包邮回头客5万蕉内儿童旗舰店,3,9年老店Bananain蕉内旗舰店,https://detail.tmall.com/item.htm?id=1020920546024&skuId=6197436826920,https://g-search3.alicdn.com/img/bao/uploaded/i4/i2/2213361983001/O1CN019zxqCc1Y2VjpIY68Z-2213361983001.jpg,1
【达人专享】蕉内小凉皮301UV Pro儿童防晒衣外套宝宝防晒斗篷运动风¥179.00浙江杭州退货宝包邮9年老店Bananain蕉内旗舰店,3,9年老店Bananain蕉内旗舰店,https://detail.tmall.com/item.htm?id=1036812978007&skuId=6219554075130,https://g-search1.alicdn.com/img/bao/uploaded/i4/i2/3035493001/O1CN01wuIoeR1Y2Vjl5BNXb_!!4611686018427384457-0-item_pic.jpg,1
蕉内棉棉308Sleep儿童内衣男童女童透气睡衣2026新款薄款打底背心¥59.00浙江杭州已补2元新品退货宝9年老店Bananain蕉内旗舰店,3,9年老店Bananain蕉内旗舰店,https://detail.tmall.com/item.htm?id=889814625124&skuId=5780356188967,https://g-search3.alicdn.com/img/bao/uploaded/i4/i3/3035493001/O1CN01rgmDAc1Y2VjpUZRkp_!!3035493001.jpg,1
3双|蕉内小凉皮302Cool儿童袜子网眼凉感短筒袜男女童春夏薄款入选儿童袜子好评榜¥49.00浙江杭州退货宝包邮9年老店Bananain蕉内旗舰店,3,9年老店Bananain蕉内旗舰店,https://detail.tmall.com/item.htm?id=1019856981589&skuId=6030188553671,https://g-search1.alicdn.com/img/bao/uploaded/i4/i1/3035493001/O1CN01WHm7w41Y2Vjpb9kaK_!!3035493001.jpg,1
蕉内棉棉305H男童女童家居服纯棉短袖夏新款亲子装青少年儿童睡衣圆领短袖秋季¥139.00浙江杭州退货宝包邮9年老店Bananain蕉内旗舰店,3,9年老店Bananain蕉内旗舰店,https://detail.tmall.com/item.htm?id=1045210068538&skuId=6065799360600,https://g-search1.alicdn.com/img/bao/uploaded/i4/i2/3035493001/O1CN010XDqfj1Y2VjpUYAnf_!!3035493001.jpg,1
蕉内棉棉511Sleep儿童睡衣男童家居服女童短袖家居服套装2026年春男女通用休闲风春夏¥159.00浙江杭州退货宝包邮回头客5万蕉内儿童旗舰店,3,9年老店Bananain蕉内旗舰店,https://detail.tmall.com/item.htm?id=889873581271&skuId=5903040215505,https://g-search3.alicdn.com/img/bao/uploaded/i4/i3/2213361983001/O1CN013zpvM61Y2VjpWV5xm-2213361983001.jpg,1
蕉内小凉皮301UVPro儿童防晒衣男童外套宝宝防晒斗篷女童轻薄上衣入选户外儿童斗篷热卖榜¥179.00浙江杭州已补40元退货宝包邮9年老店Bananain蕉内旗舰店,3,9年老店Bananain蕉内旗舰店,https://detail.tmall.com/item.htm?id=667339654988&skuId=6024023379937,https://g-search2.alicdn.com/img/bao/uploaded/i4/i4/3035493001/O1CN015BOJib1Y2VjpzF0gl_!!3035493001.jpg,1
3件|蕉内小凉皮311CoolAir男童平角内裤儿童青少年薄冰丝透气速干男平角裤A类¥79.00浙江杭州退货宝包邮9年老店Bananain蕉内旗舰店,3,9年老店Bananain蕉内旗舰店,https://detail.tmall.com/item.htm?id=1018327027028&skuId=6029168364815,https://gw.alicdn.com/imgextra/i4/O1CN01Yj7zr21OZLys1Ss8M_!!6000000001719-2-tps-279-42.png,1
【达人专享】蕉内小凉皮302Cool儿童抗菌网眼透气薄款短筒袜男女通用A类¥49.00浙江杭州退货宝包邮9年老店Bananain蕉内旗舰店,3,9年老店Bananain蕉内旗舰店,https://detail.tmall.com/item.htm?id=1027689517549&skuId=6082702208525,https://gw.alicdn.com/imgextra/i4/O1CN01Yj7zr21OZLys1Ss8M_!!6000000001719-2-tps-279-42.png,1
蕉内小凉皮3系男女童裤子薄款速干冰丝防蚊裤儿童长裤运动束脚裤男女通用商场同款¥129.00浙江杭州已补10元退货宝包邮9年老店Bananain蕉内旗舰店,3,9年老店Bananain蕉内旗舰店,https://detail.tmall.com/item.htm?id=911271020325&skuId=5800414436919,https://gw.alicdn.com/imgextra/i4/O1CN01Yj7zr21OZLys1Ss8M_!!6000000001719-2-tps-279-42.png,1
蕉内小凉皮501UV Air儿童防晒衣轻薄男童外套套装女童防晒服入选夏日防晒女郎店铺榜¥259.00浙江杭州已补50元退货宝包邮9年老店Bananain蕉内旗舰店,3,9年老店Bananain蕉内旗舰店,https://detail.tmall.com/item.htm?id=698899776763&skuId=5574469145304,https://gw.alicdn.com/imgextra/i4/O1CN01Yj7zr21OZLys1Ss8M_!!6000000001719-2-tps-279-42.png,1
蕉内棉棉511Sleep儿童家居服男童女童夏宝宝男孩内衣套装短袖睡衣蕉内儿童秋衣热销榜·第2名¥179.00浙江杭州退货宝包邮9年老店Bananain蕉内旗舰店,3,9年老店Bananain蕉内旗舰店,https://detail.tmall.com/item.htm?id=814950675449&skuId=6033505609998,https://gw.alicdn.com/imgextra/i4/O1CN01Yj7zr21OZLys1Ss8M_!!6000000001719-2-tps-279-42.png,1
蕉内小凉皮3系儿童防晒衣轻薄女童防晒斗篷凉感男童外套速干2024年春季长袖Bananain/蕉内¥179.00浙江杭州已补40元退货宝包邮9年老店Bananain蕉内旗舰店,3,9年老店Bananain蕉内旗舰店,https://detail.tmall.com/item.htm?id=1034149159544&skuId=6215917010220,https://gw.alicdn.com/imgextra/i4/O1CN01Yj7zr21OZLys1Ss8M_!!6000000001719-2-tps-279-42.png,1
蕉内小凉皮3系男女童防晒服轻薄斗篷外套宝宝童装夏季儿童防晒衣露营运动风¥179.00浙江杭州已补40元退货宝包邮回头客5万蕉内儿童旗舰店,3,9年老店Bananain蕉内旗舰店,https://detail.tmall.com/item.htm?id=701775799372&skuId=5570288744068,https://g-search3.alicdn.com/img/bao/uploaded/i4/i2/2213361983001/O1CN016eVNtQ1Y2VjpYki4J-2213361983001.jpg,1
3条|蕉内小特护301Air儿童平角三角女童内裤a类纯棉卡通莫代尔女四角裤A类¥79.00浙江杭州退货宝包邮9年老店Bananain蕉内旗舰店,3,9年老店Bananain蕉内旗舰店,https://detail.tmall.com/item.htm?id=950157365857&skuId=6028896466395,https://g-search3.alicdn.com/img/bao/uploaded/i4/i3/3035493001/O1CN01e3xNz61Y2VjpUY6dF_!!3035493001.jpg,1
3双|蕉内小特护501Color儿童袜子短袜男女童薄款网眼透气棉袜防臭四季通用男女通用短袜¥59.00浙江杭州退货宝包邮9年老店Bananain蕉内旗舰店,3,9年老店Bananain蕉内旗舰店,https://detail.tmall.com/item.htm?id=886652169106&skuId=5896291066820,https://g-search3.alicdn.com/img/bao/uploaded/i4/i2/3035493001/O1CN01yM6B9S1Y2VjpFh41r_!!3035493001.jpg,1
蕉内睡衣春夏男童女童儿童宝宝睡衣背心家居服盲盒（随机发1套）男女通用棉布四季通用¥99.00浙江杭州退货宝包邮9年老店Bananain蕉内旗舰店,3,9年老店Bananain蕉内旗舰店,https://detail.tmall.com/item.htm?id=729791524668&skuId=5438773948986,https://g-search1.alicdn.com/img/bao/uploaded/i4/i3/3035493001/O1CN01UxUyp31Y2VjDA19TJ_!!4611686018427384457-0-item_pic.jpg,1
3件|蕉内小凉皮301Air男童平角内裤儿童短裤薄天丝卡通冰丝莫代尔蕉内儿童内裤热卖榜·第7名¥79.00浙江杭州退货宝包邮9年老店Bananain蕉内旗舰店,3,9年老店Bananain蕉内旗舰店,https://detail.tmall.com/item.htm?id=950151349157&skuId=5863908845966,https://g-search3.alicdn.com/img/bao/uploaded/i4/i4/3035493001/O1CN01QFrKOr1Y2VjpFhZI4_!!3035493001.jpg,1
蕉内小凉皮502UV宝宝袖套男童女童防晒防滑凉感速干薄款儿童冰袖透气性好儿童袖套热卖榜·第6名¥59.00浙江杭州已补5元退货宝9年老店Bananain蕉内旗舰店,3,9年老店Bananain蕉内旗舰店,https://detail.tmall.com/item.htm?id=704764279787&skuId=6051441216967,https://g-search3.alicdn.com/img/bao/uploaded/i4/i3/3035493001/O1CN01h5oatt1Y2VjpABsR5_!!3035493001.jpg,1
3件|蕉内小特护501c男童内裤纯棉抑菌裆平角短裤青少年儿童四角裤入选儿童品牌内衣店铺榜¥99.00浙江杭州退货宝包邮回头客5万蕉内儿童旗舰店,3,9年老店Bananain蕉内旗舰店,https://detail.tmall.com/item.htm?id=763234279830&skuId=5899058555146,https://gw.alicdn.com/imgextra/O1CN01sQNSTf1Y2VjplTYUn_!!2213361983001-0-yinheaigc.jpg,1
蕉内深睡512Sleep女童吊带儿童背心透气女童内穿女孩外穿打底上衣¥69.00浙江杭州已补10元退货宝9年老店Bananain蕉内旗舰店,3,9年老店Bananain蕉内旗舰店,https://detail.tmall.com/item.htm?id=1024663789064&skuId=6034341740046,https://g-search2.alicdn.com/img/bao/uploaded/i4/i4/3035493001/O1CN01AWvYGE1Y2VjkrDcuc_!!3035493001.jpg,1
3件|蕉内小特护500E儿童男童内裤a类莫代尔纯棉青少年四角短裤蕉内儿童内裤热卖榜·第1名¥99.00浙江杭州退货宝包邮9年老店Bananain蕉内旗舰店,3,9年老店Bananain蕉内旗舰店,https://detail.tmall.com/item.htm?id=704535342724&skuId=5263830409735,https://g-search3.alicdn.com/img/bao/uploaded/i4/i4/3035493001/O1CN01PDPlD21Y2VjpT7atB_!!3035493001.jpg,1
3件|蕉内小特护301Color女童三角裤纯棉抗菌裆印花宝宝儿童内裤女三角裤A类¥69.00浙江杭州退货宝包邮回头客5万蕉内儿童旗舰店,3,9年老店Bananain蕉内旗舰店,https://detail.tmall.com/item.htm?id=716804805019&skuId=6098143354470,https://g-search1.alicdn.com/img/bao/uploaded/i4/i3/2213361983001/O1CN01UOF2hj1Y2VjpceQRq-2213361983001.jpg,1
3条|蕉内小特护301Color儿童女童纯棉内裤a类卡通女孩三角短裤蕉内儿童内裤热卖榜·第5名¥69.00浙江杭州退货宝包邮9年老店Bananain蕉内旗舰店,3,9年老店Bananain蕉内旗舰店,https://detail.tmall.com/item.htm?id=711684266689&skuId=6030741445885,https://g-search3.alicdn.com/img/bao/uploaded/i4/i3/3035493001/O1CN016BKAzH1Y2VjqxMVmH_!!3035493001.jpg,1
3件|蕉内小特护301Color儿童男童内裤纯棉a类卡通透气四角短裤男平角裤A类¥69.00浙江杭州退货宝包邮9年老店Bananain蕉内旗舰店,3,9年老店Bananain蕉内旗舰店,https://detail.tmall.com/item.htm?id=711942115188&skuId=6030707585877,https://gw.alicdn.com/imgextra/O1CN0127Zmva1Y2VjpyvkLb_!!3035493001-0-yinheaigc.jpg,1
蕉内小凉皮502UV宝宝袖套男童女童防晒薄款防滑凉感速干儿童冰袖¥59.00浙江杭州已补5元退货宝包邮回头客5万蕉内儿童旗舰店,3,9年老店Bananain蕉内旗舰店,https://detail.tmall.com/item.htm?id=704818617649&skuId=5435539758420,https://g-search1.alicdn.com/img/bao/uploaded/i4/i4/2213361983001/O1CN01uqM7op1Y2Vjq1m6mi-2213361983001.jpg,1
蕉内棉棉308Sleep儿童背心男童女童内衣透气打底上衣背心2026年春入选新锐儿童穿搭店铺榜¥59.00浙江杭州已补2元新品退货宝回头客5万蕉内儿童旗舰店,3,9年老店Bananain蕉内旗舰店,https://detail.tmall.com/item.htm?id=889838369438&skuId=5736133389048,https://g-search3.alicdn.com/img/bao/uploaded/i4/i2/2213361983001/O1CN01gfYolJ1Y2Vjq1o3LP-2213361983001.jpg,1
2双|蕉内小特护301Standard女童长筒袜小腿袜透气学生儿童袜子春秋男女通用高筒袜¥69.00浙江杭州退货宝9年老店Bananain蕉内旗舰店,3,9年老店Bananain蕉内旗舰店,https://detail.tmall.com/item.htm?id=946186470613&skuId=6206600566901,https://gw.alicdn.com/imgextra/i4/O1CN01Yj7zr21OZLys1Ss8M_!!6000000001719-2-tps-279-42.png,1
【达人专享】蕉内小特护301Standard透气儿童袜子网眼中短筒袜春夏男女通用儿童袜¥59.00浙江杭州退货宝包邮9年老店Bananain蕉内旗舰店,3,9年老店Bananain蕉内旗舰店,https://detail.tmall.com/item.htm?id=1053807294620&skuId=6094084712376,https://gw.alicdn.com/imgextra/i4/O1CN01Yj7zr21OZLys1Ss8M_!!6000000001719-2-tps-279-42.png,1
3件|蕉内小凉皮501Cool儿童内裤男童平角短裤全网眼凉感薄青少年入选蕉内儿童内裤热卖榜¥109.00浙江杭州退货宝包邮9年老店Bananain蕉内旗舰店,3,9年老店Bananain蕉内旗舰店,https://detail.tmall.com/item.htm?id=1018975150873&skuId=6194582130994,https://gw.alicdn.com/imgextra/i4/O1CN01Yj7zr21OZLys1Ss8M_!!6000000001719-2-tps-279-42.png,1
礼盒|蕉内520Color男士内裤平角女士星期裤纯棉裆部男生情侣礼物情侣棉质面料棉¥399.00浙江杭州退货宝包邮9年老店Bananain蕉内旗舰店,520,9年老店Bananain蕉内旗舰店,https://detail.tmall.com/item.htm?id=583656514195,https://g-search3.alicdn.com/img/bao/uploaded/i4/i2/3035493001/O1CN01mBzOC91Y2VjpFjFBV_!!3035493001.jpg,1
蕉内丝丝520Home女款带杯家居服短袖长袖男士冰丝情侣睡衣新款夏男女通用秋季¥219.00北京包邮公益宝贝小蕉正品代购,520,9年老店Bananain蕉内旗舰店,https://item.taobao.com/item.htm?id=1043625100886,https://g-search3.alicdn.com/img/bao/uploaded/i4/i3/2075737889/O1CN01bFnkGG289DhEnlHY2_!!2075737889.heic,1
7A抗菌|蕉内银皮520Color男女情侣星期袜运动彩色潮流袜子礼盒四季通用七天袜个性¥169.00浙江杭州退货宝包邮9年老店Bananain蕉内旗舰店,520,9年老店Bananain蕉内旗舰店,https://detail.tmall.com/item.htm?id=651048433664,https://g-search3.alicdn.com/img/bao/uploaded/i4/i3/3035493001/O1CN013T6Exr1Y2VjpytvwJ_!!3035493001.jpg,1
【王一博同款】蕉内基础301Home男士家居室内防滑凉拖女情侣拖鞋入选成人洞洞鞋回购榜¥49.00浙江杭州退货宝包邮9年老店Bananain蕉内旗舰店,520,9年老店Bananain蕉内旗舰店,https://detail.tmall.com/item.htm?id=901127654723,https://g-search3.alicdn.com/img/bao/uploaded/i4/i1/3035493001/O1CN01Aaehpk1Y2VjpFj2ix_!!3035493001.jpg,1
【达人专享】蕉内丝丝515Home家居带胸垫天丝情侣睡衣入选情侣家居服品牌榜¥329.00浙江杭州退货宝包邮9年老店Bananain蕉内旗舰店,520,9年老店Bananain蕉内旗舰店,https://detail.tmall.com/item.htm?id=1020586740640,https://gw.alicdn.com/imgextra/i4/O1CN01Yj7zr21OZLys1Ss8M_!!6000000001719-2-tps-279-42.png,1
蕉内睡衣男士丝丝520Home女款带杯冰丝情侣家居服套装新款夏季男翻领纽扣短袖¥329.90浙江杭州包邮6年老店官芳正品严选店,520,9年老店Bananain蕉内旗舰店,https://item.taobao.com/item.htm?id=1051382770353,https://gw.alicdn.com/imgextra/i4/O1CN01dPvgAJ1Zwfv79ayOL_!!6000000003259-2-tps-191-42.png,1
蕉内银皮508S男士莫代尔平角内裤透气男式裤衩抗菌四角短裤头1件青年莫代尔抗菌¥36.00北京包邮公益宝贝小蕉正品代购,3,9年老店Bananain蕉内旗舰店,https://item.taobao.com/item.htm?id=770657592486,https://g-search3.alicdn.com/img/bao/uploaded/i4/i3/2075737889/O1CN01gRdLsq289DUZPJAre_!!2075737889.jpg,1
抗菌防臭|蕉内银皮500E男女袜子透气浅口隐形防滑不掉跟船袜夏薄秋季情侣2024年夏季¥14.90陕西西安包邮公益宝贝小蕉正品代购,3,9年老店Bananain蕉内旗舰店,https://item.taobao.com/item.htm?id=682080058781,https://g-search2.alicdn.com/img/bao/uploaded/i4/i4/2075737889/O1CN015KCouY289DhCPR9vK_!!2075737889.heic,1
蕉内银皮708Air男士平角内裤莫代尔抗菌无痕透气舒适四角短裤青年莫代尔面料纯色¥76.00陕西西安回头客2千banana蕉in专柜代购,3,9年老店Bananain蕉内旗舰店,https://item.taobao.com/item.htm?id=759160602909,https://g-search3.alicdn.com/img/bao/uploaded/i4/i4/2211508645733/O1CN019NIW7j1sDlgBei7Cy_!!2211508645733.jpg,1
【商务棉袜】蕉内袜子男银皮301S男士中筒袜吸汗防臭西装黑色短袜四季通用抗菌简约¥66.60浙江杭州新品包邮6年老店官芳正品严选店,3,9年老店Bananain蕉内旗舰店,https://item.taobao.com/item.htm?id=898830215472,https://g-search2.alicdn.com/img/bao/uploaded/i4/i4/3237756720/O1CN01awSXhU1zVohE1d4m5_!!3237756720.jpg,1
10A抗菌|蕉内银皮501S男女纯棉袜子中筒袜吸汗防臭运动加厚棉袜春季原创男女通用¥22.00北京奥莱蕉in内品牌折扣店,3,9年老店Bananain蕉内旗舰店,https://item.taobao.com/item.htm?id=1026997531371,https://g-search3.alicdn.com/img/bao/uploaded/i4/i3/1779746440/O1CN011iiMjj1xRZn0w3lW9~livephoto~_!!1779746440.heic,1
冰丝透气|蕉内凉皮502Cool男士袜子短袜中筒袜防臭运动薄船袜夏季秋季运动运动¥20.00北京奥莱蕉in内品牌折扣店,3,9年老店Bananain蕉内旗舰店,https://item.taobao.com/item.htm?id=1039205026687,https://g-search2.alicdn.com/img/bao/uploaded/i4/i2/1779746440/O1CN01exIKyM1xRZnNQhGOh~livephoto~_!!1779746440.heic,1
1件|蕉内银皮708Air男士平角内裤莫代尔抗菌无痕透气舒适四角短裤青年纯色莫代尔¥75.00北京新品banana蕉in线下专柜店铺,3,9年老店Bananain蕉内旗舰店,https://item.taobao.com/item.htm?id=891865173476,https://g-search2.alicdn.com/img/bao/uploaded/i4/i4/2215383311537/O1CN01ybXubO1NDzmySjfAx_!!2215383311537.jpg,1
蕉内银皮508S男士莫代尔平角内裤透气男式裤衩抗菌四角短裤头1件青年莫代尔抗菌¥40.00北京banana蕉in线下专柜店铺,3,9年老店Bananain蕉内旗舰店,https://item.taobao.com/item.htm?id=802831828671,https://g-search2.alicdn.com/img/bao/uploaded/i4/i1/2215383311537/O1CN01cYC62q1NDziNiLSRi_!!2215383311537.jpg,1
3件|蕉内银皮510S男士平角内裤纯棉透气裆新款吸汗舒适四角短裤中老年棉吸湿排汗¥99.90江苏常州包邮星途商城,3,9年老店Bananain蕉内旗舰店,https://item.taobao.com/item.htm?id=1052455435520,https://g-search1.alicdn.com/img/bao/uploaded/i4/i2/2222519030785/O1CN01xpPpGG1Hfa3Qi9kHi_!!2222519030785.jpg,1
蕉内袜子女士袜纯棉抗菌防臭运动袜，短筒/中筒/长筒都有 5双装秋季运动运动¥57.00北京包邮Nas硬盘一条龙,3,9年老店Bananain蕉内旗舰店,https://item.taobao.com/item.htm?id=1052127006297,https://g-search2.alicdn.com/img/bao/uploaded/i4/i2/3402903094/O1CN01rW25st1Yj6ZM1R6Q9_!!3402903094.jpg,1
7A抗菌|蕉内银皮301S袜子男中筒袜吸汗防臭运动短袜秋季长袜棉袜夏季男薄款¥48.88广东佛山包邮8年老店聚宝盆正品代购,3,9年老店Bananain蕉内旗舰店,https://item.taobao.com/item.htm?id=940211081693,https://g-search2.alicdn.com/img/bao/uploaded/i4/i4/2469584768/O1CN01LkDM3l1l5nVRM10hd_!!2469584768.jpg,1
蕉内银皮508Air女士内裤中腰无痕内裤不夹臀纯棉裆三角内裤高腰锦纶无痕¥38.00北京回头客2千banana蕉in专柜代购,3,9年老店Bananain蕉内旗舰店,https://item.taobao.com/item.htm?id=888194743666,https://g-search3.alicdn.com/img/bao/uploaded/i4/i1/2211508645733/O1CN01aNOecN1sDlg9pJAWT_!!2211508645733.jpg,1
焦内蕉内银皮500E女士高腰内裤抗菌透气莫代尔无痕舒适不夹臀内纯色高腰抗菌¥149.00浙江丽水包邮公益宝贝9年老店Bannanin蕉蕉服饰旗艁店,3,9年老店Bananain蕉内旗舰店,https://item.taobao.com/item.htm?id=763917828835,https://gw.alicdn.com/imgextra/O1CN01KmQ6ol1O5aEVI4eiq_!!2629301654-0-picasso.jpg,1
焦内蕉内银皮女士内裤中高腰无痕性感防夹臀抗菌纯棉裆三角内裤女纯色纯棉无痕¥169.00浙江丽水包邮9年老店Bannanin蕉蕉服饰旗艁店,3,9年老店Bananain蕉内旗舰店,https://item.taobao.com/item.htm?id=764059607188,https://gw.alicdn.com/imgextra/O1CN01J1TlAF1O5aEVzNWzI_!!2629301654-0-picasso.jpg,1
蕉内银皮331S男士袜子纯棉商务精梳棉袜透气10A抗菌防臭短筒夏季5秋季男女同款2010年以前¥73.40浙江温州包邮达米工厂直售店,3,9年老店Bananain蕉内旗舰店,https://item.taobao.com/item.htm?id=1037133950471,https://g-search3.alicdn.com/img/bao/uploaded/i4/i2/2206841963413/O1CN01EbRz5S1b5Cu3BDr1q_!!2206841963413.jpg,1
蕉内银皮331S男士袜子纯棉商务精梳棉袜透气10A抗菌防臭短筒夏季5春季中国风男女通用¥72.30浙江温州包邮灘确的小店,3,9年老店Bananain蕉内旗舰店,https://item.taobao.com/item.htm?id=1047732768226,https://g-search3.alicdn.com/img/bao/uploaded/i4/i1/2213120352753/O1CN01iJPIFO1WCvVO5SBfS_!!2213120352753.jpg,1
3件|蕉内银皮510S男士平角内裤纯棉透气裆新款吸汗舒适四角短裤棉吸湿排汗男¥109.89浙江金华包邮聚顶网络商超,3,9年老店Bananain蕉内旗舰店,https://item.taobao.com/item.htm?id=1053473392755,https://g-search1.alicdn.com/img/bao/uploaded/i4/O1CN01m0OhhW1ijEqFrZleN_!!4611686018427385088-0-item_pic.jpg,1
蕉内袜子男中筒袜防臭2026新款夏季薄款纯棉短袜男士船袜焦内凉皮夏季防臭简约¥99.00湖北孝感包邮公益宝贝5年老店Banania蕉蕉内衣旗艁店,3,9年老店Bananain蕉内旗舰店,https://item.taobao.com/item.htm?id=710399934582,https://g-search1.alicdn.com/img/bao/uploaded/i4/i2/3081381114/O1CN01bxxsb61K6GLaxQUo1_!!3081381114.jpg,1
3件|蕉内银皮510S男士平角内裤纯棉透气裆新款吸汗舒适四角短裤棉吸湿排汗男¥111.00浙江杭州包邮凯熙铺的小店0,3,9年老店Bananain蕉内旗舰店,https://item.taobao.com/item.htm?id=1046068066216,https://img.alicdn.com/imgextra/i3/O1CN01LvV0d41fjkGWg6iN6_!!6000000004043-2-tps-480-144.png,1
蕉内银皮331S男士袜子纯棉商务精梳棉袜透气10A抗菌防臭短筒夏季5春季中国风男女通用¥73.40广东广州包邮辰辰精选店,3,9年老店Bananain蕉内旗舰店,https://item.taobao.com/item.htm?id=1038644913823,https://img.alicdn.com/imgextra/i3/O1CN01LvV0d41fjkGWg6iN6_!!6000000004043-2-tps-480-144.png,1
蕉内银皮311S男士袜子7A抗菌防臭新疆精梳棉罗纹四季款中筒袜5双秋季男女同款2010年以前¥98.80广东广州包邮大洋百货精选店,3,9年老店Bananain蕉内旗舰店,https://item.taobao.com/item.htm?id=972028443913,https://img.alicdn.com/imgextra/i3/O1CN01LvV0d41fjkGWg6iN6_!!6000000004043-2-tps-480-144.png,1
蕉内银皮331S男士袜子纯棉商务精梳棉袜透气10A抗菌防臭短筒夏季5春季中国风男女通用¥73.30浙江温州包邮家家荣华精选店,3,9年老店Bananain蕉内旗舰店,https://item.taobao.com/item.htm?id=1042703411304,https://img.alicdn.com/imgextra/i3/O1CN01LvV0d41fjkGWg6iN6_!!6000000004043-2-tps-480-144.png,1
蕉内2026春夏凉皮501CoolPro小圆领背心吊带女内搭带胸垫内衣外穿春季纯色女¥159.00北京包邮蕉家正品 严选好物,3,9年老店Bananain蕉内旗舰店,https://item.taobao.com/item.htm?id=1040739880377,https://img.alicdn.com/imgextra/i3/O1CN01LvV0d41fjkGWg6iN6_!!6000000004043-2-tps-480-144.png,1
蕉内银皮331S男士袜子纯棉商务精梳棉袜透气10A抗菌防臭短筒夏季5春季中国风男女通用¥73.40浙江温州包邮易趣精选店,3,9年老店Bananain蕉内旗舰店,https://item.taobao.com/item.htm?id=1038656356149,https://img.alicdn.com/imgextra/i3/O1CN01LvV0d41fjkGWg6iN6_!!6000000004043-2-tps-480-144.png,1
蕉内凉皮305Cool女士速干冰丝阔腿裤休闲裤子防晒女裤薄夏季新款入选88VIP甄选防晒裤回购榜¥199.00浙江杭州退货宝包邮9年老店Bananain蕉内旗舰店,3,9年老店Bananain蕉内旗舰店,https://detail.tmall.com/item.htm?id=647059505012,https://gw.alicdn.com/imgextra/i4/O1CN01Yj7zr21OZLys1Ss8M_!!6000000001719-2-tps-279-42.png,1
蕉内凉皮502UV男士防晒冰袖女士透气骑行开车手套防晒冰丝袖套套指防晒冰袖热卖榜·第7名¥69.00浙江杭州退货宝包邮9年老店Bananain蕉内旗舰店,3,9年老店Bananain蕉内旗舰店,https://detail.tmall.com/item.htm?id=778377888151,https://gw.alicdn.com/imgextra/i4/O1CN01Yj7zr21OZLys1Ss8M_!!6000000001719-2-tps-279-42.png,1
3件|蕉内氧气506Dry男士运动平角内裤透气网眼拼接抗菌速干四角裤青年纯色聚酯纤维（涤纶）¥159.00浙江杭州退货宝包邮回头客6万Bananain蕉内奥莱店,301,9年老店Bananain蕉内旗舰店,https://item.taobao.com/item.htm?id=892917709762,https://g-search3.alicdn.com/img/bao/uploaded/i4/i3/1054195167/O1CN01j8ibvb1o2XcFwYDYz-1054195167.jpg,1
蕉内氧气511Air引力带莫代尔文胸无痕聚拢舒适运动背心胸罩内衣女天猫超市聚拢内衣好评榜·第5名¥169.00上海包邮14年老店天猫超市,301,9年老店Bananain蕉内旗舰店,https://detail.tmall.com/item.htm?id=1028374208661,https://g-search2.alicdn.com/img/bao/uploaded/i4/i4/6000000006260/O1CN01xOzs0X1w78W4nAElV_!!6000000006260-0-sm.jpg,1
蕉内氧气300A无尺码隐形无痕舒适粉底液内衣女运动背心文胸胸罩新入选天猫超市无痕内衣热销榜¥99.00上海包邮14年老店天猫超市,301,9年老店Bananain蕉内旗舰店,https://detail.tmall.com/item.htm?id=1050128334067,https://g-search3.alicdn.com/img/bao/uploaded/i4/i1/6000000003499/O1CN01YqUgCG1biaykDDqSL_!!6000000003499-0-sm.jpg,1
蕉内小氧气505Proof男童女童三防伞兵长裤阔腿工装裤儿童裤子秋装阔腿裤男女通用长裤¥199.00浙江杭州退货宝包邮回头客5万蕉内儿童旗舰店,301,9年老店Bananain蕉内旗舰店,https://detail.tmall.com/item.htm?id=955211190273,https://g-search3.alicdn.com/img/bao/uploaded/i4/i3/2213361983001/O1CN01pcMZxA1Y2Vjr0D0Qe-2213361983001.jpg,1
蕉内氧气501Drypro男士短袖T恤透气吸湿舒适休闲简约宽松运动户外风亲肤透气宽松型¥159.00北京包邮banana蕉in线下专柜店铺,301,9年老店Bananain蕉内旗舰店,https://item.taobao.com/item.htm?id=1027016631562,https://g-search2.alicdn.com/img/bao/uploaded/i4/i4/2215383311537/O1CN015gQI1q1NDzsZbgO94_!!2215383311537.heic,1
赵露思同款】蕉内氧气517SP外扩内衣女小胸聚拢显大无痕文胸女士四季通用透气适中¥199.90浙江杭州包邮6年老店官芳正品严选店,301,9年老店Bananain蕉内旗舰店,https://item.taobao.com/item.htm?id=1026600457788,https://g-search2.alicdn.com/img/bao/uploaded/i4/i4/3237756720/O1CN019lnumI1zVohES0r24_!!3237756720.jpg,1
[王一博同款]蕉内氧气505Proof男士三防可拆卸四季款机能裤工装裤中腰休闲青年¥299.00北京包邮banana蕉in线下专柜店铺,301,9年老店Bananain蕉内旗舰店,https://item.taobao.com/item.htm?id=1027601576859,https://g-search3.alicdn.com/img/bao/uploaded/i4/i3/2215383311537/O1CN014EqNxE1NDzsW33NBX_!!2215383311537.heic,1
蕉内小氧气502Proof儿童三防工装裤男童裤子秋季大童束脚长裤女童入选功能科技童装店铺榜¥199.00浙江杭州退货宝包邮回头客5万蕉内儿童旗舰店,301,9年老店Bananain蕉内旗舰店,https://detail.tmall.com/item.htm?id=955212662621,https://g-search3.alicdn.com/img/bao/uploaded/i4/i2/2213361983001/O1CN01Wv6SXH1Y2VjpIY1zZ-2213361983001.jpg,1
蕉内2026春夏氧气505Proof工装长裤三防软壳冲锋伞裤运动休闲女裤女¥359.00北京包邮蕉家正品 严选好物,301,9年老店Bananain蕉内旗舰店,https://item.taobao.com/item.htm?id=1040785472903,"https://g-search2.alicdn.com/img/bao/uploaded/i4/i3/2221171136116/O1CN016jprOq1v3BTCqmqWy~crop,102,6,800,800~_!!2221171136116.jpg",1
蕉内 502Standard氧气冲锋衣男女户外防风防水耐脏污情侣短款外套情侣三合一防水¥599.00浙江温州包邮芭蕉树下妙享户外,301,9年老店Bananain蕉内旗舰店,https://item.taobao.com/item.htm?id=939279158970,https://g-search3.alicdn.com/img/bao/uploaded/i4/i1/2218334003387/O1CN016m2eLS1atIXUaYgb4_!!2218334003387.jpg,1
蕉内氧气504Proof女士三防微喇机能裤女裤休闲裤工装裤秋新款裤子休闲自然腰聚酯纤维¥239.00北京包邮回头客2千banana蕉in专柜代购,301,9年老店Bananain蕉内旗舰店,https://item.taobao.com/item.htm?id=972977969276,https://g-search3.alicdn.com/img/bao/uploaded/i4/i3/2211508645733/O1CN01MyIU8p1sDljVLRg0p_!!2211508645733.jpg,1
蕉内 502ProofPro氧气男女士插肩三合一冲锋衣外套防风防水夹克情侣保暖标准¥1399.00浙江温州包邮芭蕉树下妙享户外,301,9年老店Bananain蕉内旗舰店,https://item.taobao.com/item.htm?id=988314034021,https://g-search3.alicdn.com/img/bao/uploaded/i4/i4/2218334003387/O1CN01IpPmGA1atIZeh6zlP_!!2218334003387.jpg,1
蕉内外扩内衣女氧气517SP聚拢小胸显大胸罩无痕收副乳漫画胸文胸四季通用透气适中¥199.90浙江杭州包邮6年老店官芳正品严选店,301,9年老店Bananain蕉内旗舰店,https://item.taobao.com/item.htm?id=1041218318126,https://g-search2.alicdn.com/img/bao/uploaded/i4/i4/3237756720/O1CN01ct1cYX1zVohcNJKVk_!!3237756720.jpg,1
蕉内2026春夏氧气501Air舒服蕾花瓣杯性感美背文胸聚拢胸罩内衣女四季通用聚拢中厚杯¥169.00北京包邮蕉家正品 严选好物,301,9年老店Bananain蕉内旗舰店,https://item.taobao.com/item.htm?id=1038946422923,https://g-search2.alicdn.com/img/bao/uploaded/i4/i1/2221171136116/O1CN01iqOfTu1v3BTuisGIz_!!2221171136116.jpg,1
明星同款蕉内氧气302proof Pro男士三合一冲锋衣防风防水保暖外套长袖青年春秋冬¥369.00北京包邮回头客2千banana蕉in专柜代购,301,9年老店Bananain蕉内旗舰店,https://item.taobao.com/item.htm?id=842505178355,https://g-search1.alicdn.com/img/bao/uploaded/i4/i1/2211508645733/O1CN01jygZD11sDldyTALP8_!!2211508645733.jpg,1
蕉内氧气303Proof女士短款单壳冲锋衣防风防水R外套透气户外登山女防水中雨¥1005.00浙江杭州6年老店u[2201508723128],301,9年老店Bananain蕉内旗舰店,https://item.taobao.com/item.htm?id=773034738803,https://g-search3.alicdn.com/img/bao/uploaded/i4/i3/2201508723128/O1CN01X2eUUF2NPRoy4bPV1_!!0-item_pic.jpg,1
蕉内氧气302Proof Pro男女士三合一冲锋衣抓绒内胆防风防水登山服男女通用¥1409.00浙江杭州退货宝包邮tb773401479420,301,9年老店Bananain蕉内旗舰店,https://item.taobao.com/item.htm?id=846250880021,https://g-search3.alicdn.com/img/bao/uploaded/i4/i4/2218437162427/O1CN01eKEAcP1otD0Q1hjJZ_!!0-item_pic.jpg,1
蕉内氧气506Air聚拢女士小胸贴不易掉隐形无痕内衣有胶冲孔乳贴2026年春季¥89.00江苏苏州包邮妙享户外精品,301,9年老店Bananain蕉内旗舰店,https://item.taobao.com/item.htm?id=1049614312411,https://g-search3.alicdn.com/img/bao/uploaded/i4/i1/2522316055/O1CN01IO5TNx1ubFJeosOPl_!!2522316055.jpg,1
美国直邮蕉内氧气502Proof男同三合一斜挎包单肩包户外出游登山包拉链休闲简约风通用¥299.00北京花熊美国直邮服装店,301,9年老店Bananain蕉内旗舰店,https://item.taobao.com/item.htm?id=988613902071,https://g-search2.alicdn.com/img/bao/uploaded/i4/i3/2220462372888/O1CN01Z20rYp1XCkwLSTy9i_!!4611686018427385880-0-item_pic.jpg,1
蕉内氧气503Pronof男女同款单壳冲锋衣防风防水外套登山服户外上中性宽松型四季通用¥1159.35河北唐山退货宝翟初优选店,301,9年老店Bananain蕉内旗舰店,https://item.taobao.com/item.htm?id=856185658470,https://g-search1.alicdn.com/img/bao/uploaded/i4/i1/2218871417118/O1CN013CIWqC1vJDBe5eD3z_!!0-item_pic.jpg,1
【王一博同款】蕉内k氧气502Proof男士工装裤冲锋裤软壳裤户外裤通用防水中雨¥646.00广东深圳6年老店u[2201508723128],301,9年老店Bananain蕉内旗舰店,https://item.taobao.com/item.htm?id=772987216546,https://g-search3.alicdn.com/img/bao/uploaded/i4/i4/2201508723128/O1CN01a1fvFs1v2j2z0UDxV_!!4611686018427385523-0-item_pic.jpg,1
蕉内氧气302Proof Pro男女士三合一冲锋衣抓绒内胆防风防水登山服男女通用Bananain/蕉内¥1267.20吉林包邮联宝百汇,301,9年老店Bananain蕉内旗舰店,https://item.taobao.com/item.htm?id=844005652520,https://g-search3.alicdn.com/img/bao/uploaded/i4/i4/2217032753750/O1CN01HwGEqg2FAmCxrcBPA_!!0-item_pic.jpg,1
蕉内氧气502Proof Pro男女同款三合一L冲锋衣羽绒防风防水保暖外羽绒内胆男女通用中雨¥1243.15四川成都包邮浅夏百汇,301,9年老店Bananain蕉内旗舰店,https://item.taobao.com/item.htm?id=853794956770,https://g-search3.alicdn.com/img/bao/uploaded/i4/i3/2216969496824/O1CN01EBFSCw2GrevaGUCWq_!!0-item_pic.jpg,1
蕉内氧气300A无尺码无痕粉底液内衣女舒适隐形运动背心文胸胸罩新入选职业通勤内搭店铺榜¥99.00浙江杭州退货宝包邮回头客6万Bananain蕉内奥莱店,301,9年老店Bananain蕉内旗舰店,https://item.taobao.com/item.htm?id=769757825631,https://g-search3.alicdn.com/img/bao/uploaded/i4/i1/1054195167/O1CN01RwebLr1o2XcFrw11I-1054195167.jpg,1
蕉内氧气505Proof女士三防弧形分割阔腿机能裤户外休闲直筒运动裤工装裤街头风高腰¥359.00浙江杭州退货宝包邮回头客6万Bananain蕉内奥莱店,301,9年老店Bananain蕉内旗舰店,https://item.taobao.com/item.htm?id=949441802327,https://gw.alicdn.com/imgextra/O1CN01hTz0VS1o2XcFxoKIZ_!!1054195167-0-yinheaigc.jpg,1
蕉内氧气501S文胸美背内衣女小胸聚拢显大收副乳无钢圈无痕胸罩四季通用透气适中¥169.00上海包邮14年老店天猫超市,301,9年老店Bananain蕉内旗舰店,https://detail.tmall.com/item.htm?id=1010754829598,https://g-search2.alicdn.com/img/bao/uploaded/i4/i1/6000000000216/O1CN01U326Xz1DSyhASwQOZ_!!6000000000216-0-sm.jpg,1
蕉内302S氧气冲锋衣情侣款防风防水耐脏透气风衣软壳外套男女士男女通用连帽运动生活¥399.00北京包邮banana蕉in线下专柜店铺,301,9年老店Bananain蕉内旗舰店,https://item.taobao.com/item.htm?id=734795070356,https://img.alicdn.com/imgextra/i3/O1CN01LvV0d41fjkGWg6iN6_!!6000000004043-2-tps-480-144.png,1
蕉内 503Proof氧气男女款防水耐磨超大容量多功能户外轻便双肩包拉链休闲简约风通用¥389.00浙江温州包邮芭蕉树下妙享户外,301,9年老店Bananain蕉内旗舰店,https://item.taobao.com/item.htm?id=958862678467,https://img.alicdn.com/imgextra/i3/O1CN01LvV0d41fjkGWg6iN6_!!6000000004043-2-tps-480-144.png,1
蕉内 302Proof氧气儿童单壳冲锋衣防水外套男女童户外服秋冬防风四季通用2层压胶夹克野营¥299.00浙江温州包邮芭蕉树下妙享户外,301,9年老店Bananain蕉内旗舰店,https://item.taobao.com/item.htm?id=839320207303,https://img.alicdn.com/imgextra/i3/O1CN01LvV0d41fjkGWg6iN6_!!6000000004043-2-tps-480-144.png,1
蕉内运动内衣女氧气511Air引力带莫代尔文胸高中生背心无痕胸罩夏四季通用速干薄¥169.90浙江杭州包邮6年老店官芳正品严选店,301,9年老店Bananain蕉内旗舰店,https://item.taobao.com/item.htm?id=1037727845711,https://gw.alicdn.com/imgextra/i4/O1CN01dPvgAJ1Zwfv79ayOL_!!6000000003259-2-tps-191-42.png,1
蕉内内衣氧气501S文胸美背小胸聚拢显大收副乳无痕胸罩女夏薄款四季通用聚拢薄¥269.90浙江杭州包邮6年老店官芳正品严选店,301,9年老店Bananain蕉内旗舰店,https://item.taobao.com/item.htm?id=1053050310582,https://img.alicdn.com/imgextra/i3/O1CN01LvV0d41fjkGWg6iN6_!!6000000004043-2-tps-480-144.png,1
蕉内2026春夏氧气511Air引力带莫代尔无痕聚拢舒适背心胸罩内衣女四季通用透气中厚杯¥149.00北京包邮蕉家正品 严选好物,301,9年老店Bananain蕉内旗舰店,https://item.taobao.com/item.htm?id=1037939483276,https://img.alicdn.com/imgextra/i3/O1CN01LvV0d41fjkGWg6iN6_!!6000000004043-2-tps-480-144.png,1
蕉内棉棉301Home男士无痕随心裁背心四季打底衫睡衣上衣老头衫夏季纯色男¥69.00浙江杭州退货宝包邮9年老店Bananain蕉内旗舰店,301,9年老店Bananain蕉内旗舰店,https://detail.tmall.com/item.htm?id=877110209636,https://g-search3.alicdn.com/img/bao/uploaded/i4/i4/3035493001/O1CN01lqm3Ls1Y2VjpaMR0X_!!3035493001.jpg,1
蕉内棉棉301Home女士无缝背心吊带睡衣夏季内搭女款纯色打底新款无缝女士背心热卖榜·第4名¥69.00浙江杭州退货宝包邮9年老店Bananain蕉内旗舰店,301,9年老店Bananain蕉内旗舰店,https://detail.tmall.com/item.htm?id=878321961053,https://g-search3.alicdn.com/img/bao/uploaded/i4/i1/3035493001/O1CN013guGMZ1Y2VjpaMMrZ_!!3035493001.jpg,1
蕉内热皮501+女士防水直筒休闲裤工装裤裤子运动裤女裤直筒裤百搭自然腰¥359.00浙江杭州退货宝包邮9年老店Bananain蕉内旗舰店,5,乐淘集888,https://detail.tmall.com/item.htm?id=826685913327,https://g-search1.alicdn.com/img/bao/uploaded/i4/i2/3035493001/O1CN01IynrBe1Y2Vjpb5Jxf_!!3035493001.jpg,1
蕉内热皮5系男士防风防水直筒机能裤加绒保暖裤子工装裤运动裤保暖中腰户外风¥359.00浙江杭州退货宝包邮9年老店Bananain蕉内旗舰店,5,乐淘集888,https://detail.tmall.com/item.htm?id=972879380129,https://g-search3.alicdn.com/img/bao/uploaded/i4/i4/3035493001/O1CN01UZbE8r1Y2VjpZp0CJ_!!3035493001.jpg,1
蕉内热皮5系女士三防阔腿裤工装裤机能伞裤裤子休闲裤运动裤女裤工装裤百搭自然腰¥359.00浙江杭州退货宝包邮9年老店Bananain蕉内旗舰店,5,乐淘集888,https://detail.tmall.com/item.htm?id=976979274395,https://g-search1.alicdn.com/img/bao/uploaded/i4/i1/3035493001/O1CN01PRL9JR1Y2VjpGAbO3_!!3035493001.jpg,1
【王一博同款】蕉内热皮702++男士羊毛半拉链长袖机能t恤内搭上衣机能风保暖国内知名品牌¥359.00浙江杭州退货宝包邮9年老店Bananain蕉内旗舰店,5,乐淘集888,https://detail.tmall.com/item.htm?id=967708069856,https://g-search3.alicdn.com/img/bao/uploaded/i4/i3/3035493001/O1CN01IUvnEy1Y2VjpVsCRr_!!3035493001.jpg,1
锁温保暖|蕉内热皮5系发热长袜女加厚袜子棉袜毛圈袜防臭中筒袜入选中筒打底袜热卖榜¥79.00浙江杭州退货宝包邮9年老店Bananain蕉内旗舰店,5,乐淘集888,https://detail.tmall.com/item.htm?id=683384244118,https://gw.alicdn.com/imgextra/i4/O1CN01Yj7zr21OZLys1Ss8M_!!6000000001719-2-tps-279-42.png,1
蕉内热皮503++女士防风防水锥形工装裤运动裤休闲裤裤子锥形裤机能风自然腰¥359.00浙江杭州退货宝包邮9年老店Bananain蕉内旗舰店,5,乐淘集888,https://detail.tmall.com/item.htm?id=824649925205,https://gw.alicdn.com/imgextra/i4/O1CN01Yj7zr21OZLys1Ss8M_!!6000000001719-2-tps-279-42.png,1
蕉内银皮523A女士内裤蕾丝性感高级透气无痕隐形新款三角裤女短裤入选舒适无痕内裤店铺榜¥59.00浙江杭州退货宝9年老店Bananain蕉内旗舰店,303,9年老店Bananain蕉内旗舰店,https://detail.tmall.com/item.htm?id=1018122424324,https://g-search3.alicdn.com/img/bao/uploaded/i4/i3/3035493001/O1CN01qGZKCW1Y2VjpGAbOf_!!3035493001.jpg,1
蕉内舒服蕾303A文胸软支撑美背蕾丝内衣女性感法式文胸女士胸罩四季通用透气可调节肩带¥99.00浙江杭州退货宝包邮9年老店Bananain蕉内旗舰店,303,9年老店Bananain蕉内旗舰店,https://detail.tmall.com/item.htm?id=702968777162,https://gw.alicdn.com/imgextra/O1CN010zzHKF1Y2VjpU6NVF_!!3035493001-0-yinheaigc.jpg,1
蕉内舒服蕾303A文胸蕾丝美背内衣女薄款法式性感透气三角杯胸罩入选职业通勤内搭店铺榜¥99.00浙江杭州退货宝包邮回头客6万Bananain蕉内奥莱店,303,9年老店Bananain蕉内旗舰店,https://item.taobao.com/item.htm?id=885428689961,https://g-search3.alicdn.com/img/bao/uploaded/i4/i4/1054195167/O1CN01RZcHLF1o2XcGQHkzw-1054195167.jpg,1
蕉内舒服蕾303A文胸蕾丝内衣女美背透气薄款性感法式三角杯胸罩低腰透气女¥99.00浙江杭州退货宝包邮9年老店Bananain蕉内旗舰店,303,9年老店Bananain蕉内旗舰店,https://detail.tmall.com/item.htm?id=988130725554,https://g-search1.alicdn.com/img/bao/uploaded/i4/i2/3035493001/O1CN01q9duc01Y2VjpTf4Kw_!!3035493001.jpg,1
3件|蕉内银皮520Color女士内裤泡泡纱蕾丝性感纯棉透气裆三角裤女植物花卉中腰锦纶¥139.00浙江杭州新品退货宝包邮9年老店Bananain蕉内旗舰店,303,9年老店Bananain蕉内旗舰店,https://detail.tmall.com/item.htm?id=890473948762,https://g-search3.alicdn.com/img/bao/uploaded/i4/i3/3035493001/O1CN01r9zSCX1Y2VjpOc9qh_!!3035493001.jpg,1
蕉内500A舒服蕾内衣女夏薄款蕾丝吊带性感背心无痕美背文胸胸罩入选零压感内衣店铺榜¥149.00浙江杭州退货宝包邮9年老店Bananain蕉内旗舰店,303,9年老店Bananain蕉内旗舰店,https://detail.tmall.com/item.htm?id=978965370185,https://gw.alicdn.com/imgextra/O1CN01atVCDN1Y2Vjqxt8Qr_!!3035493001.jpg,1
蕉内空气杯503A性感蕾丝内衣内裤套装文胸薄款小胸聚拢美背胸罩女四季青年女性性感¥228.00浙江杭州退货宝包邮9年老店Bananain蕉内旗舰店,303,9年老店Bananain蕉内旗舰店,https://detail.tmall.com/item.htm?id=998107504527,https://g-search3.alicdn.com/img/bao/uploaded/i4/i4/3035493001/O1CN01apNiPO1Y2VjpU2DUU_!!3035493001.jpg,1
蕉内氧气503A舒服蕾三角杯蕾丝胸罩文胸无痕美背性感内衣女套装四季2026年春季¥228.00浙江杭州退货宝包邮9年老店Bananain蕉内旗舰店,303,9年老店Bananain蕉内旗舰店,https://detail.tmall.com/item.htm?id=1023397039453,https://g-search3.alicdn.com/img/bao/uploaded/i4/i2/3035493001/O1CN01Yl7rDH1Y2VjpibeBc_!!3035493001.jpg,1
蕉内氧气303A舒服蕾法式三角杯蕾丝内衣女性感透气文胸内裤套装四季青年女性简约¥135.00浙江杭州新品退货宝包邮9年老店Bananain蕉内旗舰店,303,9年老店Bananain蕉内旗舰店,https://detail.tmall.com/item.htm?id=894572967699,https://g-search1.alicdn.com/img/bao/uploaded/i4/i4/3035493001/O1CN01P4fDlY1Y2VjpbcFWt_!!3035493001.jpg,1
蕉内文胸舒服蕾303A蕾丝内衣女夏胸大显小聚拢性感法式三角杯胸罩四季通用透气薄¥99.90浙江杭州包邮6年老店官芳正品严选店,303,9年老店Bananain蕉内旗舰店,https://item.taobao.com/item.htm?id=908166575891,https://g-search3.alicdn.com/img/bao/uploaded/i4/i4/3237756720/O1CN01tULNEX1zVohEWvFVH_!!3237756720.jpg,1
蕉内银皮503A女士高颜值内裤蕾丝性感高级舒适无痕透气三角裤新款中腰锦纶抗菌¥59.00浙江杭州退货宝9年老店Bananain蕉内旗舰店,303,9年老店Bananain蕉内旗舰店,https://detail.tmall.com/item.htm?id=990117281580,https://g-search2.alicdn.com/img/bao/uploaded/i4/i2/3035493001/O1CN01FclHeH1Y2VjpUB9ro_!!3035493001.jpg,1
【达人专享】刘浩存同款蕉内500Air舒服蕾内衣女蕾丝吊带背心文胸透气可调节肩带3/4罩杯¥169.00浙江杭州退货宝包邮9年老店Bananain蕉内旗舰店,303,9年老店Bananain蕉内旗舰店,https://detail.tmall.com/item.htm?id=1047831712345,https://g-search1.alicdn.com/img/bao/uploaded/i4/i3/3035493001/O1CN01yrF42L1Y2Vjkvwvma_!!4611686018427384457-0-item_pic.jpg,1
蕉内舒服蕾303Air文胸软支撑美背蕾丝内衣女性感法式文胸女士胸罩天猫超市法式文胸热销榜·第1名¥99.00上海包邮14年老店天猫超市,303,9年老店Bananain蕉内旗舰店,https://detail.tmall.com/item.htm?id=972520669017,https://g-search1.alicdn.com/img/bao/uploaded/i4/i1/6000000007945/O1CN016TLbzf28Yrt4e4SBk_!!6000000007945-0-sm.jpg,1
蕉内氧气503A舒服蕾法式三角杯蕾丝胸罩文胸无痕美背性感内衣女四季通用聚拢可调节肩带¥169.00浙江杭州退货宝包邮9年老店Bananain蕉内旗舰店,303,9年老店Bananain蕉内旗舰店,https://detail.tmall.com/item.htm?id=1053852062612,https://g-search1.alicdn.com/img/bao/uploaded/i4/i1/3035493001/O1CN01snmHpd1Y2Vjj8oUSC_!!4611686018427384457-0-item_pic.jpg,1
【所有女生的衣橱直播间】【小胸颜值】蕉内303A背钩前扣式文胸植物花卉中腰莱卡¥94.00浙江杭州退货宝包邮9年老店Bananain蕉内旗舰店,303,9年老店Bananain蕉内旗舰店,https://detail.tmall.com/item.htm?id=1037307505854,https://g-search3.alicdn.com/img/bao/uploaded/i4/i4/3035493001/O1CN01XzBSCx1Y2Vjih6uJu_!!4611686018427384457-0-item_pic.jpg,1
【所有女生直播间】蕉内303A法式三角杯文胸四季通用透气可调节肩带¥99.00浙江杭州退货宝包邮9年老店Bananain蕉内旗舰店,303,9年老店Bananain蕉内旗舰店,https://detail.tmall.com/item.htm?id=1023877383919,https://g-search1.alicdn.com/img/bao/uploaded/i4/i2/3035493001/O1CN010wip4w1Y2Vji8ClYy_!!4611686018427384457-0-item_pic.jpg,1
10A抗菌|蕉内银皮506Air女士中筒袜可爱花边吸汗防臭透气新款袜子四季通用抗菌简约¥59.00浙江杭州退货宝9年老店Bananain蕉内旗舰店,303,9年老店Bananain蕉内旗舰店,https://detail.tmall.com/item.htm?id=1015883303023,https://gw.alicdn.com/imgextra/i4/O1CN01Yj7zr21OZLys1Ss8M_!!6000000001719-2-tps-279-42.png,1
蕉内氧气501A花瓣杯蕾丝性感透气内衣女小胸聚拢美背文胸内裤套装四季聚拢简约¥228.00浙江杭州退货宝包邮9年老店Bananain蕉内旗舰店,303,9年老店Bananain蕉内旗舰店,https://detail.tmall.com/item.htm?id=1022297512728,https://gw.alicdn.com/imgextra/i4/O1CN01Yj7zr21OZLys1Ss8M_!!6000000001719-2-tps-279-42.png,1
蕉内氧气502A阳台杯蕾丝内衣女夏薄款聚拢性感美背内裤文胸套装四季聚拢简约¥228.00浙江杭州退货宝包邮9年老店Bananain蕉内旗舰店,303,9年老店Bananain蕉内旗舰店,https://detail.tmall.com/item.htm?id=1021518493703,https://gw.alicdn.com/imgextra/i4/O1CN01Yj7zr21OZLys1Ss8M_!!6000000001719-2-tps-279-42.png,1
蕉内氧气502Air舒服蕾阳台杯内衣女聚拢蕾丝美背法式性感文胸胸罩入选品牌奥莱内衣店铺榜¥169.00浙江杭州退货宝包邮回头客6万Bananain蕉内奥莱店,303,9年老店Bananain蕉内旗舰店,https://item.taobao.com/item.htm?id=817702603210,https://gw.alicdn.com/imgextra/i4/O1CN01dPvgAJ1Zwfv79ayOL_!!6000000003259-2-tps-191-42.png,1
蕉内氧气501Air花瓣杯文胸聚拢蕾丝小胸法式性感胸罩内衣女四季通用软支撑适中¥228.00浙江杭州退货宝回头客6万Bananain蕉内奥莱店,303,9年老店Bananain蕉内旗舰店,https://item.taobao.com/item.htm?id=892239891352,https://gw.alicdn.com/imgextra/i4/O1CN01dPvgAJ1Zwfv79ayOL_!!6000000003259-2-tps-191-42.png,1
【自播专享】蕉内舒服蕾303A文胸蕾丝内衣女薄款法式三角杯胸罩四季通用透气薄¥99.00浙江杭州退货宝包邮9年老店Bananain蕉内旗舰店,303,9年老店Bananain蕉内旗舰店,https://detail.tmall.com/item.htm?id=947155178977,https://img.alicdn.com/imgextra/i2/O1CN01KqSpjA1T4jQJdrJ8B_!!6000000002329-2-tps-64-32.png,1
3件|蕉内氮气508Dry Air女士内裤运动无痕健身透气速干三角裤新款中腰速干女¥119.00浙江杭州退货宝包邮9年老店Bananain蕉内旗舰店,506,9年老店Bananain蕉内旗舰店,https://detail.tmall.com/item.htm?id=1018309115672,https://g-search3.alicdn.com/img/bao/uploaded/i4/i1/3035493001/O1CN01X9aXCS1Y2VjqxsKVn_!!3035493001.jpg,1
[王一博同款]蕉内氮气501DryPro男士速干抗菌圆领修身短袖运动T恤运动风速干标准¥199.00浙江杭州退货宝包邮9年老店Bananain蕉内旗舰店,506,9年老店Bananain蕉内旗舰店,https://detail.tmall.com/item.htm?id=1028874942244,https://g-search3.alicdn.com/img/bao/uploaded/i4/i2/3035493001/O1CN01o9qVcs1Y2VjpTeX1S_!!3035493001.jpg,1
【王一博同款】蕉内氮气501Dry Pro男士速干抗菌网眼短袖运动T恤运动风速干宽松型¥199.00浙江杭州退货宝包邮9年老店Bananain蕉内旗舰店,506,9年老店Bananain蕉内旗舰店,https://detail.tmall.com/item.htm?id=1022500556584,https://g-search3.alicdn.com/img/bao/uploaded/i4/i4/3035493001/O1CN01VAr6Lk1Y2VjpZp0EI_!!3035493001.jpg,1
【达人专享】蕉内氮气305Dry男女士速干吸湿排汗针织短裤直筒裤休闲自然腰¥179.00浙江杭州退货宝包邮9年老店Bananain蕉内旗舰店,506,9年老店Bananain蕉内旗舰店,https://detail.tmall.com/item.htm?id=1018995314919,https://g-search3.alicdn.com/img/bao/uploaded/i4/i4/3035493001/O1CN01TtNeoI1Y2Vjl5dyhS_!!4611686018427384457-0-item_pic.jpg,1
防臭吸汗|蕉内氮气521DryPro篮球袜男专业袜子防滑透气运动长袜四季通用运动简约¥59.00浙江杭州退货宝包邮9年老店Bananain蕉内旗舰店,506,9年老店Bananain蕉内旗舰店,https://detail.tmall.com/item.htm?id=816597795454,https://gw.alicdn.com/imgextra/O1CN01PXKTOh1Y2VjnDkN2T_!!3035493001-0-picasso.jpg,1
【达人专享】刘浩存同款蕉内氮气504Dry运动内衣女美背性感背心薄四季通用抗菌薄¥199.00浙江杭州退货宝包邮9年老店Bananain蕉内旗舰店,506,9年老店Bananain蕉内旗舰店,https://detail.tmall.com/item.htm?id=1056083969666,https://g-search3.alicdn.com/img/bao/uploaded/i4/i1/3035493001/O1CN01PiPWyV1Y2VjnLaqMo_!!4611686018427384457-0-item_pic.jpg,1
蕉内氮气301Dry女士速干直筒卫裤运动休闲裤白色裤子夏季新款女裤直筒裤长裤自然腰¥219.00浙江杭州退货宝包邮9年老店Bananain蕉内旗舰店,506,9年老店Bananain蕉内旗舰店,https://detail.tmall.com/item.htm?id=1013675943600,https://gw.alicdn.com/imgextra/i4/O1CN01Yj7zr21OZLys1Ss8M_!!6000000001719-2-tps-279-42.png,1
防臭吸汗|蕉内氮气501Dry女运动短袜毛巾袜跑步袜子白色长袜棉袜女子短筒¥79.00浙江杭州退货宝包邮9年老店Bananain蕉内旗舰店,506,9年老店Bananain蕉内旗舰店,https://detail.tmall.com/item.htm?id=828399675662,https://gw.alicdn.com/imgextra/i4/O1CN01Yj7zr21OZLys1Ss8M_!!6000000001719-2-tps-279-42.png,1
蕉内氮气302DryPro儿童短袖恤男童速干衣女童长袖运动上衣训练服男女通用防紫外线圆领¥119.00浙江杭州退货宝包邮9年老店Bananain蕉内旗舰店,506,9年老店Bananain蕉内旗舰店,https://detail.tmall.com/item.htm?id=858786587348,https://img.alicdn.com/imgextra/i2/O1CN01KqSpjA1T4jQJdrJ8B_!!6000000002329-2-tps-64-32.png,1
蕉内丝丝508Sleep男士背心短袖T恤莫代尔大码短袖睡衣新款短袖圆领夏季¥129.00浙江杭州退货宝包邮9年老店Bananain蕉内旗舰店,2026,9年老店Bananain蕉内旗舰店,https://detail.tmall.com/item.htm?id=886841839174,https://g-search2.alicdn.com/img/bao/uploaded/i4/i2/3035493001/O1CN01KnC9WE1Y2VjpaKDo4_!!3035493001.jpg,1
蕉内丝丝508Sleep男士背心莫代尔冰丝大码老头衫打底衫无袖睡衣夏季标准汗背心¥99.00浙江杭州退货宝包邮9年老店Bananain蕉内旗舰店,2026,9年老店Bananain蕉内旗舰店,https://detail.tmall.com/item.htm?id=915946272031,https://g-search1.alicdn.com/img/bao/uploaded/i4/i4/3035493001/O1CN01ZIWS1e1Y2Vjpb9DCm_!!3035493001.jpg,1
蕉内丝丝708Sleep男士随心裁四季大码短袖打底衫睡衣莫代尔背心四季通用纯色男¥149.00浙江杭州退货宝包邮9年老店Bananain蕉内旗舰店,2026,9年老店Bananain蕉内旗舰店,https://detail.tmall.com/item.htm?id=1018034311788,https://g-search2.alicdn.com/img/bao/uploaded/i4/i3/3035493001/O1CN01sQA3P61Y2VjpTffmD_!!3035493001.jpg,1
【所有女生的衣橱直播间】蕉内丝丝520H男/女士超级市场家居套装青年翻领纽扣¥289.00浙江杭州退货宝包邮9年老店Bananain蕉内旗舰店,2026,9年老店Bananain蕉内旗舰店,https://detail.tmall.com/item.htm?id=1037376508689,https://g-search2.alicdn.com/img/bao/uploaded/i4/i2/3035493001/O1CN01RH781G1Y2VjilgmGP_!!4611686018427384457-0-item_pic.jpg,1
蕉内丝丝508Sleep男士居家短袖T恤莫代尔睡衣打底家居服新款九分袖V领冬季¥129.00浙江杭州退货宝包邮9年老店Bananain蕉内旗舰店,2026,9年老店Bananain蕉内旗舰店,https://detail.tmall.com/item.htm?id=887515221036,https://g-search3.alicdn.com/img/bao/uploaded/i4/i1/3035493001/O1CN01cAF0jD1Y2VjpicJtH_!!3035493001.jpg,1
蕉内丝丝508S莫代尔男士背心大码冰丝凉感短袖打底衫T恤睡衣夏款夏季纯色莫代尔¥99.00浙江杭州退货宝包邮回头客6万Bananain蕉内奥莱店,2026,9年老店Bananain蕉内旗舰店,https://item.taobao.com/item.htm?id=765722377589,https://g-search3.alicdn.com/img/bao/uploaded/i4/i2/1054195167/O1CN017q91NM1o2XcGBXrYB-1054195167.jpg,1
蕉内丝丝708Sleep男士莫代尔随心裁背心四季大码短袖打底衫睡衣夏季男2026年春季¥149.00浙江杭州退货宝包邮回头客6万Bananain蕉内奥莱店,2026,9年老店Bananain蕉内旗舰店,https://item.taobao.com/item.htm?id=1032750577231,https://g-search3.alicdn.com/img/bao/uploaded/i4/i2/1054195167/O1CN01pRMOby1o2XcBY0cIB-1054195167.jpg,1
蕉内丝丝520Home Pets男士冰丝家居服可外穿短袖新款睡衣2026夏翻领短袖四季通用¥299.00浙江杭州退货宝包邮9年老店Bananain蕉内旗舰店,2026,9年老店Bananain蕉内旗舰店,https://detail.tmall.com/item.htm?id=1020879583942,https://g-search3.alicdn.com/img/bao/uploaded/i4/i2/3035493001/O1CN01lfmFDp1Y2Vjpb7OqI_!!3035493001.jpg,1
蕉内男士三角内裤凉皮311CA冰丝透气裤衩男不卡裆短裤夏薄款正品青年男锦纶¥99.90浙江杭州包邮6年老店官芳正品严选店,2026,9年老店Bananain蕉内旗舰店,https://item.taobao.com/item.htm?id=1055320869490,https://img.alicdn.com/imgextra/i3/O1CN01LvV0d41fjkGWg6iN6_!!6000000004043-2-tps-480-144.png,1
蕉内丝丝520Home女士冰丝家居服套装夏季可外穿短袖新款睡衣女款短袖夏季2026年春季¥329.00浙江杭州退货宝包邮9年老店Bananain蕉内旗舰店,2026,9年老店Bananain蕉内旗舰店,https://detail.tmall.com/item.htm?id=1034844706830,https://img.alicdn.com/imgextra/i2/O1CN01KqSpjA1T4jQJdrJ8B_!!6000000002329-2-tps-64-32.png,1
蕉内丝丝508Sleep男士睡衣莫代尔四季可穿大码短袖打底衫背心夏季纯色莫代尔¥99.00浙江杭州退货宝包邮9年老店Bananain蕉内旗舰店,2026,9年老店Bananain蕉内旗舰店,https://detail.tmall.com/item.htm?id=1048330055128,https://gw.alicdn.com/imgextra/i4/O1CN01Yj7zr21OZLys1Ss8M_!!6000000001719-2-tps-279-42.png,1
【达人专享】蕉内凉皮301UV男士口罩防紫外线女透气冰丝防晒面罩成人锦纶10713660071¥59.00浙江杭州退货宝包邮9年老店Bananain蕉内旗舰店,506,9年老店Bananain蕉内旗舰店,https://detail.tmall.com/item.htm?id=1056047001592,https://gw.alicdn.com/imgextra/i4/O1CN01Yj7zr21OZLys1Ss8M_!!6000000001719-2-tps-279-42.png,1
【自播】蕉内凉皮305Cool女士阔腿裤冰丝防晒休闲裤子阔腿裤百搭高腰¥179.00浙江杭州退货宝包邮9年老店Bananain蕉内旗舰店,2026,9年老店Bananain蕉内旗舰店,https://detail.tmall.com/item.htm?id=947080138175,https://g-search2.alicdn.com/img/bao/uploaded/i4/i1/3035493001/O1CN013EXIFI1Y2Vjje94Nx_!!4611686018427384457-0-item_pic.jpg,1
蕉内棉棉301Home男士无痕随心裁背心四季打底衫睡衣上衣老头衫夏季标准汗背心¥69.00浙江杭州退货宝包邮9年老店Bananain蕉内旗舰店,2026,9年老店Bananain蕉内旗舰店,https://detail.tmall.com/item.htm?id=914483894559,https://g-search3.alicdn.com/img/bao/uploaded/i4/i2/3035493001/O1CN01JM3Frd1Y2Vjkrex7F_!!3035493001.jpg,1
蕉内棉棉301Home家居服男士无缝背心宽肩上衣老头衫大码纯棉睡衣夏季标准汗背心¥69.00浙江杭州退货宝包邮9年老店Bananain蕉内旗舰店,2026,9年老店Bananain蕉内旗舰店,https://detail.tmall.com/item.htm?id=914241923755,https://g-search3.alicdn.com/img/bao/uploaded/i4/i3/3035493001/O1CN01TqSV3m1Y2VjpFgBzj_!!3035493001.jpg,1
【王一博同款】蕉内基础301H防滑拖鞋居家静音整鞋EVA抗菌厚薄款EVA通用一字拖鞋¥58.00上海包邮14年老店天猫超市,301,9年老店Bananain蕉内旗舰店,https://detail.tmall.com/item.htm?id=1030787249662,https://g-search3.alicdn.com/img/bao/uploaded/i4/i4/6000000004530/O1CN01EbBD7l1jKnK3n2DPj_!!6000000004530-0-sm.jpg,1
朴西香蕉船防滑凉拖鞋女夏居家洗澡静音家用室内eva防臭拖鞋男士EVA居家拖鞋一字拖鞋¥49.80上海包邮14年老店天猫超市,301,9年老店Bananain蕉内旗舰店,https://detail.tmall.com/item.htm?id=1051960332747,https://g-search1.alicdn.com/img/bao/uploaded/i4/i3/6000000001113/O1CN01SqWoAF1K5nxwS3htj_!!6000000001113-0-sm.jpg,1
【王一博同款】蕉内基础301Home男居家室内防滑凉拖情侣男款拖鞋居家拖鞋中包跟夏季¥49.00浙江杭州退货宝包邮9年老店Bananain蕉内旗舰店,301,9年老店Bananain蕉内旗舰店,https://detail.tmall.com/item.htm?id=976947822172,https://g-search3.alicdn.com/img/bao/uploaded/i4/i3/3035493001/O1CN01t1RtSn1Y2VjpFi0Eb_!!3035493001.jpg,1
朴西香蕉夏季厚软底女士可外穿凉拖浴室内洗澡防滑家用情侣拖鞋男天猫超市休闲拖鞋热销榜·第10名¥39.80上海包邮14年老店天猫超市,301,9年老店Bananain蕉内旗舰店,https://detail.tmall.com/item.htm?id=926469427468,https://g-search2.alicdn.com/img/bao/uploaded/i4/i3/6000000000043/O1CN01kajFNE1CBkAwZu5df_!!6000000000043-0-sm.jpg,1
蕉内基础301Home防滑拖鞋软回弹居家外出抗菌EVA拖鞋eva材质居家拖鞋中包跟¥58.00上海包邮14年老店天猫超市,301,9年老店Bananain蕉内旗舰店,https://detail.tmall.com/item.htm?id=1028194817814,https://g-search1.alicdn.com/img/bao/uploaded/i4/i2/6000000007582/O1CN01axyt6425sc7DXsiUJ_!!6000000007582-0-sm.jpg,1
朴西香蕉居家凉拖鞋女士夏季浴室洗澡防滑防臭eva家居室内拖鞋男平底居家凉拖热卖榜·第1名¥99.80浙江金华包邮公益宝贝回头客100万朴西官方旗舰店,301,9年老店Bananain蕉内旗舰店,https://detail.tmall.com/item.htm?id=611275701119,https://g-search3.alicdn.com/img/bao/uploaded/i4/i1/2032840798/O1CN01ahpFsW1HlX5pmIa4I_!!4611686018427383902-0-item_pic.jpg,1
朴西2026香蕉夏季凉拖鞋女士不臭脚家居家用浴室内洗澡eva防滑男淘宝秒杀休闲拖鞋热销榜·第4名¥79.80浙江金华包邮回头客90万朴西旗舰店,301,9年老店Bananain蕉内旗舰店,https://detail.tmall.com/item.htm?id=775439117407,https://g-search3.alicdn.com/img/bao/uploaded/i4/i3/2217113398497/O1CN01xtpav82CdgOjb0N1n_!!4611686018427383009-0-item_pic.jpg,1
【王一博同款】蕉内基础301Home男士家居室内防滑凉拖女情侣拖鞋居家拖鞋中包跟夏季¥49.00浙江杭州退货宝回头客6万Bananain蕉内奥莱店,301,9年老店Bananain蕉内旗舰店,https://item.taobao.com/item.htm?id=765741846584,https://g-search2.alicdn.com/img/bao/uploaded/i4/i1/1054195167/O1CN01jhF9hw1o2XcGfll1p-1054195167.jpg,1
朴西夏季新款儿童香蕉凉拖鞋男女童家居室内防滑静音凉拖EVA居家拖鞋一字拖鞋¥35.80上海全网低价包邮14年老店天猫超市,301,9年老店Bananain蕉内旗舰店,https://detail.tmall.com/item.htm?id=992431023127,https://g-search3.alicdn.com/img/bao/uploaded/i4/i3/6000000000439/O1CN017aMAlF1F771AmdmNL_!!6000000000439-0-sm.jpg,1
朴西踩屎感可外穿女士香蕉拖鞋室内防滑简约软底家用情侣拖鞋男EVA居家拖鞋一字拖鞋¥39.80上海包邮14年老店天猫超市,301,9年老店Bananain蕉内旗舰店,https://detail.tmall.com/item.htm?id=927434881931,https://g-search1.alicdn.com/img/bao/uploaded/i4/i2/6000000006382/O1CN01HpPJXd1x10puz9Yti_!!6000000006382-0-sm.jpg,1
朴西印花香蕉船情侣家用字母凉拖夏浴室防滑软底室内居家拖鞋女居家拖鞋一字拖鞋夏季¥42.00四川成都包邮回头客3千PUXI正品居家拖鞋,301,9年老店Bananain蕉内旗舰店,https://item.taobao.com/item.htm?id=812172541805,https://g-search2.alicdn.com/img/bao/uploaded/i4/i2/2214118784371/O1CN01FOEdgf1i9yEuCxPZl_!!2214118784371.jpg,1
朴西夏季新款香蕉凉拖鞋女家居室内简约浴室洗澡防滑静音凉拖男居家拖鞋一字拖鞋夏季¥99.80浙江金华极有家包邮回头客6万朴西家居体验店,301,9年老店Bananain蕉内旗舰店,https://item.taobao.com/item.htm?id=1026603550712,https://g-search2.alicdn.com/img/bao/uploaded/i4/i4/2044007692/O1CN01WU1g5z26gzfF1pdS1_!!2044007692.jpg,1
朴西拖鞋香蕉船新款ins潮网红男女情侣拖鞋室内居家外穿浴室海边入选舒适居家拖鞋店铺榜¥99.33浙江嘉兴退货宝包邮公益宝贝回头客2万PUXI拖鞋专售丨平台TOP热销榜推荐,301,9年老店Bananain蕉内旗舰店,https://item.taobao.com/item.htm?id=616694375179,https://g-search3.alicdn.com/img/bao/uploaded/i4/i1/1909402860/O1CN01s7lQp81WzviyRvJj3_!!1909402860.jpg,1
朴西香蕉船情侣居家eva凉拖鞋女夏季室内浴室洗澡防滑防臭拖鞋男EVA居家拖鞋一字拖鞋¥49.80上海包邮14年老店天猫超市,301,9年老店Bananain蕉内旗舰店,https://detail.tmall.com/item.htm?id=998562058294,https://g-search3.alicdn.com/img/bao/uploaded/i4/i3/6000000007826/O1CN01YbdEiC27gMktYxN1c_!!6000000007826-0-sm.jpg,1
朴西香蕉船防滑凉拖鞋女夏家居洗澡静音家用室内eva防臭拖鞋男士淘宝秒杀居家鞋热销榜·第2名¥119.00浙江金华包邮回头客100万朴西官方旗舰店,301,9年老店Bananain蕉内旗舰店,https://detail.tmall.com/item.htm?id=677649690743,https://g-search1.alicdn.com/img/bao/uploaded/i4/i2/2032840798/O1CN01iJB6a51HlX5plv125_!!4611686018427383902-0-item_pic.jpg,1
朴西香蕉船拖鞋店男士大码香蕉船凉拖鞋夏浴室防滑防臭室内居家厚入选舒适居家拖鞋店铺榜¥99.33浙江嘉兴退货宝包邮回头客2万PUXI拖鞋专售丨平台TOP热销榜推荐,301,9年老店Bananain蕉内旗舰店,https://item.taobao.com/item.htm?id=703992628552,https://g-search3.alicdn.com/img/bao/uploaded/i4/i3/1909402860/O1CN01rlV1Xe1WzvjFHkk7F_!!1909402860.jpg,1
朴西香蕉拖鞋男士防滑不臭脚EVA厚软底踩屎感室内居家情侣凉拖鞋居家拖鞋一字拖鞋夏季¥89.80浙江嘉兴退货宝包邮回头客9千朴西品牌拖鞋馆,301,9年老店Bananain蕉内旗舰店,https://item.taobao.com/item.htm?id=955152310241,https://g-search1.alicdn.com/img/bao/uploaded/i4/i3/2207929875872/O1CN01hJAAvK1tFQm57Zq0p_!!2207929875872.jpg,1
朴西2026夏季新款厚软底香蕉拖鞋室内防滑居家静音外穿情侣拖鞋男居家拖鞋一字拖鞋夏季¥99.80浙江金华极有家包邮回头客6万朴西家居体验店,301,9年老店Bananain蕉内旗舰店,https://item.taobao.com/item.htm?id=951070698632,https://g-search3.alicdn.com/img/bao/uploaded/i4/i4/2044007692/O1CN015ZUSo026gzbvjexYf_!!2044007692.jpg,1
蕉图JOYTOUR拖鞋女居家家用浴室凉拖鞋男士室内外防滑洗澡家居少女简约风¥15.00广东深圳包邮回头客5千雨凡家居百货店,301,9年老店Bananain蕉内旗舰店,https://item.taobao.com/item.htm?id=981476313736,https://g-search2.alicdn.com/img/bao/uploaded/i4/i2/679450147/O1CN01GVxulR1CxNJaXrptH_!!679450147.jpg,1
蕉内基础301Home家居室内浴室女士防滑防臭凉拖男士情侣软底拖鞋男女休闲风¥29.90广东东莞退货宝包邮10年老店MAD Baby童装店,301,9年老店Bananain蕉内旗舰店,https://item.taobao.com/item.htm?id=976692063398,https://g-search2.alicdn.com/img/bao/uploaded/i4/i3/864299499/O1CN01AgR8KB2K2bJtSL5DH_!!864299499.jpg,1
【王一博同款】蕉内棉棉505Home家居男女士室内防臭静音防滑拖鞋通用舒适¥119.00江苏苏州退货宝包邮9年老店Bananain蕉内旗舰店,301,9年老店Bananain蕉内旗舰店,https://detail.tmall.com/item.htm?id=1051947809760,https://g-search1.alicdn.com/img/bao/uploaded/i4/i4/3035493001/O1CN01tmgEZs1Y2VjpVvtDF_!!3035493001.jpg,1
朴西夏季防臭拖鞋EVA男士浴室内洗澡可外穿防滑居家用凉拖情侣女居家拖鞋一字拖鞋夏季¥89.00浙江金华退货宝包邮回头客8千朴西家居拖鞋店,301,9年老店Bananain蕉内旗舰店,https://item.taobao.com/item.htm?id=826942505351,https://g-search3.alicdn.com/img/bao/uploaded/i4/i4/718282612/O1CN01mdvJ0D1VALWLlKMys_!!718282612.jpg,1
朴西香蕉船拖鞋男女情侣eva浴室软底简约居家室内防滑凉拖鞋旅行入选舒适居家拖鞋店铺榜¥99.33浙江嘉兴退货宝包邮公益宝贝回头客2万PUXI拖鞋专售丨平台TOP热销榜推荐,301,9年老店Bananain蕉内旗舰店,https://item.taobao.com/item.htm?id=616361968245,https://g-search3.alicdn.com/img/bao/uploaded/i4/i3/1909402860/O1CN01q7acfw1WzvjCS5f7Y_!!1909402860.jpg,1
朴西香蕉船凉拖鞋男居家浴室洗澡防滑静音家用室内eva拖鞋女夏季居家拖鞋一字拖鞋夏季¥119.00浙江金华包邮回头客100万朴西官方旗舰店,301,9年老店Bananain蕉内旗舰店,https://detail.tmall.com/item.htm?id=826500218422,https://gw.alicdn.com/imgextra/O1CN01wdWXIc1HlXCa6D9WD_!!2032840798-0-picasso.jpg,1
朴西软底香蕉踩屎感女士夏季凉拖鞋居家浴室内防滑简约厚底情侣拖EVA居家拖鞋一字拖鞋¥39.80上海包邮14年老店天猫超市,301,9年老店Bananain蕉内旗舰店,https://detail.tmall.com/item.htm?id=932513015433,https://g-search1.alicdn.com/img/bao/uploaded/i4/i1/6000000005256/O1CN01rcvtvC1ohIrmCOnlP_!!6000000005256-0-sm.jpg,1
朴西香蕉船拖鞋夏男款2024新款室内防滑软底防臭轻便情侣凉拖女士居家拖鞋一字拖鞋夏季¥79.80广东揭阳包邮PUXI品牌拖鞋馆,301,9年老店Bananain蕉内旗舰店,https://item.taobao.com/item.htm?id=758996510393,https://g-search3.alicdn.com/img/bao/uploaded/i4/i4/2214287721297/O1CN01uJEmbq1LS4gcc84T5_!!2214287721297.jpg,1
朴西香蕉船plus儿童凉拖鞋简约风家居室内防滑亲子拖鞋轻便一字拖一字拖居家14岁以上¥69.80浙江金华包邮回头客1万朴西童鞋旗舰店,301,9年老店Bananain蕉内旗舰店,https://detail.tmall.com/item.htm?id=1054187140610,https://g-search3.alicdn.com/img/bao/uploaded/i4/i3/2216563282400/O1CN01Cw25gL1TbFhRKCMYx_!!4611686018427384288-0-item_pic.jpg,1
朴西夏季新款亲子香蕉儿童凉拖鞋女家居室内防滑静音厚软底凉拖男居家拖鞋一字拖鞋夏季¥99.80浙江金华极有家包邮回头客6万朴西家居体验店,301,9年老店Bananain蕉内旗舰店,https://item.taobao.com/item.htm?id=992172892312,https://g-search3.alicdn.com/img/bao/uploaded/i4/i4/2044007692/O1CN013WQxUz26gzdhscavB_!!2044007692.jpg,1
朴西香蕉船凉拖鞋儿童亲子款夏季室内家居情侣款浴室洗澡拖鞋女拖鞋通用四季通用¥59.80浙江金华包邮回头客100万朴西官方旗舰店,301,9年老店Bananain蕉内旗舰店,https://detail.tmall.com/item.htm?id=788166556891,https://gw.alicdn.com/imgextra/O1CN012ds9yI1HlXCZx16do_!!2032840798-0-picasso.jpg,1
【直播间专属】朴西香蕉船凉拖鞋男夏居家用室内浴室防滑洗澡evaEVA居家拖鞋一字拖鞋¥99.80浙江金华包邮回头客100万朴西官方旗舰店,301,9年老店Bananain蕉内旗舰店,https://detail.tmall.com/item.htm?id=785518569979,https://gw.alicdn.com/imgextra/O1CN01m3I8SX1HlXCfqVusf_!!2032840798-0-picasso.jpg,1
朴西香蕉船居家凉拖鞋男夏季浴室防滑洗澡eva家居室内拖鞋女4601居家拖鞋一字拖鞋夏季¥27.80四川成都包邮木西拖鞋馆,301,9年老店Bananain蕉内旗舰店,https://item.taobao.com/item.htm?id=712265672263,https://gw.alicdn.com/imgextra/O1CN01Rs7oLV2506yliosxP_!!865787463-0-picasso.jpg,1
朴西香蕉拖鞋室内家居夏季外穿防滑防臭无异味浴室洗澡静音eva女居家拖鞋一字拖鞋夏季¥49.80浙江金华退货宝包邮8年老店朴西PUXI拖鞋,301,9年老店Bananain蕉内旗舰店,https://item.taobao.com/item.htm?id=785111690868,https://g-search3.alicdn.com/img/bao/uploaded/i4/i2/3927152454/O1CN01yiT0Cw1TzyyLJxWiV_!!3927152454.jpg,1
朴西香蕉凉拖鞋女士夏季新款简约家居室内浴室洗澡防滑静音凉拖男居家拖鞋一字拖鞋夏季¥99.80浙江金华极有家包邮回头客6万朴西家居体验店,301,9年老店Bananain蕉内旗舰店,https://item.taobao.com/item.htm?id=1004647860447,https://g-search1.alicdn.com/img/bao/uploaded/i4/i3/2044007692/O1CN01SaPPNc26gzeKoMTPA_!!2044007692.jpg,1
朴西香蕉船凉拖鞋女夏季浴室防滑防臭室内居家厚底拖鞋女士拖鞋男浴室拖鞋一字拖鞋四季¥89.00浙江金华退货宝包邮回头客8千朴西家居拖鞋店,301,9年老店Bananain蕉内旗舰店,https://item.taobao.com/item.htm?id=716978748173,https://g-search1.alicdn.com/img/bao/uploaded/i4/i3/718282612/O1CN011viRRM1VALWGaqOkt_!!718282612.jpg,1
朴西厚底夏季香蕉凉拖鞋女简约家居室内浴室洗澡防滑静音凉拖男居家拖鞋一字拖鞋夏季¥99.80浙江金华极有家包邮回头客6万朴西家居体验店,301,9年老店Bananain蕉内旗舰店,https://item.taobao.com/item.htm?id=1006289628053,https://g-search3.alicdn.com/img/bao/uploaded/i4/i3/2044007692/O1CN01YpI9Wz26gzeO6wTIv_!!2044007692.png,1
朴西香蕉拖鞋男士大码2026夏季居家用EVA浴室内洗澡不臭脚防滑女居家拖鞋一字拖鞋四季¥79.80浙江嘉兴退货宝包邮回头客9千朴西品牌拖鞋馆,301,9年老店Bananain蕉内旗舰店,https://item.taobao.com/item.htm?id=944469547590,https://g-search3.alicdn.com/img/bao/uploaded/i4/i1/2207929875872/O1CN013xZftu1tFQlb6AN4V_!!2207929875872.jpg,1
朴西香蕉船凉拖鞋室内家居情侣款防滑防臭厚底酒店浴室洗澡拖鞋女¥89.00浙江金华退货宝包邮回头客8千朴西家居拖鞋店,301,9年老店Bananain蕉内旗舰店,https://item.taobao.com/item.htm?id=791468836558,https://g-search2.alicdn.com/img/bao/uploaded/i4/i2/718282612/O1CN01IxKdsY1VALWF8p2AS_!!718282612.jpg,1
朴西香蕉船拖鞋男2026夏季新款居家室内洗澡防滑软底不臭脚凉拖鞋居家拖鞋一字拖鞋夏季¥99.33浙江嘉兴退货宝包邮回头客2万PUXI拖鞋专售丨平台TOP热销榜推荐,301,9年老店Bananain蕉内旗舰店,https://item.taobao.com/item.htm?id=781214778137,https://g-search3.alicdn.com/img/bao/uploaded/i4/i4/1909402860/O1CN01L0WJy51Wzvj0xCzTm_!!1909402860.jpg,1
朴西香蕉踩屎感厚底外穿情侣凉拖鞋男居家防滑家居室内拖鞋女夏季居家拖鞋露趾夏季¥89.80湖南株洲退货宝包邮7年老店PUXI品牌拖鞋体验店,301,9年老店Bananain蕉内旗舰店,https://item.taobao.com/item.htm?id=712890601039,https://g-search2.alicdn.com/img/bao/uploaded/i4/i4/305254695/O1CN014Kp98O1kYMbxoyh1a_!!305254695.jpg,1
蕉内基础320Color儿童针织围巾男童女童半边绒保暖可爱秋冬新款¥129.00浙江杭州退货宝包邮9年老店Bananain蕉内旗舰店,320,9年老店Bananain蕉内旗舰店,https://detail.tmall.com/item.htm?id=824399380824,https://gw.alicdn.com/imgextra/O1CN019m4Ucq1Y2VjpTht2x_!!3035493001-0-yinheaigc.jpg,1
蕉内3系围巾渔夫帽手套仿羊羔绒保暖围脖毛绒帽子女冬季礼物3件套2025年秋季¥99.00浙江杭州退货宝包邮9年老店Bananain蕉内旗舰店,320,9年老店Bananain蕉内旗舰店,https://detail.tmall.com/item.htm?id=737550326166,https://g-search1.alicdn.com/img/bao/uploaded/i4/i1/3035493001/O1CN01H3cFEU1Y2VjpWO5UA_!!3035493001.jpg,1
蕉内红色计划5系男女围巾帽子手套本命年情侣新年礼物保暖礼盒冬男女通用分指手套Bananain/蕉内¥99.00浙江杭州退货宝包邮9年老店Bananain蕉内旗舰店,320,9年老店Bananain蕉内旗舰店,https://detail.tmall.com/item.htm?id=982894352735,https://g-search3.alicdn.com/img/bao/uploaded/i4/i1/3035493001/O1CN01gH8oJH1Y2VjqxpVu6_!!3035493001.jpg,1
蕉内Go系列520Go儿童保暖围巾动物珊瑚绒冬新款防风男女童一体帽护耳帽男女通用休闲¥139.00江苏苏州退货宝包邮9年老店Bananain蕉内旗舰店,320,9年老店Bananain蕉内旗舰店,https://detail.tmall.com/item.htm?id=830742495458,https://g-search2.alicdn.com/img/bao/uploaded/i4/i3/3035493001/O1CN01PliSUT1Y2VjpWP5qT_!!3035493001.jpg,1
蕉内502Color流苏拼色围巾冬季女韩系氛围感保暖加厚披肩围脖护颈女长方形围巾/丝巾¥179.00浙江杭州退货宝包邮9年老店Bananain蕉内旗舰店,320,9年老店Bananain蕉内旗舰店,https://detail.tmall.com/item.htm?id=739009401968,https://g-search2.alicdn.com/img/bao/uploaded/i4/i1/3035493001/O1CN01k7fbTn1Y2VjpObUCG_!!3035493001.jpg,1
蕉内儿童帽子围巾男女童秋冬服配盲盒（随机发1件）套头帽男女通用无檐¥39.00浙江杭州退货宝9年老店Bananain蕉内旗舰店,320,9年老店Bananain蕉内旗舰店,https://detail.tmall.com/item.htm?id=743718467752,https://g-search3.alicdn.com/img/bao/uploaded/i4/i3/3035493001/O1CN01JfxANo1Y2VZN9vl1j_!!0-item_pic.jpg,1
蕉内302GO围巾女士仿羊羔绒加厚骑车脖套防风防寒保暖护颈围脖冬女围脖保暖¥99.00浙江杭州退货宝包邮9年老店Bananain蕉内旗舰店,320,9年老店Bananain蕉内旗舰店,https://detail.tmall.com/item.htm?id=736509358392,https://g-search2.alicdn.com/img/bao/uploaded/i4/i2/3035493001/O1CN01qm3J401Y2VjpzDwDm_!!3035493001.jpg,1
蕉内基础320Color儿童针织围巾男童女童半边绒保暖可爱秋冬新款¥129.00浙江杭州退货宝包邮回头客5万蕉内儿童旗舰店,320,9年老店Bananain蕉内旗舰店,https://detail.tmall.com/item.htm?id=826579494764,https://g-search3.alicdn.com/img/bao/uploaded/i4/i1/2213361983001/O1CN01f7XNH71Y2Vjpdw17g-2213361983001.jpg,1
蕉内氢气502Air男女同款披肩保暖羽绒围脖围巾背心两穿外搭冬季男女通用围脖保暖¥259.00浙江杭州退货宝包邮9年老店Bananain蕉内旗舰店,320,9年老店Bananain蕉内旗舰店,https://detail.tmall.com/item.htm?id=841595788351,https://g-search3.alicdn.com/img/bao/uploaded/i4/i4/3035493001/O1CN01kzTby21Y2VjpytrkC_!!3035493001.jpg,1
蕉内热皮503++男女同款护颈冬季围巾面罩帽子一体防风保暖雷锋帽男女通用骑行涤纶¥199.00浙江杭州退货宝包邮9年老店Bananain蕉内旗舰店,320,9年老店Bananain蕉内旗舰店,https://detail.tmall.com/item.htm?id=973959451752,https://g-search3.alicdn.com/img/bao/uploaded/i4/i3/3035493001/O1CN01rchqV71Y2Vjpyw0ly_!!3035493001.jpg,1
蕉内红色计划朱敬一联名男女披肩红色围巾围脖新年礼物本命年冬季男女通用长方形围巾/丝巾¥179.00浙江杭州退货宝包邮9年老店Bananain蕉内旗舰店,320,9年老店Bananain蕉内旗舰店,https://detail.tmall.com/item.htm?id=742225518948,https://g-search2.alicdn.com/img/bao/uploaded/i4/i3/3035493001/O1CN01OlEC901Y2VjpDq9HO_!!3035493001.jpg,1
【王一博同款】蕉内热皮5系男女保暖情侣围脖披肩加厚围巾女冬季男女通用长方形围脖¥179.00浙江杭州退货宝包邮9年老店Bananain蕉内旗舰店,320,9年老店Bananain蕉内旗舰店,https://detail.tmall.com/item.htm?id=682800526159,https://g-search1.alicdn.com/img/bao/uploaded/i4/i4/3035493001/O1CN01ml5jLU1Y2Vjqxpa1p_!!3035493001.jpg,1
蕉内红色计划501Color男女围脖披肩围巾女冬季本命年情侣新年礼物男女通用长方形围巾/丝巾¥179.00浙江杭州退货宝包邮9年老店Bananain蕉内旗舰店,320,9年老店Bananain蕉内旗舰店,https://detail.tmall.com/item.htm?id=742226194767,https://g-search2.alicdn.com/img/bao/uploaded/i4/i2/3035493001/O1CN01qs1jN01Y2Vb1jClTf_!!0-item_pic.jpg,1
蕉内红色计划5系男女围巾帽子手套本命年情侣新年礼物保暖礼盒冬男女通用婚庆聚酯纤维¥99.00浙江杭州退货宝包邮9年老店Bananain蕉内旗舰店,320,9年老店Bananain蕉内旗舰店,https://detail.tmall.com/item.htm?id=1008923404145,https://g-search3.alicdn.com/img/bao/uploaded/i4/i4/3035493001/O1CN01iqY4Z71Y2VjpU9gOn_!!3035493001.jpg,1
蕉内 302Go绒绒围巾渔夫帽手套仿羊羔绒保暖围脖护颈通勤百搭秋冬聚酯纤维¥199.00浙江温州包邮芭蕉树下妙享户外,320,9年老店Bananain蕉内旗舰店,https://item.taobao.com/item.htm?id=991434860118,https://g-search3.alicdn.com/img/bao/uploaded/i4/i4/2218334003387/O1CN01rBTwA11atIZl1TEBR_!!2218334003387.jpg,1
蕉内红色计划5系男女围巾帽子手套本命年情侣新年礼物保暖礼盒冬男女通用围巾/丝巾保暖¥99.00浙江杭州退货宝包邮9年老店Bananain蕉内旗舰店,320,9年老店Bananain蕉内旗舰店,https://detail.tmall.com/item.htm?id=1006718391910,https://g-search3.alicdn.com/img/bao/uploaded/i4/i3/3035493001/O1CN01cC6coG1Y2VjpG8nB3_!!3035493001.jpg,1
蕉内氢气502Air男女同款披肩保暖羽绒围脖围巾背心两穿外搭冬季男女通用围脖保暖¥259.00浙江杭州退货宝包邮9年老店Bananain蕉内旗舰店,320,9年老店Bananain蕉内旗舰店,https://detail.tmall.com/item.htm?id=988778927921,https://g-search1.alicdn.com/img/bao/uploaded/i4/i1/3035493001/O1CN01ViDORy1Y2Vh5AMZH9_!!4611686018427384457-0-item_pic.jpg,1
蕉内围巾帽子家居裤毛巾干发巾棉拖鞋男短袖男裤2024年秋季Bananain/蕉内¥29.00北京包邮公益宝贝小蕉正品代购,320,9年老店Bananain蕉内旗舰店,https://item.taobao.com/item.htm?id=877194446206,https://g-search1.alicdn.com/img/bao/uploaded/i4/i1/2075737889/O1CN013dKfoW289DaiWJ3Iy_!!2075737889.jpg,1
蕉内 320Go儿童保暖动物珊瑚绒防风运动帽男女童秋冬围巾一体帽¥199.00浙江温州包邮芭蕉树下妙享户外,320,9年老店Bananain蕉内旗舰店,https://item.taobao.com/item.htm?id=990750037116,https://g-search1.alicdn.com/img/bao/uploaded/i4/i1/2218334003387/O1CN01LDNvuO1atIZf8FUgl_!!2218334003387.jpg,1
【王一博同款】蕉内 501+热皮男女保暖情侣围脖披肩加厚围巾女冬男女通用长方形保暖¥199.00浙江温州包邮芭蕉树下妙享户外,320,9年老店Bananain蕉内旗舰店,https://item.taobao.com/item.htm?id=989258415740,https://g-search1.alicdn.com/img/bao/uploaded/i4/i3/2218334003387/O1CN01eo6kv61atIZeZEdcS_!!2218334003387.jpg,1
蕉内502Air氢气男女同款披肩保暖羽绒围脖围巾背心两穿外搭冬季纯色羽绒¥289.00浙江温州包邮芭蕉树下妙享户外,320,9年老店Bananain蕉内旗舰店,https://item.taobao.com/item.htm?id=989703834928,https://g-search3.alicdn.com/img/bao/uploaded/i4/i1/2218334003387/O1CN01vv1GmJ1atIZjG6mE7_!!2218334003387.png,1
蕉内 301Air氢气男女同款羽绒围巾鸭绒锁温保暖脖套披肩围脖护颈羽绒¥299.00浙江温州包邮芭蕉树下妙享户外,320,9年老店Bananain蕉内旗舰店,https://item.taobao.com/item.htm?id=991157100869,https://g-search3.alicdn.com/img/bao/uploaded/i4/i1/2218334003387/O1CN01lDWF6M1atIZk3rTvP_!!2218334003387.png,1
蕉内2026春夏蕉内棉棉500Element男女同款7A抑菌毛巾100%再生纤维素¥59.00北京包邮蕉家正品 严选好物,320,9年老店Bananain蕉内旗舰店,https://item.taobao.com/item.htm?id=1038629863000,https://g-search2.alicdn.com/img/bao/uploaded/i4/i1/2221171136116/O1CN01yptIOQ1v3BTBtriDO_!!2221171136116.jpg,1
蕉内棉棉311Home男士上衣新款背心吊内搭显瘦家居内衣女款睡衣夏季纯色棉布¥79.00浙江杭州退货宝包邮9年老店Bananain蕉内旗舰店,501,9年老店Bananain蕉内旗舰店,https://detail.tmall.com/item.htm?id=719623209488,https://g-search3.alicdn.com/img/bao/uploaded/i4/i4/3035493001/O1CN01zcCGOP1Y2VjpA8elb_!!3035493001.jpg,1
蕉内棉棉311H男士背心无袖睡衣打底白色运动背心青少年大码家居服入选品牌奥莱内衣店铺榜¥79.00浙江杭州退货宝包邮回头客6万Bananain蕉内奥莱店,501,9年老店Bananain蕉内旗舰店,https://item.taobao.com/item.htm?id=765741910574,https://g-search3.alicdn.com/img/bao/uploaded/i4/i4/1054195167/O1CN01vHFOul1o2XcGIfcBd-1054195167.jpg,1
【达人专享】蕉内凉皮501CoolPro小圆领背心吊带春季纯色女¥159.00浙江杭州退货宝包邮9年老店Bananain蕉内旗舰店,501,9年老店Bananain蕉内旗舰店,https://detail.tmall.com/item.htm?id=1056047025088,https://g-search2.alicdn.com/img/bao/uploaded/i4/i4/3035493001/O1CN01O7xVL21Y2VjnnOJ0q_!!4611686018427384457-2-item_pic.png,1
蕉内凉皮501Cool Pro小圆领背心吊带女内搭带胸垫蓝色上衣夏外穿入选女士休闲背心热卖榜¥119.00浙江杭州退货宝包邮9年老店Bananain蕉内旗舰店,501,9年老店Bananain蕉内旗舰店,https://detail.tmall.com/item.htm?id=703049598318,https://g-search3.alicdn.com/img/bao/uploaded/i4/i4/3035493001/O1CN01lj1Kj71Y2Vjol7hec_!!3035493001.jpg,1
蕉内凉皮501Cool男士吸汗冰丝运动网眼汗衫打底衫夏睡衣上装背心夏季纯色男¥99.00浙江杭州退货宝包邮9年老店Bananain蕉内旗舰店,501,9年老店Bananain蕉内旗舰店,https://detail.tmall.com/item.htm?id=1019406765942,https://g-search3.alicdn.com/img/bao/uploaded/i4/i3/3035493001/O1CN01B9LC611Y2VjpShbw6_!!3035493001.jpg,1
蕉内棉棉301Home男士无缝背心睡衣打底内搭四季老头衫新款短袖圆领夏季¥69.00浙江杭州退货宝包邮9年老店Bananain蕉内旗舰店,501,9年老店Bananain蕉内旗舰店,https://detail.tmall.com/item.htm?id=887512681613,https://g-search2.alicdn.com/img/bao/uploaded/i4/i3/3035493001/O1CN01fgcapS1Y2VjpTzXmt_!!3035493001.jpg,1
蕉内非常503Relax男士速干水洗棉感圆领宽松休闲背心凉感运动上衣夏季男2026年春季¥159.00浙江杭州退货宝包邮9年老店Bananain蕉内旗舰店,501,9年老店Bananain蕉内旗舰店,https://detail.tmall.com/item.htm?id=1033699624632,https://g-search2.alicdn.com/img/bao/uploaded/i4/i2/3035493001/O1CN01c73pCh1Y2VjpE6roB_!!3035493001.jpg,1
蕉内棉棉301Home女士无缝窄肩背心吊带睡衣内搭打底衫新款无袖圆领夏季¥69.00浙江杭州退货宝包邮9年老店Bananain蕉内旗舰店,501,9年老店Bananain蕉内旗舰店,https://detail.tmall.com/item.htm?id=887546373405,https://g-search3.alicdn.com/img/bao/uploaded/i4/i1/3035493001/O1CN01dEwOYU1Y2VjpVwYqe_!!3035493001.jpg,1
蕉内棉棉301Home男士无痕随心裁背心夏季打底衫睡衣上衣老头衫夏季纯色男¥69.00浙江杭州退货宝回头客6万Bananain蕉内奥莱店,501,9年老店Bananain蕉内旗舰店,https://item.taobao.com/item.htm?id=885041694412,https://gw.alicdn.com/imgextra/O1CN01ZQnLWx1o2XcG9liqB_!!1054195167-0-yinheaigc.jpg,1
蕉内凉皮501Cool Pro女士Polo领带胸垫背心吊带内搭上衣新款春夏修身百搭背带¥159.00浙江杭州退货宝包邮9年老店Bananain蕉内旗舰店,501,9年老店Bananain蕉内旗舰店,https://detail.tmall.com/item.htm?id=1020618698195,https://g-search3.alicdn.com/img/bao/uploaded/i4/i2/3035493001/O1CN01cHWAr81Y2VjpE4ikS_!!3035493001.jpg,1
蕉内凉皮501CoolPro女士带胸垫吊带背心内搭白色上衣美背新款春夏春季纯色锦纶¥159.00浙江杭州退货宝包邮9年老店Bananain蕉内旗舰店,501,9年老店Bananain蕉内旗舰店,https://detail.tmall.com/item.htm?id=1021846445002,https://g-search3.alicdn.com/img/bao/uploaded/i4/i1/3035493001/O1CN01JhytH91Y2VjpWDc1K_!!3035493001.jpg,1
蕉内棉棉311H女士吊带背心带胸垫睡衣春夏款修身内搭打底衫家居服入选品牌奥莱内衣店铺榜¥79.00浙江杭州退货宝包邮回头客6万Bananain蕉内奥莱店,501,9年老店Bananain蕉内旗舰店,https://item.taobao.com/item.htm?id=765752187039,https://g-search1.alicdn.com/img/bao/uploaded/i4/i4/1054195167/O1CN01aN98NY1o2XcFwZcwQ-1054195167.jpg,1
【自播专享】蕉内凉皮501Cool Pro小圆领背心吊带女内搭带胸垫修身百搭背带¥119.00浙江杭州退货宝包邮9年老店Bananain蕉内旗舰店,501,9年老店Bananain蕉内旗舰店,https://detail.tmall.com/item.htm?id=1053092125249,https://g-search3.alicdn.com/img/bao/uploaded/i4/i1/3035493001/O1CN01hangki1Y2Vjf77ldg_!!4611686018427384457-0-item_pic.jpg,1
蕉内凉皮501Cool Pro女U领带胸垫背心吊带内搭蓝色挂脖上衣新款夏入选女士休闲背心热卖榜¥159.00浙江杭州退货宝包邮9年老店Bananain蕉内旗舰店,501,9年老店Bananain蕉内旗舰店,https://detail.tmall.com/item.htm?id=1022286700883,https://g-search1.alicdn.com/img/bao/uploaded/i4/i1/3035493001/O1CN01OSQL4C1Y2VjogPdf1_!!3035493001.jpg,1
【刘浩存同款】蕉内凉皮501Cool Pro亨利领带胸垫背心吊带女外穿弯刀裤简约高腰¥159.00浙江杭州退货宝包邮9年老店Bananain蕉内旗舰店,501,9年老店Bananain蕉内旗舰店,https://detail.tmall.com/item.htm?id=1049348326940,https://g-search2.alicdn.com/img/bao/uploaded/i4/i1/3035493001/O1CN01If2iPk1Y2VjpzCShh_!!3035493001.jpg,1
【自播专享】蕉内凉皮501CoolPro女士挂脖上衣带胸垫背心吊带内搭修身百搭背带¥159.00浙江杭州退货宝包邮9年老店Bananain蕉内旗舰店,501,9年老店Bananain蕉内旗舰店,https://detail.tmall.com/item.htm?id=1052117314504,https://g-search1.alicdn.com/img/bao/uploaded/i4/i1/3035493001/O1CN01nNyzB31Y2VjdSVsFe_!!4611686018427384457-0-item_pic.jpg,1
蕉内非常503Relax男士速干水洗棉感圆领宽松休闲背心凉感运动上衣汗背心圆领棉¥159.00浙江杭州退货宝包邮9年老店Bananain蕉内旗舰店,501,9年老店Bananain蕉内旗舰店,https://detail.tmall.com/item.htm?id=1031262679988,https://g-search3.alicdn.com/img/bao/uploaded/i4/i1/3035493001/O1CN01BGLGKA1Y2VjpG0C9M_!!3035493001.jpg,1
蕉内棉棉301H男士无缝背心宽肩睡衣窄肩打底内搭纯色春夏季老头衫夏季男2025年春季¥69.00浙江杭州退货宝回头客6万Bananain蕉内奥莱店,501,9年老店Bananain蕉内旗舰店,https://item.taobao.com/item.htm?id=885429229274,https://g-search2.alicdn.com/img/bao/uploaded/i4/i4/1054195167/O1CN01wADnja1o2XVHUHdVm-1054195167.jpg,1
蕉内凉皮501Cool男士速干冰丝吸汗新款上衣夏打底衫汗衫运动背心夏季标准H型背心¥99.00浙江杭州退货宝包邮9年老店Bananain蕉内旗舰店,501,9年老店Bananain蕉内旗舰店,https://detail.tmall.com/item.htm?id=1043463234220,https://g-search3.alicdn.com/img/bao/uploaded/i4/i2/3035493001/O1CN01BABIrn1Y2VjpDnw7S_!!3035493001.jpg,1
蕉内凉皮501Cool Pro女士Polo领带胸垫背心吊带内搭上衣新款春夏春季纯色锦纶¥159.00浙江杭州退货宝包邮9年老店Bananain蕉内旗舰店,501,9年老店Bananain蕉内旗舰店,https://detail.tmall.com/item.htm?id=1020954110395,https://g-search3.alicdn.com/img/bao/uploaded/i4/i2/3035493001/O1CN01DSZ4Mh1Y2VjqxdMVS_!!3035493001.jpg,1
蕉内棉棉301Home女士无缝窄肩背心吊带睡衣四季款内搭打底衫修身百搭吊带¥69.00浙江杭州退货宝包邮9年老店Bananain蕉内旗舰店,501,9年老店Bananain蕉内旗舰店,https://detail.tmall.com/item.htm?id=915030913032,https://gw.alicdn.com/imgextra/i4/O1CN01Yj7zr21OZLys1Ss8M_!!6000000001719-2-tps-279-42.png,1
蕉内凉皮501CoolPro小圆领背心吊带女上衣内搭带胸垫内衣春夏外穿春季纯色女¥119.00浙江杭州退货宝包邮9年老店Bananain蕉内旗舰店,501,9年老店Bananain蕉内旗舰店,https://detail.tmall.com/item.htm?id=1021591342304,https://gw.alicdn.com/imgextra/i4/O1CN01Yj7zr21OZLys1Ss8M_!!6000000001719-2-tps-279-42.png,1
【刘浩存同款】蕉内凉皮501Cool Pro亨利领带胸垫背心吊带女春夏修身百搭背带¥159.00浙江杭州新品退货宝包邮9年老店Bananain蕉内旗舰店,501,9年老店Bananain蕉内旗舰店,https://detail.tmall.com/item.htm?id=890018856317,https://gw.alicdn.com/imgextra/i4/O1CN01Yj7zr21OZLys1Ss8M_!!6000000001719-2-tps-279-42.png,1
蕉内深睡512Sleep女士恒温棉莫提花吊带背心睡衣吊带2026新款四季通用女2026年春季¥99.00浙江杭州退货宝包邮9年老店Bananain蕉内旗舰店,501,9年老店Bananain蕉内旗舰店,https://detail.tmall.com/item.htm?id=1023452779791&skuId=6035625001324,https://g-search3.alicdn.com/img/bao/uploaded/i4/i1/3035493001/O1CN01Sg5E751Y2VjpbdBls_!!3035493001.jpg,1
【达人专享】蕉内棉棉300Sleep女士莫代尔短袖吊带睡裙长袖四季圆领¥159.00浙江杭州退货宝包邮9年老店Bananain蕉内旗舰店,501,9年老店Bananain蕉内旗舰店,https://detail.tmall.com/item.htm?id=1051282776661&skuId=6244849530217,https://g-search3.alicdn.com/img/bao/uploaded/i4/i1/3035493001/O1CN01ygOfOU1Y2VjjNvl7Q_!!4611686018427384457-0-item_pic.jpg,1
蕉内凉皮501Cool Air女士美背吊带胸垫免穿内衣带杯上衣文胸背心夏季纯色女¥199.90浙江杭州包邮6年老店官芳正品严选店,501,9年老店Bananain蕉内旗舰店,https://item.taobao.com/item.htm?id=1039800492824&skuId=6056318928712,https://g-search2.alicdn.com/img/bao/uploaded/i4/i2/3237756720/O1CN01bcsI9Y1zVohKlWKWm_!!3237756720.jpg,1
蕉内凉皮501CoolPro女士带胸垫吊带背心内搭黑色上衣美背新款春夏修身百搭背带¥159.00浙江杭州退货宝包邮9年老店Bananain蕉内旗舰店,501,9年老店Bananain蕉内旗舰店,https://detail.tmall.com/item.htm?id=1019969879570&skuId=6033080789081,https://g-search3.alicdn.com/img/bao/uploaded/i4/i3/3035493001/O1CN018tdSYH1Y2VjkrU4fP_!!3035493001.jpg,1
蕉豆32A薄荷精粹凉感吊带背心女外穿内搭带杯垫修身美背上衣8811夏季纯色女¥35.00浙江金华包邮吃得苦中苦 方能开路虎,501,9年老店Bananain蕉内旗舰店,https://item.taobao.com/item.htm?id=1044530624140&skuId=6065560777348,https://g-search2.alicdn.com/img/bao/uploaded/i4/i3/2217972275948/O1CN012X7S5A1toEvqrj71W_!!2217972275948.webp,1
蕉内凉皮501CA内衣女一字领吊带美背细肩带无痕透气胸罩背心文胸四季通用纯色锦纶¥169.00浙江杭州退货宝包邮9年老店Bananain蕉内旗舰店,501,9年老店Bananain蕉内旗舰店,https://detail.tmall.com/item.htm?id=1045281559129&skuId=6072248165576,https://g-search3.alicdn.com/img/bao/uploaded/i4/i1/3035493001/O1CN01pzm5fr1Y2VjpTffiK_!!3035493001.jpg,1
蕉内凉皮501CoolPro女士挂脖上衣带胸垫背心吊带内搭新款春夏外穿修身百搭背带¥159.00浙江杭州已补10元退货宝包邮9年老店Bananain蕉内旗舰店,501,9年老店Bananain蕉内旗舰店,https://detail.tmall.com/item.htm?id=1022286796786&skuId=6198013111208,https://g-search3.alicdn.com/img/bao/uploaded/i4/i4/3035493001/O1CN01K4vVN81Y2VjogOpiR_!!3035493001.jpg,1
蕉内凉皮501Cool Air女士美背吊带胸垫免穿内衣带杯上衣文胸背心短款修身百搭¥199.00浙江杭州退货宝包邮9年老店Bananain蕉内旗舰店,501,9年老店Bananain蕉内旗舰店,https://detail.tmall.com/item.htm?id=704261709404&skuId=5779992944689,https://g-search1.alicdn.com/img/bao/uploaded/i4/i4/3035493001/O1CN01AxrgRa1Y2VjpObHib_!!3035493001.jpg,1
蕉豆吊带背心32A薄荷精粹凉感女外穿内搭带杯垫修身美背上衣正品夏季纯色女¥38.80北京包邮协和精心直销店,501,9年老店Bananain蕉内旗舰店,https://item.taobao.com/item.htm?id=1039796188022&skuId=6056308704945,https://g-search1.alicdn.com/img/bao/uploaded/i4/i1/2216824446363/O1CN016OBnIR1wsJIWi9e5x_!!2216824446363.webp,1
蕉内凉皮501Cool Pro女士长款带杯修身收腰吊带连衣裙26春夏新款收腰2026年春季裹身裙¥299.00浙江杭州退货宝包邮回头客6万Bananain蕉内奥莱店,501,9年老店Bananain蕉内旗舰店,https://item.taobao.com/item.htm?id=1028537934744&skuId=6040704924425,https://gw.alicdn.com/imgextra/i4/O1CN01dPvgAJ1Zwfv79ayOL_!!6000000003259-2-tps-191-42.png,1
蕉豆32A抗菌山茶花植萃甜辣蕾丝美背吊带带杯垫打底性感内搭9970修身肩带锦纶¥21.50广东汕头淘金币抵0.6元退货宝包邮国货甄选正品小店,501,9年老店Bananain蕉内旗舰店,https://item.taobao.com/item.htm?id=1037595814753&skuId=6092326212575,https://gw.alicdn.com/imgextra/i4/O1CN01dPvgAJ1Zwfv79ayOL_!!6000000003259-2-tps-191-42.png,1
【中芭同款】蕉内凉皮501CoolPro大方领带胸垫背心吊带女上衣夏修身百搭背带¥159.00浙江杭州退货宝包邮9年老店Bananain蕉内旗舰店,501,9年老店Bananain蕉内旗舰店,https://detail.tmall.com/item.htm?id=1021508657746&skuId=6033079621863,https://gw.alicdn.com/imgextra/i4/O1CN01Yj7zr21OZLys1Ss8M_!!6000000001719-2-tps-279-42.png,1
【自播专享】501+女士带杯挖肩袖背心入选抗菌性保暖背心热销榜¥139.00浙江杭州退货宝包邮9年老店Bananain蕉内旗舰店,501,9年老店Bananain蕉内旗舰店,https://detail.tmall.com/item.htm?id=842898523072&skuId=5784775342655,https://img.alicdn.com/imgextra/i2/O1CN01KqSpjA1T4jQJdrJ8B_!!6000000002329-2-tps-64-32.png,1
【达人专享】蕉内凉皮5系中长款罗纹无袖连衣裙半裙高弹修身显瘦吊带无袖春夏¥259.00浙江杭州退货宝包邮9年老店Bananain蕉内旗舰店,300,9年老店Bananain蕉内旗舰店,https://detail.tmall.com/item.htm?id=1055074037896,https://g-search3.alicdn.com/img/bao/uploaded/i4/i3/3035493001/O1CN013FVZFL1Y2Vjl5jVLX_!!4611686018427384457-0-item_pic.jpg,1
【特惠捡漏低至3折起】蕉内女士下装凉感长裤连衣裙直筒裤短裤夏直筒裤休闲自然腰¥219.00浙江杭州退货宝包邮回头客6万Bananain蕉内奥莱店,300,9年老店Bananain蕉内旗舰店,https://item.taobao.com/item.htm?id=1039884485624,https://g-search2.alicdn.com/img/bao/uploaded/i4/i1/1054195167/O1CN01xoTHIG1o2XbywXAZf_!!1054195167.jpg,1
蕉内凉皮501Cool中长款罗纹无袖连衣裙高弹修身显瘦凉感U领吊带无袖春夏¥259.00浙江杭州退货宝包邮9年老店Bananain蕉内旗舰店,300,9年老店Bananain蕉内旗舰店,https://detail.tmall.com/item.htm?id=1053880018351,https://g-search3.alicdn.com/img/bao/uploaded/i4/i1/3035493001/O1CN01QWmbJR1Y2VjjXEO1p_!!4611686018427384457-0-item_pic.jpg,1
蕉内棉棉305Home女士速干连袖条纹家居短袖棉感舒适睡裙2026新款短袖夏季圆领¥159.00浙江杭州退货宝包邮回头客6万Bananain蕉内奥莱店,300,9年老店Bananain蕉内旗舰店,https://item.taobao.com/item.htm?id=1028817952179,https://g-search3.alicdn.com/img/bao/uploaded/i4/i1/1054195167/O1CN010La6um1o2XcFxmJLY-1054195167.jpg,1
冰丝薄款防走光打底衬裙内搭隔离防透安全中长款连衣裙白色吊带裙中长款直筒型通勤风¥65.00山东济南退货宝包邮回头客4万蕉白旗舰店,300,9年老店Bananain蕉内旗舰店,https://detail.tmall.com/item.htm?id=946129334214,https://g-search3.alicdn.com/img/bao/uploaded/i4/i4/2207915618525/O1CN01KBLKVT2CqVY4UpGpD_!!4611686018427384029-0-item_pic.jpg,1
蕉白冰丝无痕打底连衣裙衬裙防走光防透内搭大码胖mm居家睡裙短袖短袖四季圆领¥89.00山东济南退货宝包邮回头客4万蕉白旗舰店,300,9年老店Bananain蕉内旗舰店,https://detail.tmall.com/item.htm?id=831518154088,https://g-search2.alicdn.com/img/bao/uploaded/i4/i3/2207915618525/O1CN01HQmEMv2CqVRluZ4j3_!!0-item_pic.jpg,1
蕉内凉皮501 Cool中长款罗纹无袖高弹修身显瘦凉感U领连衣裙春夏吊带无袖春夏¥259.00浙江杭州退货宝包邮回头客6万Bananain蕉内奥莱店,300,9年老店Bananain蕉内旗舰店,https://item.taobao.com/item.htm?id=785905277840,https://g-search3.alicdn.com/img/bao/uploaded/i4/i3/1054195167/O1CN01ItZW7c1o2XcBY0t14-1054195167.jpg,1
蕉内 303Go基础女士圆领T恤连衣裙棉感舒适休闲宽松短袖长裙春夏夏季圆领短袖¥299.00浙江温州包邮芭蕉树下妙享户外,300,9年老店Bananain蕉内旗舰店,https://item.taobao.com/item.htm?id=927676642952,https://g-search3.alicdn.com/img/bao/uploaded/i4/i1/2218334003387/O1CN01PiOs7p1atIX5HW4uJ_!!2218334003387.jpg,1
【杨幂同款】蕉下连衣裙无袖夏外穿吊带裙内搭背心U领修身背心裙U型领无袖春夏秋¥299.00广东深圳包邮防晒品牌尊享店,300,9年老店Bananain蕉内旗舰店,https://item.taobao.com/item.htm?id=781195164600,https://g-search3.alicdn.com/img/bao/uploaded/i4/i1/2212688475401/O1CN01nZTdGp1pli63SSqw7_!!2212688475401.jpg,1
【杨幂同款】蕉下女士凉感背心裙CO022/CO02224内搭外穿U领连衣裙女吊带¥297.15浙江杭州回头客2千奥莱Outlets品牌折扣店,300,9年老店Bananain蕉内旗舰店,https://item.taobao.com/item.htm?id=820912106061,"https://g-search1.alicdn.com/img/bao/uploaded/i4/i2/696434170/O1CN01MKCpHj1gfuZUF2mGC~crop,150,80,557,557~_!!696434170.jpg",1
蕉内睡裙棉棉520Sleep女士短袖连衣裙女款夏季2026新款莫代尔睡衣无袖夏季圆领¥188.90浙江杭州包邮6年老店官芳正品严选店,300,9年老店Bananain蕉内旗舰店,https://item.taobao.com/item.htm?id=1054083145508,https://g-search3.alicdn.com/img/bao/uploaded/i4/i1/3237756720/O1CN01iumpXV1zVohjzXyD2_!!3237756720.jpg,1
蕉内2026春夏丝丝520Home透气冰丝缎面Holiday连衣裙度假女士睡裙长袖四季青年¥239.00北京包邮蕉家正品 严选好物,300,9年老店Bananain蕉内旗舰店,https://item.taobao.com/item.htm?id=1040759940215,https://g-search3.alicdn.com/img/bao/uploaded/i4/i4/2221171136116/O1CN013yI6Gu1v3BTDAKq4R_!!2221171136116.png,1
【刘浩存同款】蕉内凉皮505Cool Pro女士速干半身裙花苞裙夏新款花苞半身裙热卖榜·第3名¥299.00浙江杭州退货宝包邮9年老店Bananain蕉内旗舰店,501,9年老店Bananain蕉内旗舰店,https://detail.tmall.com/item.htm?id=1027196561879&skuId=6202706930753,https://g-search3.alicdn.com/img/bao/uploaded/i4/i3/3035493001/O1CN01Azm7HD1Y2VjpbRsM5_!!3035493001.jpg,1
蕉内凉皮505Cool Pro女士速干短裙机能半身裙休闲裙子女26夏新款A字裙休闲中腰¥259.00浙江杭州已补10元退货宝包邮9年老店Bananain蕉内旗舰店,501,9年老店Bananain蕉内旗舰店,https://detail.tmall.com/item.htm?id=1032008014422&skuId=6046364108486,https://g-search3.alicdn.com/img/bao/uploaded/i4/i2/3035493001/O1CN017CXNVU1Y2VjpShg6P_!!3035493001.jpg,1
蕉内凉皮505Cool Pro女士速干阔腿裤白色裙裤休闲裤子26夏季新款中腰¥299.00浙江杭州已补20元退货宝包邮9年老店Bananain蕉内旗舰店,501,9年老店Bananain蕉内旗舰店,https://detail.tmall.com/item.htm?id=1046086953018&skuId=6234425326151,https://g-search2.alicdn.com/img/bao/uploaded/i4/i4/3035493001/O1CN01Ygc4p21Y2VjpiuJG8_!!3035493001.jpg,1
蕉内凉皮501Cool Pro女士速干工装半身裙休闲裙子26夏季新款一步裙中腰¥299.00浙江杭州退货宝包邮9年老店Bananain蕉内旗舰店,501,9年老店Bananain蕉内旗舰店,https://detail.tmall.com/item.htm?id=769715673339&skuId=5746352377450,https://g-search1.alicdn.com/img/bao/uploaded/i4/i3/3035493001/O1CN01glSGWZ1Y2Vjpa6SX4_!!3035493001.jpg,1
【所有女生的衣橱直播间】蕉内凉皮5系女士速干工装长裙/短裙一步裙中腰¥295.00浙江杭州退货宝包邮9年老店Bananain蕉内旗舰店,501,9年老店Bananain蕉内旗舰店,https://detail.tmall.com/item.htm?id=1047348984400&skuId=6245021427409,https://g-search3.alicdn.com/img/bao/uploaded/i4/i2/3035493001/O1CN01D2l3el1Y2Vjn7NgJh_!!4611686018427384457-0-item_pic.jpg,1
蕉内凉皮505Cool Pro 女士速干机能裙裤防晒休闲裤2026夏季新款入选夏日防晒女郎店铺榜¥259.00浙江杭州退货宝包邮9年老店Bananain蕉内旗舰店,501,9年老店Bananain蕉内旗舰店,https://detail.tmall.com/item.htm?id=699158818761&skuId=5117579707123,https://g-search3.alicdn.com/img/bao/uploaded/i4/i4/3035493001/O1CN01FZbepo1Y2VjpSwzBE_!!3035493001.jpg,1
【达人专享】蕉内凉皮505Cool Pro 女士速干机能裙裤防晒休闲裤工装裤百搭自然腰¥259.00浙江杭州退货宝包邮9年老店Bananain蕉内旗舰店,501,9年老店Bananain蕉内旗舰店,https://detail.tmall.com/item.htm?id=1036076599136&skuId=6054757849459,https://g-search1.alicdn.com/img/bao/uploaded/i4/i3/3035493001/O1CN01nLdbQ61Y2VjkDdHDf_!!4611686018427384457-2-item_pic.png,1
蕉内凉皮505Dry Pro女士压褶短款半裙女裙子休闲运动网球裙春夏百褶裙休闲中腰¥299.00浙江杭州退货宝包邮9年老店Bananain蕉内旗舰店,501,9年老店Bananain蕉内旗舰店,https://detail.tmall.com/item.htm?id=1053880738498&skuId=6095023929594,https://g-search1.alicdn.com/img/bao/uploaded/i4/i1/3035493001/O1CN01IODhsE1Y2VjjoGftq_!!4611686018427384457-0-item_pic.jpg,1
蕉内凉皮505Cool Pro女士速干宽松阔腿八分裙裤白色裤子2026新款阔腿裤休闲中高腰¥299.00浙江杭州退货宝包邮回头客6万Bananain蕉内奥莱店,501,9年老店Bananain蕉内旗舰店,https://item.taobao.com/item.htm?id=1021054068039&skuId=6195157558842,https://g-search2.alicdn.com/img/bao/uploaded/i4/i4/1054195167/O1CN014M5M9e1o2XcGI7kjq-1054195167.jpg,1
【刘浩存同款】蕉内凉皮505Cool Pro女士速干半身裙花苞裙夏新款A字裙中腰锦纶¥219.00北京包邮回头客2千banana蕉in专柜代购,501,9年老店Bananain蕉内旗舰店,https://item.taobao.com/item.htm?id=903593279039&skuId=5930808459247,https://g-search2.alicdn.com/img/bao/uploaded/i4/i2/2211508645733/O1CN01ERoBtp1sDlmZ1OLRn_!!2211508645733.jpg,1
蕉内凉皮505Cool Pro女士工装短裙半身裙休闲凉感裙子女春夏外套圆领2025年春季¥199.00北京包邮公益宝贝小蕉正品代购,501,9年老店Bananain蕉内旗舰店,https://item.taobao.com/item.htm?id=902249387804&skuId=5759893292317,https://g-search2.alicdn.com/img/bao/uploaded/i4/i4/2075737889/O1CN01hvQCda289Dbhj5rkk_!!2075737889.jpg,1
蕉内凉皮305Cool Air女士速干短裙网球半身裙休闲裙子26春夏新款运动风中腰¥199.00浙江杭州退货宝包邮9年老店Bananain蕉内旗舰店,501,9年老店Bananain蕉内旗舰店,https://detail.tmall.com/item.htm?id=1055780004422&skuId=6094218612911,https://g-search2.alicdn.com/img/bao/uploaded/i4/i3/3035493001/O1CN01T1IFzG1Y2Vjjq4yqX_!!4611686018427384457-0-item_pic.jpg,1
【刘浩存同款】蕉内凉皮505Cool Pro女士速干半身裙花苞裙夏新款2026年春季中长款Bananain/蕉内¥299.00浙江杭州退货宝包邮9年老店Bananain蕉内旗舰店,501,9年老店Bananain蕉内旗舰店,https://detail.tmall.com/item.htm?id=1026298726530&skuId=6038376129979,https://g-search2.alicdn.com/img/bao/uploaded/i4/i3/3035493001/O1CN01W32Kfs1Y2VjkrUTdq_!!3035493001.jpg,1
蕉内凉皮501Cool Pro女士速干半身裙休闲白色工装裙子26夏季新款25-29周岁薄款2024年秋季¥299.00北京包邮公益宝贝小蕉正品代购,501,9年老店Bananain蕉内旗舰店,https://item.taobao.com/item.htm?id=778921294149&skuId=5492941719708,https://g-search3.alicdn.com/img/bao/uploaded/i4/i4/2075737889/O1CN01X6dYvj289Dbg4Uq5e_!!2075737889.jpg,1
蕉下网球裙女春夏新款羽毛球裙高弹透气休闲健身裙半身裙运动短裙A字裙¥499.00江苏南京包邮回头客4万百亿补贴品牌优选,501,9年老店Bananain蕉内旗舰店,https://detail.tmall.com/item.htm?id=1020882156521&skuId=6195006662093,https://gw.alicdn.com/imgextra/O1CN01gpINB31kXRsM3kzPr_!!2901274693-0-picasso.jpg,1
【刘浩存同款】蕉内凉皮505Cool Pro女士速干半身裙花苞裙夏新款2026年春季Bananain/蕉内100+¥239.00北京包邮公益宝贝小蕉正品代购,501,9年老店Bananain蕉内旗舰店,https://item.taobao.com/item.htm?id=1043326132917&skuId=6063286529988,https://g-search3.alicdn.com/img/bao/uploaded/i4/i1/2075737889/O1CN01FYckt2289DhFljljz_!!2075737889.heic,1
蕉内凉皮505CoolPro女士速干短款机能半裙休闲裙子女2026新款夏季A字裙高腰锦纶¥259.00浙江杭州退货宝包邮回头客6万Bananain蕉内奥莱店,501,9年老店Bananain蕉内旗舰店,https://item.taobao.com/item.htm?id=1033811757284&skuId=6213129875073,https://g-search2.alicdn.com/img/bao/uploaded/i4/i1/1054195167/O1CN01A5k66d1o2XcFruTE0-1054195167.jpg,1
蕉下工装裙女2026新款速干裙降落伞裙户外休闲通勤伞裙a字半身裙A字裙中腰锦纶¥192.00浙江杭州包邮奥莱防晒折扣店,501,9年老店Bananain蕉内旗舰店,https://item.taobao.com/item.htm?id=1044958927752&skuId=6070533228664,https://g-search3.alicdn.com/img/bao/uploaded/i4/i1/2213197864716/O1CN01gieMrL1khyzBB3w3D_!!2213197864716.jpg,1
蕉内凉皮505Cool Pro 女士速干机能裙裤防晒休闲裤2026春夏新款工装自然腰复合面料¥259.00浙江杭州退货宝包邮回头客6万Bananain蕉内奥莱店,501,9年老店Bananain蕉内旗舰店,https://item.taobao.com/item.htm?id=785905261884&skuId=6236109435657,https://g-search3.alicdn.com/img/bao/uploaded/i4/i2/1054195167/O1CN01LCfwy81o2XcFw4xxU-1054195167.jpg,1
蕉老板 · 【bm同款莫代尔半身裙】软软糯糯弹弹超舒服的面料！H型直筒裙百搭风¥99.00浙江杭州ifashion包邮9年老店蕉老板私服Callme Bana,501,9年老店Bananain蕉内旗舰店,https://item.taobao.com/item.htm?id=1051182575845&skuId=6089595565913,"https://g-search3.alicdn.com/img/bao/uploaded/i4/i2/679166471/O1CN01xlsdnA1xfm5E0b2ko~crop,0,1291,4284,4284~_!!679166471.jpg",1
西子/【蕉叶裙】25姆米非遗龟裂纹香云纱高腰花苞半身裙/BQHJ0636高腰桑蚕丝桑蚕丝100%¥1124.00广东深圳ifashion包邮回头客5万西子小老板娘,501,9年老店Bananain蕉内旗舰店,https://item.taobao.com/item.htm?id=1052059402825&skuId=6254388515542,https://g-search3.alicdn.com/img/bao/uploaded/i4/i3/2218923272807/O1CN01d26NTZ1WbetmvRH13_!!2218923272807.png,1
蕉内2026春夏凉皮501Cool Pro女士速干中长款工装半裙中腰PVC¥299.00北京包邮蕉家正品 严选好物,501,9年老店Bananain蕉内旗舰店,https://item.taobao.com/item.htm?id=1039929721038&skuId=6057809976047,https://g-search2.alicdn.com/img/bao/uploaded/i4/i2/2221171136116/O1CN01rgBDwf1v3BTDEZnWV_!!2221171136116.jpg,1
【刘浩存同款】蕉内2026春夏凉皮505Cool Pro速干半身裙花苞裙女中腰PVC¥299.00北京包邮蕉家正品 严选好物,501,9年老店Bananain蕉内旗舰店,https://item.taobao.com/item.htm?id=1038264543962&skuId=6058737065636,https://g-search3.alicdn.com/img/bao/uploaded/i4/i4/2221171136116/O1CN01ZCfxPA1v3BTDHibmY_!!2221171136116.jpg,1
蕉下网球裙女春夏新款羽毛球裙高弹透气休闲健身裙半身裙运动短裙A字裙锦纶¥499.00广东深圳已补23元包邮蕉下杰尔盛专卖店,501,9年老店Bananain蕉内旗舰店,https://detail.tmall.com/item.htm?id=1020930892889&skuId=6195623711340,https://gw.alicdn.com/imgextra/O1CN01OvRNrO1C1fSZ26pUW_!!2220425640021-0-picasso.jpg,1
蕉内凉皮305Cool Air女士速干短款网球半裙休闲裙子2026春夏新款A字裙高腰聚氨酯弹性纤维（氨纶）¥199.00浙江杭州退货宝包邮回头客6万Bananain蕉内奥莱店,501,9年老店Bananain蕉内旗舰店,https://item.taobao.com/item.htm?id=1032188839893&skuId=6212608810279,https://g-search3.alicdn.com/img/bao/uploaded/i4/i4/1054195167/O1CN01RGZMio1o2XcG9kmTi-1054195167.jpg,1
蕉内2026春夏凉皮505Cool Pro女士速干短裙机能半身裙休闲裙子女A字裙休闲中腰¥259.00北京包邮蕉家正品 严选好物,501,9年老店Bananain蕉内旗舰店,https://item.taobao.com/item.htm?id=1039976173507&skuId=6223086766114,https://g-search2.alicdn.com/img/bao/uploaded/i4/i3/2221171136116/O1CN01yiVKih1v3BTErt8Z7_!!2221171136116.jpg,1
蕉内 501CoolPro凉皮女工装半裙防晒凉感户外机能显瘦半身裙春夏A型A字裙通勤¥399.00浙江温州包邮芭蕉树下妙享户外,501,9年老店Bananain蕉内旗舰店,https://item.taobao.com/item.htm?id=884503093635&skuId=5891116358499,https://g-search3.alicdn.com/img/bao/uploaded/i4/i3/2218334003387/O1CN01fWasYj1atIVUfCGqc_!!2218334003387.jpg,1
现货 BANANA九个香蕉正品 白色蕾丝半裙 真丝内里镂空拼接半身裙¥750.00韩国包邮5年老店FORI BANANA九个香蕉正品店铺,501,9年老店Bananain蕉内旗舰店,https://item.taobao.com/item.htm?id=853271256603&skuId=5650943460394,https://g-search1.alicdn.com/img/bao/uploaded/i4/i1/3283667575/O1CN01r9XXA825pPCxfKCeP_!!3283667575.jpg,1
蕉内 505CoolPro凉皮女士工装半身裙凉感防晒速干显瘦显腿长运动A字裙中腰聚酯纤维¥219.00浙江温州包邮芭蕉树下妙享户外,501,9年老店Bananain蕉内旗舰店,https://item.taobao.com/item.htm?id=1051811910785&skuId=6088359964416,https://g-search2.alicdn.com/img/bao/uploaded/i4/i2/2218334003387/O1CN01KHUHFN1atIcGNXxY9_!!2218334003387.jpg,1
日本花苞短裙女夏季防走光南瓜蓬蓬a字裙高腰显瘦小个子半身裙裤A型A字裙通勤¥355.00福建厦门退货宝包邮公益宝贝回头客6千YbananainD蕉卞,501,9年老店Bananain蕉内旗舰店,https://item.taobao.com/item.htm?id=965232892972&skuId=5904996693093,https://gw.alicdn.com/imgextra/i4/O1CN01dPvgAJ1Zwfv79ayOL_!!6000000003259-2-tps-191-42.png,1
现货在途BANANA九个香蕉正品 豆沙色半裙真丝内里纱裙 蓬松半身裙¥645.00韩国包邮5年老店FORI BANANA九个香蕉正品店铺,501,9年老店Bananain蕉内旗舰店,https://item.taobao.com/item.htm?id=912400079061&skuId=5950239262487,https://img.alicdn.com/imgextra/i3/O1CN01LvV0d41fjkGWg6iN6_!!6000000004043-2-tps-480-144.png,1
现货BANANA九个香蕉正品 蓝色亮片针织半身裙 真丝内里蕾丝边半裙¥999.00韩国包邮香蕉姐妹BANANA韩国正品店,501,9年老店Bananain蕉内旗舰店,https://item.taobao.com/item.htm?id=844481592296&skuId=null,https://img.alicdn.com/imgextra/i3/O1CN01LvV0d41fjkGWg6iN6_!!6000000004043-2-tps-480-144.png,1
香蕉姐妹banana正品 白色真丝内衬蕾丝半身裙 镂空百搭高定半裙¥1050.00韩国包邮5年老店FORI BANANA九个香蕉正品店铺,501,9年老店Bananain蕉内旗舰店,https://item.taobao.com/item.htm?id=762540596222&skuId=5255331761158,https://img.alicdn.com/imgextra/i3/O1CN01LvV0d41fjkGWg6iN6_!!6000000004043-2-tps-480-144.png,1
蕉内凉皮505CoolPro女士工装半身裙凉感防晒速干显瘦显腿长运动A字裙中腰聚酯纤维¥219.00江苏苏州包邮妙享户外精品,501,9年老店Bananain蕉内旗舰店,https://item.taobao.com/item.htm?id=1051049239582&skuId=6253754811766,https://img.alicdn.com/imgextra/i3/O1CN01LvV0d41fjkGWg6iN6_!!6000000004043-2-tps-480-144.png,1
蕉内 505CoolPro凉皮女裙裤半身裙凉感速干防晒透湿宽松轻薄微弹¥279.00浙江温州包邮芭蕉树下妙享户外,501,9年老店Bananain蕉内旗舰店,https://item.taobao.com/item.htm?id=1053295628671&skuId=6251700143860,https://img.alicdn.com/imgextra/i3/O1CN01LvV0d41fjkGWg6iN6_!!6000000004043-2-tps-480-144.png,1
蕉内凉皮503UV Air女士透气宽松衬衫轻量防晒衣衬衣防紫外线春夏衬衫POLO领2026年夏季¥279.00北京包邮公益宝贝小蕉正品代购,503,9年老店Bananain蕉内旗舰店,https://item.taobao.com/item.htm?id=1038964176495&skuId=6219883642991,https://g-search2.alicdn.com/img/bao/uploaded/i4/i3/2075737889/O1CN01ukLJ2Y289Dh4CeNqc_!!2075737889.heic,1
蕉下凉感防晒衬衫AL016女春夏新款翻领上衣透气内搭轻薄宽松衬衣扣子长袖圣诞风¥227.00广东广州包邮回头客300万蕉下官方旗舰店,503,9年老店Bananain蕉内旗舰店,https://detail.tmall.com/item.htm?id=1015918180448&skuId=6020930261287,https://g-search3.alicdn.com/img/bao/uploaded/i4/i4/1652864050/O1CN01UMYT8x1fmxD9SvJdb-1652864050.jpg,1
蕉内非常服502Regular男士休闲衬衫男款宽松上衣速干长袖衬衣外套青春流行标准青年¥299.00浙江杭州退货宝包邮9年老店Bananain蕉内旗舰店,503,9年老店Bananain蕉内旗舰店,https://detail.tmall.com/item.htm?id=814647520988&skuId=5508647644839,https://g-search3.alicdn.com/img/bao/uploaded/i4/i3/3035493001/O1CN01zdDG1b1Y2VazFefh7_!!0-item_pic.jpg,1
Banana Republic/香蕉共和国 男士棉混纺抗皱正装长袖衬衫商务绅士休闲风超修身¥395.00美国退货宝全球购回头客2万NY BABY 美国代购,503,9年老店Bananain蕉内旗舰店,https://item.taobao.com/item.htm?id=814468599217&skuId=5509259904867,https://g-search1.alicdn.com/img/bao/uploaded/i4/i2/133759487/O1CN01n9zISQ2Jx6SxdWrGT_!!133759487.jpg,1
国内代购播衬衫2026夏款新款BDT2CD1851正品长袖衬衫风中絮语1098长袖休闲风翻领¥603.00北京包邮14年老店小哥哥的代购店,503,9年老店Bananain蕉内旗舰店,https://item.taobao.com/item.htm?id=1046967466490&skuId=6074953117059,https://g-search3.alicdn.com/img/bao/uploaded/i4/i3/391879184/O1CN01unT3jo2HiKbaUpXkn_!!391879184.jpg,1
蕉内2026春夏凉皮502UV Air情侣速干立领轻量防晒衣新款100+情侣Bananain/蕉内¥379.00北京包邮蕉家正品 严选好物,503,9年老店Bananain蕉内旗舰店,https://item.taobao.com/item.htm?id=1039941845796&skuId=6223505959347,https://g-search1.alicdn.com/img/bao/uploaded/i4/i3/2221171136116/O1CN01dKCMEr1v3BT9snDKM_!!2221171136116.jpg,1
蕉内2026春夏凉皮503UV女士防泼水立领截短均衡防晒衣立领2026年春季超短款¥359.00北京包邮蕉家正品 严选好物,503,9年老店Bananain蕉内旗舰店,https://item.taobao.com/item.htm?id=1039936213457&skuId=6058750077714,https://g-search1.alicdn.com/img/bao/uploaded/i4/i2/2221171136116/O1CN01GeGyOh1v3BTE1ENnO_!!2221171136116.jpg,1
蕉内凉皮503UV Air女士透气宽松衬衫轻量防晒衣衬衣防紫外线春夏超薄2026年春季中长款¥359.00浙江杭州退货宝包邮9年老店Bananain蕉内旗舰店,503,9年老店Bananain蕉内旗舰店,https://detail.tmall.com/item.htm?id=1053643118423&skuId=6094632541267,https://g-search3.alicdn.com/img/bao/uploaded/i4/i3/3035493001/O1CN01j9BzY11Y2Vjl507cz_!!4611686018427384457-2-item_pic.png,1
【刘浩存同款】蕉内凉皮502UVAir女透气立领收腰轻量户外防晒衣夏立领2026年春季长袖¥359.00浙江杭州退货宝包邮回头客6万Bananain蕉内奥莱店,503,9年老店Bananain蕉内旗舰店,https://item.taobao.com/item.htm?id=1016566731821&skuId=6229078262167,https://g-search1.alicdn.com/img/bao/uploaded/i4/i2/1054195167/O1CN01IzFvkN1o2XcHf3h1X-1054195167.jpg,1
蕉老板·【小海鸥衬衫新色】微透定制100%棉慵懒风松弛感白色宽松开衫长袖休闲风¥99.00浙江杭州ifashion包邮9年老店蕉老板私服Callme Bana,503,9年老店Bananain蕉内旗舰店,https://item.taobao.com/item.htm?id=1038416321774&skuId=6221019443455,https://g-search3.alicdn.com/img/bao/uploaded/i4/i3/679166471/O1CN01ZF9Stc1xfm4vqujVB_!!679166471.jpg,1
蕉内绒绒5系女士家居服套装半边绒翻领保暖加绒加厚冬季新款睡衣青年长袖冬季¥399.00浙江杭州已补89.80元退货宝包邮9年老店Bananain蕉内旗舰店,503,9年老店Bananain蕉内旗舰店,https://detail.tmall.com/item.htm?id=833892776423&skuId=5750817979466,https://g-search3.alicdn.com/img/bao/uploaded/i4/i1/3035493001/O1CN01T6whfI1Y2VjpA7eKE_!!3035493001.jpg,1
蕉内男士睡衣丝丝515Home家居服冰丝长袖天丝2026新款情侣女款夏翻领纽扣长袖¥389.90浙江杭州包邮6年老店官芳正品严选店,503,9年老店Bananain蕉内旗舰店,https://item.taobao.com/item.htm?id=1048864156423&skuId=6074250916043,https://g-search3.alicdn.com/img/bao/uploaded/i4/i1/3237756720/O1CN01FgEGav1zVohPm7JG5_!!3237756720.jpg,1
蕉内2026春夏凉皮301UV女士吸湿速干罗纹立领截短修身均衡防晒衣立领2026年春季短款¥239.00北京包邮蕉家正品 严选好物,503,9年老店Bananain蕉内旗舰店,https://item.taobao.com/item.htm?id=1040554281018&skuId=6059957525362,https://g-search2.alicdn.com/img/bao/uploaded/i4/i3/2221171136116/O1CN01ztoahi1v3BTE4cFEv_!!2221171136116.jpg,1
【盲盒】蕉内防晒衣防紫外线防晒外套盲盒（随机发1件）超薄2024年夏季长袖¥79.00浙江杭州退货宝包邮回头客6万Bananain蕉内奥莱店,503,9年老店Bananain蕉内旗舰店,https://item.taobao.com/item.htm?id=961226914214&skuId=5894640420547,https://g-search3.alicdn.com/img/bao/uploaded/i4/i4/1054195167/O1CN01ZbIGHv1o2XYBhZ8dx_!!1054195167.jpg,1
孤品女士衬衫Banana Republic香蕉共和国春夏款上衣女国内现货扣子长袖通勤风¥299.00上海5年老店露露女装LuLu's,503,9年老店Bananain蕉内旗舰店,https://item.taobao.com/item.htm?id=956498433274&skuId=6046938806529,"https://g-search3.alicdn.com/img/bao/uploaded/i4/i2/2211205638907/O1CN01zx2wnU2FfSpmedQlG~crop,0,103,743,743~_!!2211205638907.jpg",1
【周冬雨同款】蕉内凉皮501uvpro防晒衣女款防紫外线外套防晒服夏2023年春季Bananain/蕉内聚酯纤维¥259.00北京包邮公益宝贝小蕉正品代购,503,9年老店Bananain蕉内旗舰店,https://item.taobao.com/item.htm?id=675755557123&skuId=5913358159120,https://g-search3.alicdn.com/img/bao/uploaded/i4/i2/2075737889/O1CN01oJsp9y289DUoDFAdE_!!2075737889.jpg,1
【王一博同款】蕉内凉皮502UV Pro男女同款外套防晒衣户外防晒服100+中性中长款¥276.00北京包邮回头客2千banana蕉in专柜代购,503,9年老店Bananain蕉内旗舰店,https://item.taobao.com/item.htm?id=703337847817&skuId=6227180867715,https://g-search2.alicdn.com/img/bao/uploaded/i4/i4/2211508645733/O1CN01ndkfV01sDlmJO09PG_!!2211508645733.jpg,1
蕉内凉皮502UV男女同款防晒衣吸湿速干凉感透气防晒服防紫外线100+标准男女通用¥254.00陕西西安包邮回头客2千banana蕉in专柜代购,503,9年老店Bananain蕉内旗舰店,https://item.taobao.com/item.htm?id=771738529661&skuId=6048820008926,https://g-search2.alicdn.com/img/bao/uploaded/i4/i4/2211508645733/O1CN012OR5101sDlm8TSR2T_!!2211508645733.jpg,1
【刘浩存同款】蕉内凉皮501UV Air女士透气收腰修身轻量防晒衣女外套立领2026年夏季¥279.00北京包邮公益宝贝小蕉正品代购,503,9年老店Bananain蕉内旗舰店,https://item.taobao.com/item.htm?id=1038111909298&skuId=6054650736059,https://g-search3.alicdn.com/img/bao/uploaded/i4/i1/2075737889/O1CN01ySkaZO289Dh3ykarZ_!!2075737889.heic,1
【王一博同款】蕉内凉皮702UV男女士防晒衣拼色防紫外线防晒服100+男女通用锦纶¥499.00浙江杭州已补120元退货宝包邮9年老店Bananain蕉内旗舰店,503,9年老店Bananain蕉内旗舰店,https://detail.tmall.com/item.htm?id=765068255991&skuId=5948752839561,https://g-search2.alicdn.com/img/bao/uploaded/i4/i2/3035493001/O1CN012VKr5h1Y2VjpFGRZE_!!3035493001.jpg,1
蕉内 502Cool凉皮男士POLO衬衫吸湿速干防晒透气凉感亲肤轻薄短袖2026年春季纯色短袖¥269.00浙江温州包邮芭蕉树下妙享户外,503,9年老店Bananain蕉内旗舰店,https://item.taobao.com/item.htm?id=1042049033026&skuId=6062720345512,https://g-search3.alicdn.com/img/bao/uploaded/i4/i1/2218334003387/O1CN01Q7nWs51atIbkpZhZY_!!2218334003387.jpg,1
【达人专享】刘浩存同款蕉内凉皮503UV Air女士衬衫防晒衣衬衣超薄2026年春季中长款¥359.00浙江杭州退货宝包邮9年老店Bananain蕉内旗舰店,503,9年老店Bananain蕉内旗舰店,https://detail.tmall.com/item.htm?id=1047125270233&skuId=6074394320278,https://img.alicdn.com/imgextra/i2/O1CN01KqSpjA1T4jQJdrJ8B_!!6000000002329-2-tps-64-32.png,1
蕉内 503UVAir凉皮衬衫防晒衣透气凉感吸湿速干宽松轻薄防紫外线开衫长袖通勤风¥359.00浙江温州包邮芭蕉树下妙享户外,503,9年老店Bananain蕉内旗舰店,https://item.taobao.com/item.htm?id=1046317056966&skuId=6233774079069,https://img.alicdn.com/imgextra/i3/O1CN01LvV0d41fjkGWg6iN6_!!6000000004043-2-tps-480-144.png,1
现货 BANANA九个香蕉正品 蓝色竖条纹长袖衬衫 经典洋气内搭衬衣¥540.00韩国包邮5年老店FORI BANANA九个香蕉正品店铺,503,9年老店Bananain蕉内旗舰店,https://item.taobao.com/item.htm?id=843540423387&skuId=5621761349526,https://img.alicdn.com/imgextra/i3/O1CN01LvV0d41fjkGWg6iN6_!!6000000004043-2-tps-480-144.png,1
蕉下男士白衬衫长袖内搭抗皱商务通勤5A速干透气立挺衬衣532标准男童长袖¥499.00江苏南京包邮回头客1000万苏宁易购官方旗舰店,503,9年老店Bananain蕉内旗舰店,https://detail.tmall.com/item.htm?id=1010736109561&skuId=6177094767748,https://gw.alicdn.com/imgextra/i4/O1CN01Yj7zr21OZLys1Ss8M_!!6000000001719-2-tps-279-42.png,1
王一博同款 蕉内睡衣男士丝丝520H Pets冰丝家居服情侣轻奢女款夏翻领纽扣短袖¥359.90浙江杭州包邮6年老店官芳正品严选店,503,9年老店Bananain蕉内旗舰店,https://item.taobao.com/item.htm?id=1036379013556&skuId=6217343155056,https://img.alicdn.com/imgextra/i3/O1CN01LvV0d41fjkGWg6iN6_!!6000000004043-2-tps-480-144.png,1
蕉下凉感防晒衬衫AL016女春夏新款翻领上衣透气内搭轻薄宽松衬衣50+宽松型女¥169.00北京包邮公益宝贝d[s439068347],503,9年老店Bananain蕉内旗舰店,https://item.taobao.com/item.htm?id=1032478774187&skuId=6212652319031,https://img.alicdn.com/imgextra/i3/O1CN01LvV0d41fjkGWg6iN6_!!6000000004043-2-tps-480-144.png,1
蕉内凉皮502Cool男士POLO衬衫吸湿速干防晒透气凉感亲肤轻薄短袖2026年春季纯色短袖¥289.00广东广州包邮妙享户外精品,503,9年老店Bananain蕉内旗舰店,https://item.taobao.com/item.htm?id=1040365363452&skuId=6061803100308,https://img.alicdn.com/imgextra/i3/O1CN01LvV0d41fjkGWg6iN6_!!6000000004043-2-tps-480-144.png,1
【刘浩存同款】蕉内凉皮503UV Air女士宽松轻量防晒衣衬衣26新款2026年夏季中长款长袖¥359.00浙江杭州已补16元退货宝包邮回头客6万Bananain蕉内奥莱店,503,9年老店Bananain蕉内旗舰店,https://item.taobao.com/item.htm?id=1035688375882&skuId=6218887535519,https://gw.alicdn.com/imgextra/i4/O1CN01dPvgAJ1Zwfv79ayOL_!!6000000003259-2-tps-191-42.png,1
蕉内凉皮503UVAir衬衫防晒衣女透气凉感吸湿速干宽松轻薄防紫外线开衫长袖通勤风¥359.00江苏苏州包邮妙享户外精品,503,9年老店Bananain蕉内旗舰店,https://item.taobao.com/item.htm?id=1043746475106&skuId=6068198816940,https://img.alicdn.com/imgextra/i3/O1CN01LvV0d41fjkGWg6iN6_!!6000000004043-2-tps-480-144.png,1
蕉下男士衬衫外套速干抗皱免烫商务行政2026新款户外防晒黑白内搭透气长袖青年¥399.00广东广州包邮回头客300万蕉下官方旗舰店,503,9年老店Bananain蕉内旗舰店,https://detail.tmall.com/item.htm?id=1005790020878&skuId=5997082292526,https://gw.alicdn.com/imgextra/i4/O1CN01Yj7zr21OZLys1Ss8M_!!6000000001719-2-tps-279-42.png,1
蕉下男士衬衫短袖内搭商务通勤抗皱免烫挺括速干透气立挺防晒衬衣简约风标准中年¥299.00广东广州包邮回头客300万蕉下官方旗舰店,503,9年老店Bananain蕉内旗舰店,https://detail.tmall.com/item.htm?id=1005009849685&skuId=6206866171859,https://gw.alicdn.com/imgextra/i4/O1CN01Yj7zr21OZLys1Ss8M_!!6000000001719-2-tps-279-42.png,1
蕉下男士半拉链polo杉夏季短袖T恤DR019春夏透气打底衫透气上衣男基础大众透气国内知名品牌¥189.00广东深圳淘金币抵5.6元包邮回头客4万蕉下男装旗舰店,502,9年老店Bananain蕉内旗舰店,https://detail.tmall.com/item.htm?id=731510473409&skuId=5712069991579,https://gw.alicdn.com/imgextra/O1CN01uSsinK1k7nhWSnTDy_!!2216012724637-0-yinheaigc.jpg,1
【自播专享】蕉内凉皮501Cool Pro女士Polo领带胸垫背心吊带上衣修身百搭背带¥159.00浙江杭州退货宝包邮9年老店Bananain蕉内旗舰店,502,9年老店Bananain蕉内旗舰店,https://detail.tmall.com/item.htm?id=1053090813544&skuId=6254122830099,https://g-search3.alicdn.com/img/bao/uploaded/i4/i3/3035493001/O1CN01XMVJqw1Y2VjdNxUsS_!!4611686018427384457-0-item_pic.jpg,1
蕉内凉皮501Cool男士速干透气珠地插肩修身短袖机能POLO凉感t恤商务绅士短袖夏季¥259.00浙江杭州退货宝包邮回头客6万Bananain蕉内奥莱店,502,9年老店Bananain蕉内旗舰店,https://item.taobao.com/item.htm?id=1031494910867&skuId=6045506096979,https://g-search3.alicdn.com/img/bao/uploaded/i4/i4/1054195167/O1CN01o4y0Su1o2XcGJyaIT-1054195167.jpg,1
蕉下女士polo短袖塑身上衣收腰修身显瘦正肩春夏透气速干内搭t恤亨利衫领短袖简约风¥199.00广东广州包邮回头客300万蕉下官方旗舰店,502,9年老店Bananain蕉内旗舰店,https://detail.tmall.com/item.htm?id=1018895710363&skuId=6029048944341,https://g-search3.alicdn.com/img/bao/uploaded/i4/i1/1652864050/O1CN01uE337q1fmxD9mIfXa-1652864050.jpg,1
蕉内2026春夏凉皮501Cool男士速干透气珠地插肩修身POLO凉感t恤基础大众短袖涤纶¥259.00北京包邮蕉家正品 严选好物,502,9年老店Bananain蕉内旗舰店,https://item.taobao.com/item.htm?id=1039974221994&skuId=6057884636345,https://g-search3.alicdn.com/img/bao/uploaded/i4/i1/2221171136116/O1CN01f8xgWw1v3BTDh99dt_!!2221171136116.jpg,1
蕉内2026春夏凉皮502Cool男士速干透气短袖机能POLO衫凉感防晒T恤基础大众短袖涤纶¥259.00北京包邮蕉家正品 严选好物,502,9年老店Bananain蕉内旗舰店,https://item.taobao.com/item.htm?id=1039027374167&skuId=6223085482986,https://g-search2.alicdn.com/img/bao/uploaded/i4/i1/2221171136116/O1CN01BFMA6X1v3BTD6Sqr3_!!2221171136116.jpg,1
蕉下女士polo短袖塑身上衣收腰修身显瘦正肩春夏透气速干内搭t恤翻领短袖户外风¥234.90江苏南京淘金币抵6.5元包邮回头客4万蕉下君家怡专卖店,502,9年老店Bananain蕉内旗舰店,https://detail.tmall.com/item.htm?id=1046323599066&skuId=6074298772121,https://g-search3.alicdn.com/img/bao/uploaded/i4/i4/2206901608308/O1CN01FKfOFu2BF7ecSkE6l_!!2206901608308.jpg,1
蕉下0汗渍三防Polo衫男速干透气商务短袖凉感翻领上衣春夏内搭T恤基础大众速干标准¥499.00江苏南京包邮回头客2万蕉下磐略专卖店,502,9年老店Bananain蕉内旗舰店,https://detail.tmall.com/item.htm?id=1026686226447&skuId=6203801719481,https://g-search2.alicdn.com/img/bao/uploaded/i4/i2/4118415809/O1CN01tz0IXp1smZtIUvBAg_!!4118415809.jpg,1
蕉下短袖0汗渍三防Polo衫男速干透气商务凉感翻领上衣春夏内搭T恤商务风抗污耐脏标准¥499.00江苏南京包邮回头客4万百亿补贴品牌优选,502,9年老店Bananain蕉内旗舰店,https://detail.tmall.com/item.htm?id=1026994980365&skuId=6035750772069,https://gw.alicdn.com/imgextra/O1CN01bduzeH1kXRsRFS5jV_!!2901274693-0-picasso.jpg,1
蕉下女士polo短袖塑身上衣收腰修身显瘦正肩春夏透气速干内搭t恤夏季薄款长袖¥299.00浙江温州包邮公益宝贝回头客5万蕉下紫竟专卖店,502,9年老店Bananain蕉内旗舰店,https://detail.tmall.com/item.htm?id=1036199035618&skuId=6239551978002,https://g-search3.alicdn.com/img/bao/uploaded/i4/i3/2212530119316/O1CN01Q7Q0Fe2IgmsZOjmGa_!!4611686018427380372-0-item_pic.jpg,1
蕉下0汗渍三防Polo衫男速干透气商务短袖凉感翻领上衣春夏内搭T恤商务风防水国内知名品牌¥439.00浙江温州包邮公益宝贝回头客2万蕉下君百轩专卖店,502,9年老店Bananain蕉内旗舰店,https://detail.tmall.com/item.htm?id=1026988576751&skuId=6239931859368,https://g-search3.alicdn.com/img/bao/uploaded/i4/i4/2892505207/O1CN01kKZ5Jz1oKrRImgKeO_!!4611686018427379831-0-item_pic.jpg,1
蕉下0汗渍三防Polo衫男速干透气商务短袖凉感翻领上衣春夏内搭T恤基础大众防水国内知名品牌¥439.00浙江温州包邮公益宝贝回头客5万蕉下紫竟专卖店,502,9年老店Bananain蕉内旗舰店,https://detail.tmall.com/item.htm?id=1026988572854&skuId=6075272221606,https://g-search2.alicdn.com/img/bao/uploaded/i4/i1/2212530119316/O1CN01NYOovD2IgmsE569yn_!!4611686018427380372-0-item_pic.jpg,1
蕉下女士polo短袖塑身上衣收腰修身显瘦正肩春夏透气速干内搭t恤2026年春季纯色短袖¥234.90江苏南京包邮回头客4万百亿补贴品牌优选,502,9年老店Bananain蕉内旗舰店,https://detail.tmall.com/item.htm?id=1048919232239&skuId=6075161865336,https://gw.alicdn.com/imgextra/O1CN012Dnxni2BF7elvawsS_!!2206901608308-0-picasso.jpg,1
蕉下女士polo短袖塑身上衣收腰修身显瘦正肩春夏透气速干内搭t恤短袖户外风修身型¥234.90江苏南京包邮回头客4万蕉下君家怡专卖店,502,9年老店Bananain蕉内旗舰店,https://detail.tmall.com/item.htm?id=1027170586241&skuId=6204388287434,https://g-search2.alicdn.com/img/bao/uploaded/i4/i1/2206901608308/O1CN01FkljjK2BF7ec63sUG_!!2206901608308.jpg,1
蕉内热皮302++男士中空纱半边绒翻领毛衣polo半开衫保暖上衣套头圆领长袖¥299.00浙江杭州已补45元退货宝包邮9年老店Bananain蕉内旗舰店,502,9年老店Bananain蕉内旗舰店,https://detail.tmall.com/item.htm?id=971061823463&skuId=5922697888237,https://g-search1.alicdn.com/img/bao/uploaded/i4/i3/3035493001/O1CN01LRirpN1Y2Vjpb6C1k_!!3035493001.jpg,1
蕉下女士polo短袖塑身上衣收腰修身显瘦正肩春夏透气速干内搭t恤2026年春季纯色短袖¥234.90江苏南京包邮回头客4万蕉下君家怡专卖店,502,9年老店Bananain蕉内旗舰店,https://detail.tmall.com/item.htm?id=1028085577296&skuId=6204389883459,https://g-search1.alicdn.com/img/bao/uploaded/i4/i1/2206901608308/O1CN01wAQtNi2BF7ec63wga_!!2206901608308.jpg,1
【搭配】蕉内凉皮505CoolAir男士速干裤防晒休闲裤降落伞长裤裤子长袖Bananain/蕉内锦纶¥359.00浙江杭州已补6元退货宝包邮9年老店Bananain蕉内旗舰店,502,9年老店Bananain蕉内旗舰店,https://detail.tmall.com/item.htm?id=1036769397414&skuId=6052303756789,https://g-search2.alicdn.com/img/bao/uploaded/i4/i4/3035493001/O1CN01SewHVF1Y2VjpWC8Zw_!!3035493001.jpg,1
美式翻领POLO运动背心女带胸垫户外网球上衣显瘦瑜伽文胸健身服短款修身通勤风¥69.90广东广州包邮回头客6千YOOSTORE,502,9年老店Bananain蕉内旗舰店,https://item.taobao.com/item.htm?id=928025446396&skuId=5977267162320,https://g-search1.alicdn.com/img/bao/uploaded/i4/i4/2211026395647/O1CN01ReFFF81raNdpcQKmC_!!2211026395647.jpg,1
蕉内凉皮505CoolAir男士速干裤机能防晒休闲裤降落伞长裤新款裤子防晒中腰休闲¥359.00浙江杭州已补6元退货宝包邮9年老店Bananain蕉内旗舰店,502,9年老店Bananain蕉内旗舰店,https://detail.tmall.com/item.htm?id=1020112569048&skuId=6195562527949,https://g-search3.alicdn.com/img/bao/uploaded/i4/i4/3035493001/O1CN01klrzau1Y2VjpytKVS_!!3035493001.jpg,1
蕉内凉皮502Cool男士速干短袖POLO衫凉感亲肤舒适透气吸湿排汗基础大众青年短袖¥259.00浙江杭州退货宝包邮9年老店Bananain蕉内旗舰店,502,9年老店Bananain蕉内旗舰店,https://detail.tmall.com/item.htm?id=766749660165&skuId=5270054113688,https://g-search1.alicdn.com/img/bao/uploaded/i4/i3/3035493001/O1CN01jovm221Y2VWHZZBka_!!0-item_pic.jpg,1
蕉内2026春夏凉皮501Cool女士美肤天丝莫代尔亨利领修身短袖春季短袖U型领¥119.00北京包邮蕉家正品 严选好物,502,9年老店Bananain蕉内旗舰店,https://item.taobao.com/item.htm?id=1039595953620&skuId=6057279316169,https://g-search3.alicdn.com/img/bao/uploaded/i4/i3/2221171136116/O1CN01z02bE41v3BTCEU8Fc_!!2221171136116.jpg,1
蕉内非常502Regular男士速干水洗棉短袖感亨利领休闲凉感T恤新款休闲风速干宽松型¥159.00浙江杭州退货宝包邮回头客6万Bananain蕉内奥莱店,502,9年老店Bananain蕉内旗舰店,https://item.taobao.com/item.htm?id=1016636099566&skuId=6191533090035,https://g-search3.alicdn.com/img/bao/uploaded/i4/i3/1054195167/O1CN01ZpXo5C1o2XcGBWS5c-1054195167.jpg,1
5.20小榴莲【跑单限购】时光蕉*三折双层伞0001内搭POLO领图腾¥39.90浙江杭州包邮刘延源头优选,502,9年老店Bananain蕉内旗舰店,https://item.taobao.com/item.htm?id=1051260503925&skuId=6089763929350,https://g-search2.alicdn.com/img/bao/uploaded/i4/i2/2215193635809/O1CN01MeCyoQ1smZt6HnHkm_!!2215193635809.png,1
